SourceRecordNumber,ReleaseId,Foundation URI,Linearization URI,Code,BlockId,TitleEN,Title,ClassKind,DepthInKind,IsResidual,ChapterNo,BrowserLink,isLeaf,Primary tabulation,Grouping1,Grouping2,Grouping3,Grouping4,Grouping5,CodingNote,Parent,Version:2026 Jan 17 - 05:30 UTC
2,2026-01,http://id.who.int/icd/entity/1435254666,http://id.who.int/icd/release/11/mms/1435254666,,,Certain infectious or parasitic diseases,Certaines maladies infectieuses ou parasitaires,chapter,1,False,01,"=hyperlink(""https://icd.who.int/browse/latestrelease/mms/en#1435254666"",""browser"")",False,,,,,,,,,
3,2026-01,http://id.who.int/icd/entity/588616678,http://id.who.int/icd/release/11/mms/588616678,,BlockL1-1A0,- Gastroenteritis or colitis of infectious origin,- Gastroentérite ou colite d'origine infectieuse,block,1,False,01,"=hyperlink(""https://icd.who.int/browse/latestrelease/mms/en#588616678"",""browser"")",False,,,,,,,,http://id.who.int/icd/entity/1435254666,
4,2026-01,http://id.who.int/icd/entity/135352227,http://id.who.int/icd/release/11/mms/135352227,,BlockL2-1A0,- - Bacterial intestinal infections,- - Infections intestinales bactériennes,block,2,False,01,"=hyperlink(""https://icd.who.int/browse/latestrelease/mms/en#135352227"",""browser"")",False,,BlockL1-1A0,,,,,,http://id.who.int/icd/entity/588616678,
5,2026-01,http://id.who.int/icd/entity/257068234,http://id.who.int/icd/release/11/mms/257068234,1A00,,- - - Cholera,- - - Choléra,category,1,False,01,"=hyperlink(""https://icd.who.int/browse/latestrelease/mms/en#257068234"",""browser"")",True,True,BlockL1-1A0,BlockL2-1A0,,,,,http://id.who.int/icd/entity/135352227,
6,2026-01,http://id.who.int/icd/entity/416025325,http://id.who.int/icd/release/11/mms/416025325,1A01,,- - - Intestinal infection due to other Vibrio,- - - Infection intestinale due à d’autres Vibrio,category,1,False,01,"=hyperlink(""https://icd.who.int/browse/latestrelease/mms/en#416025325"",""browser"")",True,True,BlockL1-1A0,BlockL2-1A0,,,,,http://id.who.int/icd/entity/135352227,
7,2026-01,http://id.who.int/icd/entity/2080365623,http://id.who.int/icd/release/11/mms/2080365623,1A02,,- - - Intestinal infections due to Shigella,- - - Infections intestinales dues à Shigella,category,1,False,01,"=hyperlink(""https://icd.who.int/browse/latestrelease/mms/en#2080365623"",""browser"")",True,True,BlockL1-1A0,BlockL2-1A0,,,,,http://id.who.int/icd/entity/135352227,
8,2026-01,http://id.who.int/icd/entity/344162786,http://id.who.int/icd/release/11/mms/344162786,1A03,,- - - Intestinal infections due to Escherichia coli,- - - Infections intestinales à Escherichia coli,category,1,False,01,"=hyperlink(""https://icd.who.int/browse/latestrelease/mms/en#344162786"",""browser"")",False,True,BlockL1-1A0,BlockL2-1A0,,,,,http://id.who.int/icd/entity/135352227,
9,2026-01,http://id.who.int/icd/entity/2099226249,http://id.who.int/icd/release/11/mms/2099226249,1A03.0,,- - - - Enteropathogenic Escherichia coli infection,- - - - Infection à Escherichia coli entéropathogène,category,2,False,01,"=hyperlink(""https://icd.who.int/browse/latestrelease/mms/en#2099226249"",""browser"")",True,True,BlockL1-1A0,BlockL2-1A0,,,,,http://id.who.int/icd/entity/344162786,
10,2026-01,http://id.who.int/icd/entity/408185629,http://id.who.int/icd/release/11/mms/408185629,1A03.1,,- - - - Enterotoxigenic Escherichia coli infection,- - - - Infection à Escherichia coli entérotoxinogène,category,2,False,01,"=hyperlink(""https://icd.who.int/browse/latestrelease/mms/en#408185629"",""browser"")",True,True,BlockL1-1A0,BlockL2-1A0,,,,,http://id.who.int/icd/entity/344162786,
11,2026-01,http://id.who.int/icd/entity/1828273122,http://id.who.int/icd/release/11/mms/1828273122,1A03.2,,- - - - Enteroinvasive Escherichia coli infection,- - - - Infection à Escherichia coli entéro-invasive,category,2,False,01,"=hyperlink(""https://icd.who.int/browse/latestrelease/mms/en#1828273122"",""browser"")",True,True,BlockL1-1A0,BlockL2-1A0,,,,,http://id.who.int/icd/entity/344162786,
12,2026-01,http://id.who.int/icd/entity/162723448,http://id.who.int/icd/release/11/mms/162723448,1A03.3,,- - - - Enterohaemorrhagic Escherichia coli infection,- - - - Infection à Escherichia coli entérohémorragique,category,2,False,01,"=hyperlink(""https://icd.who.int/browse/latestrelease/mms/en#162723448"",""browser"")",True,True,BlockL1-1A0,BlockL2-1A0,,,,,http://id.who.int/icd/entity/344162786,
13,2026-01,,http://id.who.int/icd/release/11/mms/344162786/other,1A03.Y,,- - - - Intestinal infections due to other specified Escherichia coli,- - - - Infections intestinales dues à d'autres Escherichia Coli précisés,category,2,True,01,"=hyperlink(""https://icd.who.int/browse/latestrelease/mms/en#344162786/mms/other"",""browser"")",True,True,BlockL1-1A0,BlockL2-1A0,,,,,http://id.who.int/icd/entity/344162786,
14,2026-01,,http://id.who.int/icd/release/11/mms/344162786/unspecified,1A03.Z,,"- - - - Intestinal infections due to Escherichia coli, unspecified","- - - - Infections intestinales à Escherichia coli, sans précision",category,2,True,01,"=hyperlink(""https://icd.who.int/browse/latestrelease/mms/en#344162786/mms/unspecified"",""browser"")",True,True,BlockL1-1A0,BlockL2-1A0,,,,,http://id.who.int/icd/entity/344162786,
15,2026-01,http://id.who.int/icd/entity/250688797,http://id.who.int/icd/release/11/mms/250688797,1A04,,- - - Intestinal infections due to Clostridioides difficile,- - - Infections intestinales dues à Clostridioides difficile,category,1,False,01,"=hyperlink(""https://icd.who.int/browse/latestrelease/mms/en#250688797"",""browser"")",True,True,BlockL1-1A0,BlockL2-1A0,,,,,http://id.who.int/icd/entity/135352227,
16,2026-01,http://id.who.int/icd/entity/1000894786,http://id.who.int/icd/release/11/mms/1000894786,1A05,,- - - Intestinal infections due to Yersinia enterocolitica,- - - Infections intestinales dues à Yersinia enterocolitica,category,1,False,01,"=hyperlink(""https://icd.who.int/browse/latestrelease/mms/en#1000894786"",""browser"")",True,True,BlockL1-1A0,BlockL2-1A0,,,,,http://id.who.int/icd/entity/135352227,
17,2026-01,http://id.who.int/icd/entity/794462570,http://id.who.int/icd/release/11/mms/794462570,1A06,,- - - Gastroenteritis due to Campylobacter,- - - Gastroentérite due à Campylobacter,category,1,False,01,"=hyperlink(""https://icd.who.int/browse/latestrelease/mms/en#794462570"",""browser"")",True,True,BlockL1-1A0,BlockL2-1A0,,,,,http://id.who.int/icd/entity/135352227,
18,2026-01,http://id.who.int/icd/entity/1528414070,http://id.who.int/icd/release/11/mms/1528414070,1A07,,- - - Typhoid fever,- - - Fièvre typhoïde,category,1,False,01,"=hyperlink(""https://icd.who.int/browse/latestrelease/mms/en#1528414070"",""browser"")",False,True,BlockL1-1A0,BlockL2-1A0,,,,,http://id.who.int/icd/entity/135352227,
19,2026-01,http://id.who.int/icd/entity/364534567,http://id.who.int/icd/release/11/mms/364534567,1A07.0,,- - - - Typhoid peritonitis,- - - - Péritonite typhoïde,category,2,False,01,"=hyperlink(""https://icd.who.int/browse/latestrelease/mms/en#364534567"",""browser"")",True,True,BlockL1-1A0,BlockL2-1A0,,,,,http://id.who.int/icd/entity/1528414070,
20,2026-01,,http://id.who.int/icd/release/11/mms/1528414070/other,1A07.Y,,- - - - Other specified typhoid fever,- - - - Autre fièvre typhoïde précisée,category,2,True,01,"=hyperlink(""https://icd.who.int/browse/latestrelease/mms/en#1528414070/mms/other"",""browser"")",True,True,BlockL1-1A0,BlockL2-1A0,,,,,http://id.who.int/icd/entity/1528414070,
21,2026-01,,http://id.who.int/icd/release/11/mms/1528414070/unspecified,1A07.Z,,"- - - - Typhoid fever, unspecified","- - - - Fièvre typhoïde, sans précision",category,2,True,01,"=hyperlink(""https://icd.who.int/browse/latestrelease/mms/en#1528414070/mms/unspecified"",""browser"")",True,True,BlockL1-1A0,BlockL2-1A0,,,,,http://id.who.int/icd/entity/1528414070,
22,2026-01,http://id.who.int/icd/entity/1780040028,http://id.who.int/icd/release/11/mms/1780040028,1A08,,- - - Paratyphoid fever,- - - Fièvre paratyphoïde,category,1,False,01,"=hyperlink(""https://icd.who.int/browse/latestrelease/mms/en#1780040028"",""browser"")",True,True,BlockL1-1A0,BlockL2-1A0,,,,,http://id.who.int/icd/entity/135352227,
23,2026-01,http://id.who.int/icd/entity/515117475,http://id.who.int/icd/release/11/mms/515117475,1A09,,- - - Infections due to other Salmonella,- - - Infections dues à d'autres Salmonella,category,1,False,01,"=hyperlink(""https://icd.who.int/browse/latestrelease/mms/en#515117475"",""browser"")",False,True,BlockL1-1A0,BlockL2-1A0,,,,Infection ou intoxication alimentaire due à toute espèce de Salmonella autre que S. typhi et S. paratyphi,http://id.who.int/icd/entity/135352227,
24,2026-01,http://id.who.int/icd/entity/1520312138,http://id.who.int/icd/release/11/mms/1520312138,1A09.0,,- - - - Salmonella enteritis,- - - - Entérite à Salmonella,category,2,False,01,"=hyperlink(""https://icd.who.int/browse/latestrelease/mms/en#1520312138"",""browser"")",True,True,BlockL1-1A0,BlockL2-1A0,,,,,http://id.who.int/icd/entity/515117475,
25,2026-01,,http://id.who.int/icd/release/11/mms/515117475/other,1A09.Y,,- - - - Infections due to other Salmonella in other organs,- - - - Infections dues à d'autres Salmonella dans d'autres organes,category,2,True,01,"=hyperlink(""https://icd.who.int/browse/latestrelease/mms/en#515117475/mms/other"",""browser"")",True,True,BlockL1-1A0,BlockL2-1A0,,,,,http://id.who.int/icd/entity/515117475,
26,2026-01,,http://id.who.int/icd/release/11/mms/515117475/unspecified,1A09.Z,,"- - - - Salmonella infection, unspecified","- - - - Infection à Salmonella, sans précision",category,2,True,01,"=hyperlink(""https://icd.who.int/browse/latestrelease/mms/en#515117475/mms/unspecified"",""browser"")",True,True,BlockL1-1A0,BlockL2-1A0,,,,,http://id.who.int/icd/entity/515117475,
27,2026-01,,http://id.who.int/icd/release/11/mms/135352227/other,1A0Y,,- - - Other specified bacterial intestinal infections,- - - Autres infections intestinales bactériennes,category,1,True,01,"=hyperlink(""https://icd.who.int/browse/latestrelease/mms/en#135352227/mms/other"",""browser"")",True,True,BlockL1-1A0,BlockL2-1A0,,,,,http://id.who.int/icd/entity/135352227,
28,2026-01,,http://id.who.int/icd/release/11/mms/135352227/unspecified,1A0Z,,"- - - Bacterial intestinal infections, unspecified","- - - Infections intestinales bactériennes, sans précision",category,1,True,01,"=hyperlink(""https://icd.who.int/browse/latestrelease/mms/en#135352227/mms/unspecified"",""browser"")",True,True,BlockL1-1A0,BlockL2-1A0,,,,,http://id.who.int/icd/entity/135352227,
29,2026-01,http://id.who.int/icd/entity/1834648119,http://id.who.int/icd/release/11/mms/1834648119,,BlockL2-1A1,- - Bacterial foodborne intoxications,- - Intoxications alimentaires d'origine bactérienne,block,2,False,01,"=hyperlink(""https://icd.who.int/browse/latestrelease/mms/en#1834648119"",""browser"")",False,,BlockL1-1A0,,,,,,http://id.who.int/icd/entity/588616678,
30,2026-01,http://id.who.int/icd/entity/1642556936,http://id.who.int/icd/release/11/mms/1642556936,1A10,,- - - Foodborne staphylococcal intoxication,- - - Intoxication alimentaire à staphylocoques,category,1,False,01,"=hyperlink(""https://icd.who.int/browse/latestrelease/mms/en#1642556936"",""browser"")",True,True,BlockL1-1A0,BlockL2-1A1,,,,,http://id.who.int/icd/entity/1834648119,
31,2026-01,http://id.who.int/icd/entity/78422942,http://id.who.int/icd/release/11/mms/78422942,1A11,,- - - Botulism,- - - Botulisme,category,1,False,01,"=hyperlink(""https://icd.who.int/browse/latestrelease/mms/en#78422942"",""browser"")",False,True,BlockL1-1A0,BlockL2-1A1,,,,,http://id.who.int/icd/entity/1834648119,
32,2026-01,http://id.who.int/icd/entity/2033726602,http://id.who.int/icd/release/11/mms/2033726602,1A11.0,,- - - - Foodborne intoxication by botulinum toxin,- - - - Intoxication alimentaire par la toxine botulique,category,2,False,01,"=hyperlink(""https://icd.who.int/browse/latestrelease/mms/en#2033726602"",""browser"")",True,True,BlockL1-1A0,BlockL2-1A1,,,,,http://id.who.int/icd/entity/78422942,
33,2026-01,http://id.who.int/icd/entity/1393712712,http://id.who.int/icd/release/11/mms/1393712712,1A11.1,,- - - - Other forms of botulism,- - - - Autres formes de botulisme,category,2,False,01,"=hyperlink(""https://icd.who.int/browse/latestrelease/mms/en#1393712712"",""browser"")",True,True,BlockL1-1A0,BlockL2-1A1,,,,,http://id.who.int/icd/entity/78422942,
34,2026-01,,http://id.who.int/icd/release/11/mms/78422942/unspecified,1A11.Z,,"- - - - Botulism, unspecified","- - - - Botulisme, sans précision",category,2,True,01,"=hyperlink(""https://icd.who.int/browse/latestrelease/mms/en#78422942/mms/unspecified"",""browser"")",True,True,BlockL1-1A0,BlockL2-1A1,,,,,http://id.who.int/icd/entity/78422942,
35,2026-01,http://id.who.int/icd/entity/1879176035,http://id.who.int/icd/release/11/mms/1879176035,1A12,,- - - Foodborne Clostridium perfringens intoxication,- - - Intoxication alimentaire à Clostridium perfringens,category,1,False,01,"=hyperlink(""https://icd.who.int/browse/latestrelease/mms/en#1879176035"",""browser"")",True,True,BlockL1-1A0,BlockL2-1A1,,,,,http://id.who.int/icd/entity/1834648119,
36,2026-01,http://id.who.int/icd/entity/1722068323,http://id.who.int/icd/release/11/mms/1722068323,1A13,,- - - Foodborne Bacillus cereus intoxication,- - - Intoxication alimentaire à Bacillus cereus,category,1,False,01,"=hyperlink(""https://icd.who.int/browse/latestrelease/mms/en#1722068323"",""browser"")",True,True,BlockL1-1A0,BlockL2-1A1,,,,,http://id.who.int/icd/entity/1834648119,
37,2026-01,,http://id.who.int/icd/release/11/mms/1834648119/other,1A1Y,,- - - Other specified bacterial foodborne intoxications,- - - Autres intoxications alimentaires d'origine bactérienne,category,1,True,01,"=hyperlink(""https://icd.who.int/browse/latestrelease/mms/en#1834648119/mms/other"",""browser"")",True,True,BlockL1-1A0,BlockL2-1A1,,,,,http://id.who.int/icd/entity/1834648119,
38,2026-01,,http://id.who.int/icd/release/11/mms/1834648119/unspecified,1A1Z,,"- - - Bacterial foodborne intoxications, unspecified","- - - Intoxications alimentaires d'origine bactérienne, sans précision",category,1,True,01,"=hyperlink(""https://icd.who.int/browse/latestrelease/mms/en#1834648119/mms/unspecified"",""browser"")",True,True,BlockL1-1A0,BlockL2-1A1,,,,,http://id.who.int/icd/entity/1834648119,
39,2026-01,http://id.who.int/icd/entity/30738976,http://id.who.int/icd/release/11/mms/30738976,,BlockL2-1A2,- - Viral intestinal infections,- - Infections intestinales virales,block,2,False,01,"=hyperlink(""https://icd.who.int/browse/latestrelease/mms/en#30738976"",""browser"")",False,,BlockL1-1A0,,,,,,http://id.who.int/icd/entity/588616678,
40,2026-01,http://id.who.int/icd/entity/749414717,http://id.who.int/icd/release/11/mms/749414717,1A20,,- - - Enteritis due to Adenovirus,- - - Entérite due à Adenovirus,category,1,False,01,"=hyperlink(""https://icd.who.int/browse/latestrelease/mms/en#749414717"",""browser"")",True,True,BlockL1-1A0,BlockL2-1A2,,,,,http://id.who.int/icd/entity/30738976,
41,2026-01,http://id.who.int/icd/entity/1185210745,http://id.who.int/icd/release/11/mms/1185210745,1A21,,- - - Gastroenteritis due to Astrovirus,- - - Gastroentérite due à Astrovirus,category,1,False,01,"=hyperlink(""https://icd.who.int/browse/latestrelease/mms/en#1185210745"",""browser"")",True,True,BlockL1-1A0,BlockL2-1A2,,,,,http://id.who.int/icd/entity/30738976,
42,2026-01,http://id.who.int/icd/entity/840750347,http://id.who.int/icd/release/11/mms/840750347,1A22,,- - - Gastroenteritis due to Rotavirus,- - - Gastroentérite à Rotavirus,category,1,False,01,"=hyperlink(""https://icd.who.int/browse/latestrelease/mms/en#840750347"",""browser"")",True,True,BlockL1-1A0,BlockL2-1A2,,,,,http://id.who.int/icd/entity/30738976,
43,2026-01,http://id.who.int/icd/entity/1465325727,http://id.who.int/icd/release/11/mms/1465325727,1A23,,- - - Enteritis due to Norovirus,- - - Entérite à Norovirus,category,1,False,01,"=hyperlink(""https://icd.who.int/browse/latestrelease/mms/en#1465325727"",""browser"")",True,True,BlockL1-1A0,BlockL2-1A2,,,,,http://id.who.int/icd/entity/30738976,
44,2026-01,http://id.who.int/icd/entity/1519125035,http://id.who.int/icd/release/11/mms/1519125035,1A24,,- - - Intestinal infections due to Cytomegalovirus,- - - Infections intestinales dues à Cytomégalovirus,category,1,False,01,"=hyperlink(""https://icd.who.int/browse/latestrelease/mms/en#1519125035"",""browser"")",True,True,BlockL1-1A0,BlockL2-1A2,,,,,http://id.who.int/icd/entity/30738976,
45,2026-01,,http://id.who.int/icd/release/11/mms/30738976/other,1A2Y,,- - - Other specified viral intestinal infections,- - - Autres infections intestinales virales,category,1,True,01,"=hyperlink(""https://icd.who.int/browse/latestrelease/mms/en#30738976/mms/other"",""browser"")",True,True,BlockL1-1A0,BlockL2-1A2,,,,,http://id.who.int/icd/entity/30738976,
46,2026-01,,http://id.who.int/icd/release/11/mms/30738976/unspecified,1A2Z,,"- - - Viral intestinal infections, unspecified","- - - Infections intestinales virales, sans précision",category,1,True,01,"=hyperlink(""https://icd.who.int/browse/latestrelease/mms/en#30738976/mms/unspecified"",""browser"")",True,True,BlockL1-1A0,BlockL2-1A2,,,,,http://id.who.int/icd/entity/30738976,
47,2026-01,http://id.who.int/icd/entity/2092703582,http://id.who.int/icd/release/11/mms/2092703582,,BlockL2-1A3,- - Protozoal intestinal infections,- - Infections intestinales à protozoaires,block,2,False,01,"=hyperlink(""https://icd.who.int/browse/latestrelease/mms/en#2092703582"",""browser"")",False,,BlockL1-1A0,,,,,,http://id.who.int/icd/entity/588616678,
48,2026-01,http://id.who.int/icd/entity/2090337975,http://id.who.int/icd/release/11/mms/2090337975,1A30,,- - - Infections due to Balantidium coli,- - - Infections dues à Balantidium coli,category,1,False,01,"=hyperlink(""https://icd.who.int/browse/latestrelease/mms/en#2090337975"",""browser"")",True,True,BlockL1-1A0,BlockL2-1A3,,,,,http://id.who.int/icd/entity/2092703582,
49,2026-01,http://id.who.int/icd/entity/433310499,http://id.who.int/icd/release/11/mms/433310499,1A31,,- - - Giardiasis,- - - Giardiase,category,1,False,01,"=hyperlink(""https://icd.who.int/browse/latestrelease/mms/en#433310499"",""browser"")",True,True,BlockL1-1A0,BlockL2-1A3,,,,,http://id.who.int/icd/entity/2092703582,
50,2026-01,http://id.who.int/icd/entity/1837013982,http://id.who.int/icd/release/11/mms/1837013982,1A32,,- - - Cryptosporidiosis,- - - Cryptosporidiose,category,1,False,01,"=hyperlink(""https://icd.who.int/browse/latestrelease/mms/en#1837013982"",""browser"")",True,True,BlockL1-1A0,BlockL2-1A3,,,,,http://id.who.int/icd/entity/2092703582,
51,2026-01,http://id.who.int/icd/entity/137713224,http://id.who.int/icd/release/11/mms/137713224,1A33,,- - - Cystoisosporiasis,- - - Cystoisosporose,category,1,False,01,"=hyperlink(""https://icd.who.int/browse/latestrelease/mms/en#137713224"",""browser"")",False,True,BlockL1-1A0,BlockL2-1A3,,,,,http://id.who.int/icd/entity/2092703582,
52,2026-01,http://id.who.int/icd/entity/1058992628,http://id.who.int/icd/release/11/mms/1058992628,1A33.0,,- - - - Cystoisosporiasis of small intestine,- - - - Infection à Isospora de l'intestin grêle,category,2,False,01,"=hyperlink(""https://icd.who.int/browse/latestrelease/mms/en#1058992628"",""browser"")",True,True,BlockL1-1A0,BlockL2-1A3,,,,,http://id.who.int/icd/entity/137713224,
53,2026-01,http://id.who.int/icd/entity/883510242,http://id.who.int/icd/release/11/mms/883510242,1A33.1,,- - - - Cystoisosporiasis of colon,- - - - Infection à Isospora du côlon,category,2,False,01,"=hyperlink(""https://icd.who.int/browse/latestrelease/mms/en#883510242"",""browser"")",True,True,BlockL1-1A0,BlockL2-1A3,,,,,http://id.who.int/icd/entity/137713224,
54,2026-01,,http://id.who.int/icd/release/11/mms/137713224/other,1A33.Y,,- - - - Other specified cystoisosporiasis,- - - - Autres cystoisosporoses,category,2,True,01,"=hyperlink(""https://icd.who.int/browse/latestrelease/mms/en#137713224/mms/other"",""browser"")",True,True,BlockL1-1A0,BlockL2-1A3,,,,,http://id.who.int/icd/entity/137713224,
55,2026-01,,http://id.who.int/icd/release/11/mms/137713224/unspecified,1A33.Z,,"- - - - Cystoisosporiasis, unspecified","- - - - Cystoisosporose, sans précision",category,2,True,01,"=hyperlink(""https://icd.who.int/browse/latestrelease/mms/en#137713224/mms/unspecified"",""browser"")",True,True,BlockL1-1A0,BlockL2-1A3,,,,,http://id.who.int/icd/entity/137713224,
56,2026-01,http://id.who.int/icd/entity/261748740,http://id.who.int/icd/release/11/mms/261748740,1A34,,- - - Sarcocystosis,- - - Sarcocystose,category,1,False,01,"=hyperlink(""https://icd.who.int/browse/latestrelease/mms/en#261748740"",""browser"")",True,True,BlockL1-1A0,BlockL2-1A3,,,,,http://id.who.int/icd/entity/2092703582,
57,2026-01,http://id.who.int/icd/entity/1184241320,http://id.who.int/icd/release/11/mms/1184241320,1A35,,- - - Blastocystosis,- - - Blastocystose,category,1,False,01,"=hyperlink(""https://icd.who.int/browse/latestrelease/mms/en#1184241320"",""browser"")",True,True,BlockL1-1A0,BlockL2-1A3,,,,,http://id.who.int/icd/entity/2092703582,
58,2026-01,http://id.who.int/icd/entity/435671752,http://id.who.int/icd/release/11/mms/435671752,1A36,,- - - Amoebiasis,- - - Amibiase,category,1,False,01,"=hyperlink(""https://icd.who.int/browse/latestrelease/mms/en#435671752"",""browser"")",False,True,BlockL1-1A0,BlockL2-1A3,,,,,http://id.who.int/icd/entity/2092703582,
59,2026-01,http://id.who.int/icd/entity/1727029934,http://id.who.int/icd/release/11/mms/1727029934,1A36.0,,- - - - Intestinal infections due to Entamoeba,- - - - Infections intestinales à Entamoeba,category,2,False,01,"=hyperlink(""https://icd.who.int/browse/latestrelease/mms/en#1727029934"",""browser"")",False,True,BlockL1-1A0,BlockL2-1A3,,,,,http://id.who.int/icd/entity/435671752,
60,2026-01,http://id.who.int/icd/entity/1616956984,http://id.who.int/icd/release/11/mms/1616956984,1A36.00,,- - - - - Acute amoebiasis,- - - - - Amibiase aigüe,category,3,False,01,"=hyperlink(""https://icd.who.int/browse/latestrelease/mms/en#1616956984"",""browser"")",True,True,BlockL1-1A0,BlockL2-1A3,,,,,http://id.who.int/icd/entity/1727029934,
61,2026-01,http://id.who.int/icd/entity/349019849,http://id.who.int/icd/release/11/mms/349019849,1A36.01,,- - - - - Amoeboma of intestine,- - - - - Amoebome de l'intestin,category,3,False,01,"=hyperlink(""https://icd.who.int/browse/latestrelease/mms/en#349019849"",""browser"")",True,True,BlockL1-1A0,BlockL2-1A3,,,,,http://id.who.int/icd/entity/1727029934,
62,2026-01,,http://id.who.int/icd/release/11/mms/1727029934/other,1A36.0Y,,- - - - - Other specified intestinal infections due to Entamoeba,- - - - - Autres infections intestinales à Entamoeba,category,3,True,01,"=hyperlink(""https://icd.who.int/browse/latestrelease/mms/en#1727029934/mms/other"",""browser"")",True,True,BlockL1-1A0,BlockL2-1A3,,,,,http://id.who.int/icd/entity/1727029934,
63,2026-01,,http://id.who.int/icd/release/11/mms/1727029934/unspecified,1A36.0Z,,"- - - - - Intestinal infections due to Entamoeba, unspecified","- - - - - Infections intestinales à Entamoeba, sans précision",category,3,True,01,"=hyperlink(""https://icd.who.int/browse/latestrelease/mms/en#1727029934/mms/unspecified"",""browser"")",True,True,BlockL1-1A0,BlockL2-1A3,,,,,http://id.who.int/icd/entity/1727029934,
64,2026-01,http://id.who.int/icd/entity/1777228366,http://id.who.int/icd/release/11/mms/1777228366,1A36.1,,- - - - Extraintestinal infections due to Entamoeba,- - - - Infections extra-intestinales dues à Entamoeba,category,2,False,01,"=hyperlink(""https://icd.who.int/browse/latestrelease/mms/en#1777228366"",""browser"")",False,True,BlockL1-1A0,BlockL2-1A3,,,,,http://id.who.int/icd/entity/435671752,
65,2026-01,http://id.who.int/icd/entity/1730350429,http://id.who.int/icd/release/11/mms/1730350429,1A36.10,,- - - - - Amoebic liver abscess,- - - - - Abcès amibien du foie,category,3,False,01,"=hyperlink(""https://icd.who.int/browse/latestrelease/mms/en#1730350429"",""browser"")",True,True,BlockL1-1A0,BlockL2-1A3,,,,,http://id.who.int/icd/entity/1777228366,
66,2026-01,http://id.who.int/icd/entity/40419529,http://id.who.int/icd/release/11/mms/40419529,1A36.11,,- - - - - Amoebic lung abscess,- - - - - Abcès amibien du poumon,category,3,False,01,"=hyperlink(""https://icd.who.int/browse/latestrelease/mms/en#40419529"",""browser"")",True,True,BlockL1-1A0,BlockL2-1A3,,,,,http://id.who.int/icd/entity/1777228366,
67,2026-01,http://id.who.int/icd/entity/328097188,http://id.who.int/icd/release/11/mms/328097188,1A36.12,,- - - - - Cutaneous amoebiasis,- - - - - Amibiase cutanée,category,3,False,01,"=hyperlink(""https://icd.who.int/browse/latestrelease/mms/en#328097188"",""browser"")",True,True,BlockL1-1A0,BlockL2-1A3,,,,,http://id.who.int/icd/entity/1777228366,
68,2026-01,,http://id.who.int/icd/release/11/mms/1777228366/other,1A36.1Y,,- - - - - Amoebiasis of other specified sites,- - - - - Amibiase d'autres localisations précisés,category,3,True,01,"=hyperlink(""https://icd.who.int/browse/latestrelease/mms/en#1777228366/mms/other"",""browser"")",True,True,BlockL1-1A0,BlockL2-1A3,,,,,http://id.who.int/icd/entity/1777228366,
69,2026-01,,http://id.who.int/icd/release/11/mms/435671752/unspecified,1A36.Z,,"- - - - Amoebiasis, unspecified","- - - - Amibiase, sans précision",category,2,True,01,"=hyperlink(""https://icd.who.int/browse/latestrelease/mms/en#435671752/mms/unspecified"",""browser"")",True,True,BlockL1-1A0,BlockL2-1A3,,,,,http://id.who.int/icd/entity/435671752,
70,2026-01,,http://id.who.int/icd/release/11/mms/2092703582/other,1A3Y,,- - - Other specified protozoal intestinal infections,- - - Autres infections intestinales à protozoaires,category,1,True,01,"=hyperlink(""https://icd.who.int/browse/latestrelease/mms/en#2092703582/mms/other"",""browser"")",True,True,BlockL1-1A0,BlockL2-1A3,,,,,http://id.who.int/icd/entity/2092703582,
71,2026-01,,http://id.who.int/icd/release/11/mms/2092703582/unspecified,1A3Z,,"- - - Protozoal intestinal infections, unspecified","- - - Infections intestinales à protozoaires, sans précision",category,1,True,01,"=hyperlink(""https://icd.who.int/browse/latestrelease/mms/en#2092703582/mms/unspecified"",""browser"")",True,True,BlockL1-1A0,BlockL2-1A3,,,,,http://id.who.int/icd/entity/2092703582,
72,2026-01,http://id.who.int/icd/entity/1688127370,http://id.who.int/icd/release/11/mms/1688127370,1A40,,- - Gastroenteritis or colitis without specification of infectious agent,- - Gastroentérite ou colite sans identification d'agent infectieux,category,1,False,01,"=hyperlink(""https://icd.who.int/browse/latestrelease/mms/en#1688127370"",""browser"")",False,True,BlockL1-1A0,,,,,,http://id.who.int/icd/entity/588616678,
73,2026-01,http://id.who.int/icd/entity/1160271562,http://id.who.int/icd/release/11/mms/1160271562,1A40.0,,- - - Gastroenteritis or colitis without specification of origin,- - - Gastroentérite ou colite sans origine précisée,category,2,False,01,"=hyperlink(""https://icd.who.int/browse/latestrelease/mms/en#1160271562"",""browser"")",True,True,BlockL1-1A0,,,,,,http://id.who.int/icd/entity/1688127370,
74,2026-01,,http://id.who.int/icd/release/11/mms/1688127370/unspecified,1A40.Z,,- - - Infectious gastroenteritis or colitis without specification of infectious agent,- - - Gastroentérites ou colites infectieuses sans identification d'agent infectieux,category,2,True,01,"=hyperlink(""https://icd.who.int/browse/latestrelease/mms/en#1688127370/mms/unspecified"",""browser"")",True,True,BlockL1-1A0,,,,,,http://id.who.int/icd/entity/1688127370,
75,2026-01,http://id.who.int/icd/entity/1904876434,http://id.who.int/icd/release/11/mms/1904876434,,BlockL1-1A6,- Predominantly sexually transmitted infections,- MST - [maladie sexuellement transmissible],block,1,False,01,"=hyperlink(""https://icd.who.int/browse/latestrelease/mms/en#1904876434"",""browser"")",False,,,,,,,,http://id.who.int/icd/entity/1435254666,
76,2026-01,http://id.who.int/icd/entity/455894495,http://id.who.int/icd/release/11/mms/455894495,,BlockL2-1A6,- - Syphilis,- - Syphilis,block,2,False,01,"=hyperlink(""https://icd.who.int/browse/latestrelease/mms/en#455894495"",""browser"")",False,,BlockL1-1A6,,,,,,http://id.who.int/icd/entity/1904876434,
77,2026-01,http://id.who.int/icd/entity/587996426,http://id.who.int/icd/release/11/mms/587996426,1A60,,- - - Congenital syphilis,- - - Syphilis congénitale,category,1,False,01,"=hyperlink(""https://icd.who.int/browse/latestrelease/mms/en#587996426"",""browser"")",False,True,BlockL1-1A6,BlockL2-1A6,,,,,http://id.who.int/icd/entity/455894495,
78,2026-01,http://id.who.int/icd/entity/395565060,http://id.who.int/icd/release/11/mms/395565060,1A60.0,,"- - - - Early congenital syphilis, symptomatic","- - - - Syphilis congénitale précoce, symptomatique",category,2,False,01,"=hyperlink(""https://icd.who.int/browse/latestrelease/mms/en#395565060"",""browser"")",True,True,BlockL1-1A6,BlockL2-1A6,,,,,http://id.who.int/icd/entity/587996426,
79,2026-01,http://id.who.int/icd/entity/1926763926,http://id.who.int/icd/release/11/mms/1926763926,1A60.1,,"- - - - Early congenital syphilis, latent","- - - - Syphilis congénitale précoce, latente",category,2,False,01,"=hyperlink(""https://icd.who.int/browse/latestrelease/mms/en#1926763926"",""browser"")",True,True,BlockL1-1A6,BlockL2-1A6,,,,,http://id.who.int/icd/entity/587996426,
80,2026-01,http://id.who.int/icd/entity/1665042685,http://id.who.int/icd/release/11/mms/1665042685,1A60.2,,- - - - Late congenital syphilitic oculopathy,- - - - Oculopathie syphilitique congénitale tardive,category,2,False,01,"=hyperlink(""https://icd.who.int/browse/latestrelease/mms/en#1665042685"",""browser"")",True,True,BlockL1-1A6,BlockL2-1A6,,,,,http://id.who.int/icd/entity/587996426,
81,2026-01,http://id.who.int/icd/entity/282073961,http://id.who.int/icd/release/11/mms/282073961,1A60.3,,- - - - Late congenital neurosyphilis,- - - - Neurosyphilis congénitale tardive,category,2,False,01,"=hyperlink(""https://icd.who.int/browse/latestrelease/mms/en#282073961"",""browser"")",True,True,BlockL1-1A6,BlockL2-1A6,,,,,http://id.who.int/icd/entity/587996426,
82,2026-01,http://id.who.int/icd/entity/2132718683,http://id.who.int/icd/release/11/mms/2132718683,1A60.4,,"- - - - Other late congenital syphilis, symptomatic","- - - - Autres formes tardives de syphilis congénitale, symptomatique",category,2,False,01,"=hyperlink(""https://icd.who.int/browse/latestrelease/mms/en#2132718683"",""browser"")",True,True,BlockL1-1A6,BlockL2-1A6,,,,,http://id.who.int/icd/entity/587996426,
83,2026-01,http://id.who.int/icd/entity/20350466,http://id.who.int/icd/release/11/mms/20350466,1A60.5,,"- - - - Late congenital syphilis, latent","- - - - Syphilis congénitale tardive, latente",category,2,False,01,"=hyperlink(""https://icd.who.int/browse/latestrelease/mms/en#20350466"",""browser"")",True,True,BlockL1-1A6,BlockL2-1A6,,,,,http://id.who.int/icd/entity/587996426,
84,2026-01,,http://id.who.int/icd/release/11/mms/587996426/unspecified,1A60.Z,,"- - - - Congenital syphilis, unspecified","- - - - Syphilis congénitale, sans précision",category,2,True,01,"=hyperlink(""https://icd.who.int/browse/latestrelease/mms/en#587996426/mms/unspecified"",""browser"")",True,True,BlockL1-1A6,BlockL2-1A6,,,,,http://id.who.int/icd/entity/587996426,
85,2026-01,http://id.who.int/icd/entity/1179111584,http://id.who.int/icd/release/11/mms/1179111584,1A61,,- - - Early syphilis,- - - Syphilis précoce,category,1,False,01,"=hyperlink(""https://icd.who.int/browse/latestrelease/mms/en#1179111584"",""browser"")",False,True,BlockL1-1A6,BlockL2-1A6,,,,,http://id.who.int/icd/entity/455894495,
86,2026-01,http://id.who.int/icd/entity/191565955,http://id.who.int/icd/release/11/mms/191565955,1A61.0,,- - - - Primary genital syphilis,- - - - Syphilis génitale primaire,category,2,False,01,"=hyperlink(""https://icd.who.int/browse/latestrelease/mms/en#191565955"",""browser"")",True,True,BlockL1-1A6,BlockL2-1A6,,,,,http://id.who.int/icd/entity/1179111584,
87,2026-01,http://id.who.int/icd/entity/1847647511,http://id.who.int/icd/release/11/mms/1847647511,1A61.1,,- - - - Primary anal syphilis,- - - - Syphilis anale primaire,category,2,False,01,"=hyperlink(""https://icd.who.int/browse/latestrelease/mms/en#1847647511"",""browser"")",True,True,BlockL1-1A6,BlockL2-1A6,,,,,http://id.who.int/icd/entity/1179111584,
88,2026-01,http://id.who.int/icd/entity/445484522,http://id.who.int/icd/release/11/mms/445484522,1A61.2,,- - - - Primary syphilis of other sites,- - - - Syphilis primaire d'autres localisations,category,2,False,01,"=hyperlink(""https://icd.who.int/browse/latestrelease/mms/en#445484522"",""browser"")",True,True,BlockL1-1A6,BlockL2-1A6,,,,,http://id.who.int/icd/entity/1179111584,
89,2026-01,http://id.who.int/icd/entity/2143699068,http://id.who.int/icd/release/11/mms/2143699068,1A61.3,,- - - - Secondary syphilis of skin or mucous membranes,- - - - Syphilis secondaire de la peau ou des muqueuses,category,2,False,01,"=hyperlink(""https://icd.who.int/browse/latestrelease/mms/en#2143699068"",""browser"")",True,True,BlockL1-1A6,BlockL2-1A6,,,,,http://id.who.int/icd/entity/1179111584,
90,2026-01,http://id.who.int/icd/entity/204002280,http://id.who.int/icd/release/11/mms/204002280,1A61.4,,- - - - Secondary syphilis of other sites,- - - - Syphilis secondaire d'autres localisations,category,2,False,01,"=hyperlink(""https://icd.who.int/browse/latestrelease/mms/en#204002280"",""browser"")",True,True,BlockL1-1A6,BlockL2-1A6,,,,,http://id.who.int/icd/entity/1179111584,
91,2026-01,http://id.who.int/icd/entity/1768103550,http://id.who.int/icd/release/11/mms/1768103550,1A61.5,,- - - - Latent early syphilis,- - - - Syphilis précoce latente,category,2,False,01,"=hyperlink(""https://icd.who.int/browse/latestrelease/mms/en#1768103550"",""browser"")",True,True,BlockL1-1A6,BlockL2-1A6,,,,,http://id.who.int/icd/entity/1179111584,
92,2026-01,,http://id.who.int/icd/release/11/mms/1179111584/other,1A61.Y,,- - - - Other specified early syphilis,- - - - Autres syphilis précoce,category,2,True,01,"=hyperlink(""https://icd.who.int/browse/latestrelease/mms/en#1179111584/mms/other"",""browser"")",True,True,BlockL1-1A6,BlockL2-1A6,,,,,http://id.who.int/icd/entity/1179111584,
93,2026-01,,http://id.who.int/icd/release/11/mms/1179111584/unspecified,1A61.Z,,"- - - - Early syphilis, unspecified","- - - - Syphilis précoce, sans précision",category,2,True,01,"=hyperlink(""https://icd.who.int/browse/latestrelease/mms/en#1179111584/mms/unspecified"",""browser"")",True,True,BlockL1-1A6,BlockL2-1A6,,,,,http://id.who.int/icd/entity/1179111584,
94,2026-01,http://id.who.int/icd/entity/854229089,http://id.who.int/icd/release/11/mms/854229089,1A62,,- - - Late syphilis,- - - Syphilis tardive,category,1,False,01,"=hyperlink(""https://icd.who.int/browse/latestrelease/mms/en#854229089"",""browser"")",False,True,BlockL1-1A6,BlockL2-1A6,,,,,http://id.who.int/icd/entity/455894495,
95,2026-01,http://id.who.int/icd/entity/2118246468,http://id.who.int/icd/release/11/mms/2118246468,1A62.0,,- - - - Neurosyphilis,- - - - Neurosyphilis,category,2,False,01,"=hyperlink(""https://icd.who.int/browse/latestrelease/mms/en#2118246468"",""browser"")",False,True,BlockL1-1A6,BlockL2-1A6,,,,,http://id.who.int/icd/entity/854229089,
96,2026-01,http://id.who.int/icd/entity/453651926,http://id.who.int/icd/release/11/mms/453651926,1A62.00,,- - - - - Asymptomatic neurosyphilis,- - - - - Neurosyphilis asymptomatique,category,3,False,01,"=hyperlink(""https://icd.who.int/browse/latestrelease/mms/en#453651926"",""browser"")",True,True,BlockL1-1A6,BlockL2-1A6,,,,,http://id.who.int/icd/entity/2118246468,
97,2026-01,http://id.who.int/icd/entity/1873247529,http://id.who.int/icd/release/11/mms/1873247529,1A62.01,,- - - - - Symptomatic late neurosyphilis,- - - - - Neurosyphilis tardive symptomatique,category,3,False,01,"=hyperlink(""https://icd.who.int/browse/latestrelease/mms/en#1873247529"",""browser"")",True,True,BlockL1-1A6,BlockL2-1A6,,,,,http://id.who.int/icd/entity/2118246468,
98,2026-01,,http://id.who.int/icd/release/11/mms/2118246468/unspecified,1A62.0Z,,"- - - - - Neurosyphilis, unspecified","- - - - - Neurosyphilis, sans précision",category,3,True,01,"=hyperlink(""https://icd.who.int/browse/latestrelease/mms/en#2118246468/mms/unspecified"",""browser"")",True,True,BlockL1-1A6,BlockL2-1A6,,,,,http://id.who.int/icd/entity/2118246468,
99,2026-01,http://id.who.int/icd/entity/183283901,http://id.who.int/icd/release/11/mms/183283901,1A62.1,,- - - - Cardiovascular late syphilis,- - - - Syphilis tardive cardiovasculaire,category,2,False,01,"=hyperlink(""https://icd.who.int/browse/latestrelease/mms/en#183283901"",""browser"")",True,True,BlockL1-1A6,BlockL2-1A6,,,,,http://id.who.int/icd/entity/854229089,
100,2026-01,http://id.who.int/icd/entity/1883423833,http://id.who.int/icd/release/11/mms/1883423833,1A62.2,,- - - - Symptomatic late syphilis of other sites,- - - - Syphilis tardive symptomatique d'autres localisations,category,2,False,01,"=hyperlink(""https://icd.who.int/browse/latestrelease/mms/en#1883423833"",""browser"")",False,True,BlockL1-1A6,BlockL2-1A6,,,,,http://id.who.int/icd/entity/854229089,
101,2026-01,http://id.who.int/icd/entity/551528014,http://id.who.int/icd/release/11/mms/551528014,1A62.20,,- - - - - Ocular late syphilis,- - - - - Syphilis oculaire tardive,category,3,False,01,"=hyperlink(""https://icd.who.int/browse/latestrelease/mms/en#551528014"",""browser"")",True,True,BlockL1-1A6,BlockL2-1A6,,,,,http://id.who.int/icd/entity/1883423833,
102,2026-01,http://id.who.int/icd/entity/2063826056,http://id.who.int/icd/release/11/mms/2063826056,1A62.21,,- - - - - Late syphilis involving the musculoskeletal system,- - - - - Syphilis tardive intéressant le système musculosquelettique,category,3,False,01,"=hyperlink(""https://icd.who.int/browse/latestrelease/mms/en#2063826056"",""browser"")",True,True,BlockL1-1A6,BlockL2-1A6,,,,,http://id.who.int/icd/entity/1883423833,
103,2026-01,http://id.who.int/icd/entity/1934471301,http://id.who.int/icd/release/11/mms/1934471301,1A62.22,,- - - - - Late syphilis of skin or mucous membranes,- - - - - Syphilis tardive de la peau ou des muqueuses,category,3,False,01,"=hyperlink(""https://icd.who.int/browse/latestrelease/mms/en#1934471301"",""browser"")",True,True,BlockL1-1A6,BlockL2-1A6,,,,,http://id.who.int/icd/entity/1883423833,
104,2026-01,,http://id.who.int/icd/release/11/mms/1883423833/other,1A62.2Y,,- - - - - Symptomatic late syphilis of other specified sites,- - - - - Autres syphilis tardive symptomatique d'autres localisations,category,3,True,01,"=hyperlink(""https://icd.who.int/browse/latestrelease/mms/en#1883423833/mms/other"",""browser"")",True,True,BlockL1-1A6,BlockL2-1A6,,,,,http://id.who.int/icd/entity/1883423833,
105,2026-01,,http://id.who.int/icd/release/11/mms/1883423833/unspecified,1A62.2Z,,- - - - - Symptomatic late syphilis of unspecified site,- - - - - Syphilis tardive symptomatique localisations non précisées,category,3,True,01,"=hyperlink(""https://icd.who.int/browse/latestrelease/mms/en#1883423833/mms/unspecified"",""browser"")",True,True,BlockL1-1A6,BlockL2-1A6,,,,,http://id.who.int/icd/entity/1883423833,
106,2026-01,,http://id.who.int/icd/release/11/mms/854229089/other,1A62.Y,,- - - - Other specified late syphilis,- - - - Autres syphilis tardive,category,2,True,01,"=hyperlink(""https://icd.who.int/browse/latestrelease/mms/en#854229089/mms/other"",""browser"")",True,True,BlockL1-1A6,BlockL2-1A6,,,,,http://id.who.int/icd/entity/854229089,
107,2026-01,,http://id.who.int/icd/release/11/mms/854229089/unspecified,1A62.Z,,"- - - - Late syphilis, unspecified","- - - - Syphilis tardive, sans précision",category,2,True,01,"=hyperlink(""https://icd.who.int/browse/latestrelease/mms/en#854229089/mms/unspecified"",""browser"")",True,True,BlockL1-1A6,BlockL2-1A6,,,,,http://id.who.int/icd/entity/854229089,
108,2026-01,http://id.who.int/icd/entity/370440252,http://id.who.int/icd/release/11/mms/370440252,1A63,,"- - - Latent syphilis, unspecified as early or late","- - - Syphilis latente, non précisée précoce ou tardive",category,1,False,01,"=hyperlink(""https://icd.who.int/browse/latestrelease/mms/en#370440252"",""browser"")",True,True,BlockL1-1A6,BlockL2-1A6,,,,,http://id.who.int/icd/entity/455894495,
109,2026-01,,http://id.who.int/icd/release/11/mms/455894495/unspecified,1A6Z,,"- - - Syphilis, unspecified","- - - Syphilis, sans précision",category,1,True,01,"=hyperlink(""https://icd.who.int/browse/latestrelease/mms/en#455894495/mms/unspecified"",""browser"")",True,True,BlockL1-1A6,BlockL2-1A6,,,,,http://id.who.int/icd/entity/455894495,
110,2026-01,http://id.who.int/icd/entity/609214049,http://id.who.int/icd/release/11/mms/609214049,,BlockL2-1A7,- - Gonococcal infection,- - Infection gonococcique,block,2,False,01,"=hyperlink(""https://icd.who.int/browse/latestrelease/mms/en#609214049"",""browser"")",False,,BlockL1-1A6,,,,,,http://id.who.int/icd/entity/1904876434,
111,2026-01,http://id.who.int/icd/entity/1977691885,http://id.who.int/icd/release/11/mms/1977691885,1A70,,- - - Gonococcal genitourinary infection,- - - Infection génito-urinaire gonococcique,category,1,False,01,"=hyperlink(""https://icd.who.int/browse/latestrelease/mms/en#1977691885"",""browser"")",False,True,BlockL1-1A6,BlockL2-1A7,,,,,http://id.who.int/icd/entity/609214049,
112,2026-01,http://id.who.int/icd/entity/762120574,http://id.who.int/icd/release/11/mms/762120574,1A70.0,,- - - - Gonococcal infection of lower genitourinary tract without periurethral or accessory gland abscess,- - - - Infection gonococcique du tractus génito-urinaire inférieur sans abcès périurétral ou des glandes annexes,category,2,False,01,"=hyperlink(""https://icd.who.int/browse/latestrelease/mms/en#762120574"",""browser"")",False,True,BlockL1-1A6,BlockL2-1A7,,,,,http://id.who.int/icd/entity/1977691885,
113,2026-01,http://id.who.int/icd/entity/1112016389,http://id.who.int/icd/release/11/mms/1112016389,1A70.00,,- - - - - Gonorrhoea of penis,- - - - - Gonorrhée du pénis,category,3,False,01,"=hyperlink(""https://icd.who.int/browse/latestrelease/mms/en#1112016389"",""browser"")",True,True,BlockL1-1A6,BlockL2-1A7,,,,,http://id.who.int/icd/entity/762120574,
114,2026-01,,http://id.who.int/icd/release/11/mms/762120574/other,1A70.0Y,,- - - - - Other specified gonococcal infection of lower genitourinary tract without periurethral or accessory gland abscess,- - - - - Autres infection gonococcique du tractus génito-urinaire inférieur sans abcès périurétral ou des glandes annexes,category,3,True,01,"=hyperlink(""https://icd.who.int/browse/latestrelease/mms/en#762120574/mms/other"",""browser"")",True,True,BlockL1-1A6,BlockL2-1A7,,,,,http://id.who.int/icd/entity/762120574,
115,2026-01,,http://id.who.int/icd/release/11/mms/762120574/unspecified,1A70.0Z,,"- - - - - Gonococcal infection of lower genitourinary tract without periurethral or accessory gland abscess, unspecified","- - - - - Infection gonococcique du tractus génito-urinaire inférieur sans abcès périurétral ou des glandes annexes, sans précision",category,3,True,01,"=hyperlink(""https://icd.who.int/browse/latestrelease/mms/en#762120574/mms/unspecified"",""browser"")",True,True,BlockL1-1A6,BlockL2-1A7,,,,,http://id.who.int/icd/entity/762120574,
116,2026-01,http://id.who.int/icd/entity/1210500328,http://id.who.int/icd/release/11/mms/1210500328,1A70.1,,- - - - Gonococcal infection of lower genitourinary tract with periurethral or accessory gland abscess,- - - - Infection gonococcique du tractus génito-urinaire inférieur avec abcès périurétral ou des glandes annexes,category,2,False,01,"=hyperlink(""https://icd.who.int/browse/latestrelease/mms/en#1210500328"",""browser"")",True,True,BlockL1-1A6,BlockL2-1A7,,,,,http://id.who.int/icd/entity/1977691885,
117,2026-01,,http://id.who.int/icd/release/11/mms/1977691885/other,1A70.Y,,- - - - Gonococcal infection of other specified genitourinary organ,- - - - Autres infection génito-urinaire gonococcique,category,2,True,01,"=hyperlink(""https://icd.who.int/browse/latestrelease/mms/en#1977691885/mms/other"",""browser"")",True,True,BlockL1-1A6,BlockL2-1A7,,,,,http://id.who.int/icd/entity/1977691885,
118,2026-01,,http://id.who.int/icd/release/11/mms/1977691885/unspecified,1A70.Z,,"- - - - Gonococcal genitourinary infection, unspecified","- - - - Infection génito-urinaire gonococcique, sans précision",category,2,True,01,"=hyperlink(""https://icd.who.int/browse/latestrelease/mms/en#1977691885/mms/unspecified"",""browser"")",True,True,BlockL1-1A6,BlockL2-1A7,,,,,http://id.who.int/icd/entity/1977691885,
119,2026-01,http://id.who.int/icd/entity/1015780375,http://id.who.int/icd/release/11/mms/1015780375,1A71,,- - - Gonococcal pelviperitonitis,- - - Pelvipéritonite gonococcique,category,1,False,01,"=hyperlink(""https://icd.who.int/browse/latestrelease/mms/en#1015780375"",""browser"")",True,True,BlockL1-1A6,BlockL2-1A7,,,,,http://id.who.int/icd/entity/609214049,
120,2026-01,http://id.who.int/icd/entity/840155638,http://id.who.int/icd/release/11/mms/840155638,1A72,,- - - Gonococcal infection of other sites,- - - Infection gonococcique d'autres localisations,category,1,False,01,"=hyperlink(""https://icd.who.int/browse/latestrelease/mms/en#840155638"",""browser"")",False,True,BlockL1-1A6,BlockL2-1A7,,,,,http://id.who.int/icd/entity/609214049,
121,2026-01,http://id.who.int/icd/entity/707709463,http://id.who.int/icd/release/11/mms/707709463,1A72.0,,- - - - Gonococcal infection of musculoskeletal system,- - - - Infection gonococcique du système musculosquelettique,category,2,False,01,"=hyperlink(""https://icd.who.int/browse/latestrelease/mms/en#707709463"",""browser"")",True,True,BlockL1-1A6,BlockL2-1A7,,,,,http://id.who.int/icd/entity/840155638,
122,2026-01,http://id.who.int/icd/entity/359736861,http://id.who.int/icd/release/11/mms/359736861,1A72.1,,- - - - Gonococcal infection of rectum,- - - - Infection gonococcique du rectum,category,2,False,01,"=hyperlink(""https://icd.who.int/browse/latestrelease/mms/en#359736861"",""browser"")",True,True,BlockL1-1A6,BlockL2-1A7,,,,,http://id.who.int/icd/entity/840155638,
123,2026-01,http://id.who.int/icd/entity/1002985340,http://id.who.int/icd/release/11/mms/1002985340,1A72.2,,- - - - Gonococcal infection of anus,- - - - Infection gonococcique de l'anus,category,2,False,01,"=hyperlink(""https://icd.who.int/browse/latestrelease/mms/en#1002985340"",""browser"")",True,True,BlockL1-1A6,BlockL2-1A7,,,,,http://id.who.int/icd/entity/840155638,
124,2026-01,http://id.who.int/icd/entity/1332021123,http://id.who.int/icd/release/11/mms/1332021123,1A72.3,,- - - - Gonococcal pharyngitis,- - - - Pharyngite gonococcique,category,2,False,01,"=hyperlink(""https://icd.who.int/browse/latestrelease/mms/en#1332021123"",""browser"")",True,True,BlockL1-1A6,BlockL2-1A7,,,,,http://id.who.int/icd/entity/840155638,
125,2026-01,http://id.who.int/icd/entity/1505778051,http://id.who.int/icd/release/11/mms/1505778051,1A72.4,,- - - - Gonococcal infection of eye,- - - - Infection gonococcique des yeux,category,2,False,01,"=hyperlink(""https://icd.who.int/browse/latestrelease/mms/en#1505778051"",""browser"")",True,True,BlockL1-1A6,BlockL2-1A7,,,,,http://id.who.int/icd/entity/840155638,
126,2026-01,,http://id.who.int/icd/release/11/mms/840155638/other,1A72.Y,,- - - - Gonococcal infection of other specified sites,- - - - Autres infection gonococcique d'autres localisations,category,2,True,01,"=hyperlink(""https://icd.who.int/browse/latestrelease/mms/en#840155638/mms/other"",""browser"")",True,True,BlockL1-1A6,BlockL2-1A7,,,,,http://id.who.int/icd/entity/840155638,
127,2026-01,http://id.who.int/icd/entity/2046292009,http://id.who.int/icd/release/11/mms/2046292009,1A73,,- - - Disseminated gonococcal infection,- - - Infection gonococcique disséminée,category,1,False,01,"=hyperlink(""https://icd.who.int/browse/latestrelease/mms/en#2046292009"",""browser"")",True,True,BlockL1-1A6,BlockL2-1A7,,,,,http://id.who.int/icd/entity/609214049,
128,2026-01,,http://id.who.int/icd/release/11/mms/609214049/unspecified,1A7Z,,"- - - Gonococcal infection, unspecified","- - - Infection gonococcique, sans précision",category,1,True,01,"=hyperlink(""https://icd.who.int/browse/latestrelease/mms/en#609214049/mms/unspecified"",""browser"")",True,True,BlockL1-1A6,BlockL2-1A7,,,,,http://id.who.int/icd/entity/609214049,
129,2026-01,http://id.who.int/icd/entity/251474152,http://id.who.int/icd/release/11/mms/251474152,,BlockL2-1A8,- - Sexually transmissible infections due to chlamydia,- - Infections sexuellement transmissibles à Chlamydia,block,2,False,01,"=hyperlink(""https://icd.who.int/browse/latestrelease/mms/en#251474152"",""browser"")",False,,BlockL1-1A6,,,,,,http://id.who.int/icd/entity/1904876434,
130,2026-01,http://id.who.int/icd/entity/1090786293,http://id.who.int/icd/release/11/mms/1090786293,1A80,,- - - Chlamydial lymphogranuloma,- - - Lymphogranulome à Chlamydia,category,1,False,01,"=hyperlink(""https://icd.who.int/browse/latestrelease/mms/en#1090786293"",""browser"")",True,True,BlockL1-1A6,BlockL2-1A8,,,,,http://id.who.int/icd/entity/251474152,
131,2026-01,http://id.who.int/icd/entity/900285196,http://id.who.int/icd/release/11/mms/900285196,1A81,,- - - Non-ulcerative sexually transmitted chlamydial infection,- - - Infection à Chlamydia sexuellement transmissible non ulcéreuse,category,1,False,01,"=hyperlink(""https://icd.who.int/browse/latestrelease/mms/en#900285196"",""browser"")",False,True,BlockL1-1A6,BlockL2-1A8,,,,,http://id.who.int/icd/entity/251474152,
132,2026-01,http://id.who.int/icd/entity/806511043,http://id.who.int/icd/release/11/mms/806511043,1A81.0,,- - - - Chlamydial infection of lower genitourinary tract,- - - - Infection des voies génito-urinaires inférieures à Chlamydia,category,2,False,01,"=hyperlink(""https://icd.who.int/browse/latestrelease/mms/en#806511043"",""browser"")",True,True,BlockL1-1A6,BlockL2-1A8,,,,,http://id.who.int/icd/entity/900285196,
133,2026-01,http://id.who.int/icd/entity/1431940183,http://id.who.int/icd/release/11/mms/1431940183,1A81.1,,- - - - Chlamydial infection of internal reproductive organs,- - - - Infection à Chlamydia des organes génitaux internes,category,2,False,01,"=hyperlink(""https://icd.who.int/browse/latestrelease/mms/en#1431940183"",""browser"")",True,True,BlockL1-1A6,BlockL2-1A8,,,,,http://id.who.int/icd/entity/900285196,
134,2026-01,,http://id.who.int/icd/release/11/mms/900285196/other,1A81.Y,,- - - - Non-ulcerative sexually transmitted chlamydial infection of other specified site,- - - - Autre infection à Chlamydia sexuellement transmissible non ulcéreuse de localisation non précisée,category,2,True,01,"=hyperlink(""https://icd.who.int/browse/latestrelease/mms/en#900285196/mms/other"",""browser"")",True,True,BlockL1-1A6,BlockL2-1A8,,,,,http://id.who.int/icd/entity/900285196,
135,2026-01,,http://id.who.int/icd/release/11/mms/900285196/unspecified,1A81.Z,,- - - - Non-ulcerative sexually transmitted chlamydial infection of unspecified site,- - - - Infection à Chlamydia sexuellement transmissible non ulcéreuse de localisation non précisée,category,2,True,01,"=hyperlink(""https://icd.who.int/browse/latestrelease/mms/en#900285196/mms/unspecified"",""browser"")",True,True,BlockL1-1A6,BlockL2-1A8,,,,,http://id.who.int/icd/entity/900285196,
136,2026-01,,http://id.who.int/icd/release/11/mms/251474152/other,1A8Y,,- - - Other specified sexually transmissible infections due to chlamydia,- - - Autres infections sexuellement transmissibles à Chlamydia,category,1,True,01,"=hyperlink(""https://icd.who.int/browse/latestrelease/mms/en#251474152/mms/other"",""browser"")",True,True,BlockL1-1A6,BlockL2-1A8,,,,,http://id.who.int/icd/entity/251474152,
137,2026-01,,http://id.who.int/icd/release/11/mms/251474152/unspecified,1A8Z,,"- - - Sexually transmissible infections due to chlamydia, unspecified","- - - Infections sexuellement transmissibles à Chlamydia, sans précision",category,1,True,01,"=hyperlink(""https://icd.who.int/browse/latestrelease/mms/en#251474152/mms/unspecified"",""browser"")",True,True,BlockL1-1A6,BlockL2-1A8,,,,,http://id.who.int/icd/entity/251474152,
138,2026-01,http://id.who.int/icd/entity/1357024926,http://id.who.int/icd/release/11/mms/1357024926,1A90,,- - Chancroid,- - Chancroïde,category,1,False,01,"=hyperlink(""https://icd.who.int/browse/latestrelease/mms/en#1357024926"",""browser"")",True,True,BlockL1-1A6,,,,,,http://id.who.int/icd/entity/1904876434,
139,2026-01,http://id.who.int/icd/entity/764124124,http://id.who.int/icd/release/11/mms/764124124,1A91,,- - Granuloma inguinale,- - Granulome inguinal,category,1,False,01,"=hyperlink(""https://icd.who.int/browse/latestrelease/mms/en#764124124"",""browser"")",True,True,BlockL1-1A6,,,,,,http://id.who.int/icd/entity/1904876434,
140,2026-01,http://id.who.int/icd/entity/1220564554,http://id.who.int/icd/release/11/mms/1220564554,1A92,,- - Trichomoniasis,- - Trichomonase,category,1,False,01,"=hyperlink(""https://icd.who.int/browse/latestrelease/mms/en#1220564554"",""browser"")",True,True,BlockL1-1A6,,,,,,http://id.who.int/icd/entity/1904876434,
141,2026-01,http://id.who.int/icd/entity/1372745524,http://id.who.int/icd/release/11/mms/1372745524,1A93,,- - Sexually transmissible infestations,- - Infestations sexuellement transmissibles,category,1,False,01,"=hyperlink(""https://icd.who.int/browse/latestrelease/mms/en#1372745524"",""browser"")",True,True,BlockL1-1A6,,,,,,http://id.who.int/icd/entity/1904876434,
142,2026-01,http://id.who.int/icd/entity/616315615,http://id.who.int/icd/release/11/mms/616315615,1A94,,- - Anogenital herpes simplex infection,- - Infection anogénitale à Herpes simplex,category,1,False,01,"=hyperlink(""https://icd.who.int/browse/latestrelease/mms/en#616315615"",""browser"")",False,True,BlockL1-1A6,,,,,,http://id.who.int/icd/entity/1904876434,
143,2026-01,http://id.who.int/icd/entity/666746193,http://id.who.int/icd/release/11/mms/666746193,1A94.0,,- - - Herpes simplex infection of genitalia or urogenital tract,- - - Infection à Herpès simplex des organes génitaux ou du tractus urogénital,category,2,False,01,"=hyperlink(""https://icd.who.int/browse/latestrelease/mms/en#666746193"",""browser"")",True,True,BlockL1-1A6,,,,,,http://id.who.int/icd/entity/616315615,
144,2026-01,http://id.who.int/icd/entity/1123446981,http://id.who.int/icd/release/11/mms/1123446981,1A94.1,,- - - Herpes simplex infection of perianal skin or rectum,- - - Infection à Herpès simplex de la peau périanale ou du rectum,category,2,False,01,"=hyperlink(""https://icd.who.int/browse/latestrelease/mms/en#1123446981"",""browser"")",True,True,BlockL1-1A6,,,,,,http://id.who.int/icd/entity/616315615,
145,2026-01,,http://id.who.int/icd/release/11/mms/616315615/unspecified,1A94.Z,,- - - Anogenital herpes simplex infection without further specification,"- - - Infection anogénitale à Herpes simplex, sans précision",category,2,True,01,"=hyperlink(""https://icd.who.int/browse/latestrelease/mms/en#616315615/mms/unspecified"",""browser"")",True,True,BlockL1-1A6,,,,,,http://id.who.int/icd/entity/616315615,
146,2026-01,http://id.who.int/icd/entity/641342831,http://id.who.int/icd/release/11/mms/641342831,1A95,,- - Anogenital warts,- - Verrues anogénitales,category,1,False,01,"=hyperlink(""https://icd.who.int/browse/latestrelease/mms/en#641342831"",""browser"")",False,True,BlockL1-1A6,,,,,,http://id.who.int/icd/entity/1904876434,
147,2026-01,http://id.who.int/icd/entity/1987223744,http://id.who.int/icd/release/11/mms/1987223744,1A95.0,,- - - Anal warts,- - - Verrues anales,category,2,False,01,"=hyperlink(""https://icd.who.int/browse/latestrelease/mms/en#1987223744"",""browser"")",True,True,BlockL1-1A6,,,,,,http://id.who.int/icd/entity/641342831,
148,2026-01,http://id.who.int/icd/entity/144526718,http://id.who.int/icd/release/11/mms/144526718,1A95.1,,- - - Genital warts,- - - Verrues génitales,category,2,False,01,"=hyperlink(""https://icd.who.int/browse/latestrelease/mms/en#144526718"",""browser"")",True,True,BlockL1-1A6,,,,,,http://id.who.int/icd/entity/641342831,
149,2026-01,http://id.who.int/icd/entity/158514824,http://id.who.int/icd/release/11/mms/158514824,1A95.2,,- - - Extragenital condylomata acuminata,- - - Condylomes acuminés extragénitaux,category,2,False,01,"=hyperlink(""https://icd.who.int/browse/latestrelease/mms/en#158514824"",""browser"")",True,True,BlockL1-1A6,,,,,,http://id.who.int/icd/entity/641342831,
150,2026-01,,http://id.who.int/icd/release/11/mms/641342831/unspecified,1A95.Z,,"- - - Anogenital warts, unspecified","- - - Verrues anogénitales, sans précision",category,2,True,01,"=hyperlink(""https://icd.who.int/browse/latestrelease/mms/en#641342831/mms/unspecified"",""browser"")",True,True,BlockL1-1A6,,,,,,http://id.who.int/icd/entity/641342831,
151,2026-01,,http://id.who.int/icd/release/11/mms/1904876434/other,1A9Y,,- - Other specified predominantly sexually transmitted infections,- - Autres infections transmissibles principalement par voie sexuelle précisées,category,1,True,01,"=hyperlink(""https://icd.who.int/browse/latestrelease/mms/en#1904876434/mms/other"",""browser"")",True,True,BlockL1-1A6,,,,,,http://id.who.int/icd/entity/1904876434,
152,2026-01,,http://id.who.int/icd/release/11/mms/1904876434/unspecified,1A9Z,,"- - Predominantly sexually transmitted infections, unspecified","- - Infections transmissibles principalement par voie sexuelle, sans précision",category,1,True,01,"=hyperlink(""https://icd.who.int/browse/latestrelease/mms/en#1904876434/mms/unspecified"",""browser"")",True,True,BlockL1-1A6,,,,,,http://id.who.int/icd/entity/1904876434,
153,2026-01,http://id.who.int/icd/entity/979278646,http://id.who.int/icd/release/11/mms/979278646,,BlockL1-1B1,- Mycobacterial diseases,- Maladies mycobactériennes,block,1,False,01,"=hyperlink(""https://icd.who.int/browse/latestrelease/mms/en#979278646"",""browser"")",False,,,,,,,,http://id.who.int/icd/entity/1435254666,
154,2026-01,http://id.who.int/icd/entity/2072728114,http://id.who.int/icd/release/11/mms/2072728114,,BlockL2-1B1,- - Tuberculosis,- - Tuberculose,block,2,False,01,"=hyperlink(""https://icd.who.int/browse/latestrelease/mms/en#2072728114"",""browser"")",False,,BlockL1-1B1,,,,,,http://id.who.int/icd/entity/979278646,
155,2026-01,http://id.who.int/icd/entity/882244568,http://id.who.int/icd/release/11/mms/882244568,1B10,,- - - Tuberculosis of the respiratory system,- - - TBC pulmonaire - [tuberculose],category,1,False,01,"=hyperlink(""https://icd.who.int/browse/latestrelease/mms/en#882244568"",""browser"")",False,True,BlockL1-1B1,BlockL2-1B1,,,,,http://id.who.int/icd/entity/2072728114,
156,2026-01,http://id.who.int/icd/entity/983550510,http://id.who.int/icd/release/11/mms/983550510,1B10.0,,"- - - - Respiratory tuberculosis, confirmed",- - - - Tuberculose respiratoire confirmée,category,2,False,01,"=hyperlink(""https://icd.who.int/browse/latestrelease/mms/en#983550510"",""browser"")",True,True,BlockL1-1B1,BlockL2-1B1,,,,,http://id.who.int/icd/entity/882244568,
157,2026-01,http://id.who.int/icd/entity/1311939281,http://id.who.int/icd/release/11/mms/1311939281,1B10.1,,"- - - - Respiratory tuberculosis, not confirmed",- - - - Tuberculose respiratoire non-confirmée,category,2,False,01,"=hyperlink(""https://icd.who.int/browse/latestrelease/mms/en#1311939281"",""browser"")",True,True,BlockL1-1B1,BlockL2-1B1,,,,,http://id.who.int/icd/entity/882244568,
158,2026-01,,http://id.who.int/icd/release/11/mms/882244568/unspecified,1B10.Z,,"- - - - Respiratory tuberculosis, without mention of bacteriological or histological confirmation","- - - - Tuberculose respiratoire, sans mention de confirmation bactériologique ou histologique",category,2,True,01,"=hyperlink(""https://icd.who.int/browse/latestrelease/mms/en#882244568/mms/unspecified"",""browser"")",True,True,BlockL1-1B1,BlockL2-1B1,,,,,http://id.who.int/icd/entity/882244568,
159,2026-01,http://id.who.int/icd/entity/729372485,http://id.who.int/icd/release/11/mms/729372485,1B11,,- - - Tuberculosis of the nervous system,- - - Tuberculose du système nerveux,category,1,False,01,"=hyperlink(""https://icd.who.int/browse/latestrelease/mms/en#729372485"",""browser"")",False,True,BlockL1-1B1,BlockL2-1B1,,,,,http://id.who.int/icd/entity/2072728114,
160,2026-01,http://id.who.int/icd/entity/1820468614,http://id.who.int/icd/release/11/mms/1820468614,1B11.0,,- - - - Tuberculous meningitis,- - - - Méningite tuberculeuse,category,2,False,01,"=hyperlink(""https://icd.who.int/browse/latestrelease/mms/en#1820468614"",""browser"")",True,True,BlockL1-1B1,BlockL2-1B1,,,,,http://id.who.int/icd/entity/729372485,
161,2026-01,http://id.who.int/icd/entity/539334538,http://id.who.int/icd/release/11/mms/539334538,1B11.1,,- - - - Tuberculous meningoencephalitis,- - - - Méningo-encéphalite tuberculeuse,category,2,False,01,"=hyperlink(""https://icd.who.int/browse/latestrelease/mms/en#539334538"",""browser"")",True,True,BlockL1-1B1,BlockL2-1B1,,,,,http://id.who.int/icd/entity/729372485,
162,2026-01,http://id.who.int/icd/entity/164227092,http://id.who.int/icd/release/11/mms/164227092,1B11.2,,- - - - Meningeal tuberculoma,- - - - Tuberculome méningé,category,2,False,01,"=hyperlink(""https://icd.who.int/browse/latestrelease/mms/en#164227092"",""browser"")",True,True,BlockL1-1B1,BlockL2-1B1,,,,,http://id.who.int/icd/entity/729372485,
163,2026-01,http://id.who.int/icd/entity/1199221405,http://id.who.int/icd/release/11/mms/1199221405,1B11.3,,- - - - Tuberculous granuloma of brain,- - - - Granulome tuberculeux du cerveau,category,2,False,01,"=hyperlink(""https://icd.who.int/browse/latestrelease/mms/en#1199221405"",""browser"")",True,True,BlockL1-1B1,BlockL2-1B1,,,,,http://id.who.int/icd/entity/729372485,
164,2026-01,,http://id.who.int/icd/release/11/mms/729372485/other,1B11.Y,,- - - - Other tuberculosis of nervous system,- - - - Autres tuberculose du système nerveux,category,2,True,01,"=hyperlink(""https://icd.who.int/browse/latestrelease/mms/en#729372485/mms/other"",""browser"")",True,True,BlockL1-1B1,BlockL2-1B1,,,,,http://id.who.int/icd/entity/729372485,
165,2026-01,,http://id.who.int/icd/release/11/mms/729372485/unspecified,1B11.Z,,"- - - - Tuberculosis of the nervous system, unspecified","- - - - Tuberculose du système nerveux, sans précision",category,2,True,01,"=hyperlink(""https://icd.who.int/browse/latestrelease/mms/en#729372485/mms/unspecified"",""browser"")",True,True,BlockL1-1B1,BlockL2-1B1,,,,,http://id.who.int/icd/entity/729372485,
166,2026-01,http://id.who.int/icd/entity/746680558,http://id.who.int/icd/release/11/mms/746680558,1B12,,- - - Tuberculosis of other systems or organs,- - - Tuberculose d'autres systèmes ou organes,category,1,False,01,"=hyperlink(""https://icd.who.int/browse/latestrelease/mms/en#746680558"",""browser"")",False,True,BlockL1-1B1,BlockL2-1B1,,,,,http://id.who.int/icd/entity/2072728114,
167,2026-01,http://id.who.int/icd/entity/271545608,http://id.who.int/icd/release/11/mms/271545608,1B12.0,,- - - - Tuberculosis of heart,- - - - Tuberculose cardiaque,category,2,False,01,"=hyperlink(""https://icd.who.int/browse/latestrelease/mms/en#271545608"",""browser"")",True,True,BlockL1-1B1,BlockL2-1B1,,,,,http://id.who.int/icd/entity/746680558,
168,2026-01,http://id.who.int/icd/entity/1074723013,http://id.who.int/icd/release/11/mms/1074723013,1B12.1,,- - - - Tuberculosis of eye,- - - - Tuberculose de l'œil,category,2,False,01,"=hyperlink(""https://icd.who.int/browse/latestrelease/mms/en#1074723013"",""browser"")",True,True,BlockL1-1B1,BlockL2-1B1,,,,,http://id.who.int/icd/entity/746680558,
169,2026-01,http://id.who.int/icd/entity/883140666,http://id.who.int/icd/release/11/mms/883140666,1B12.2,,- - - - Tuberculosis of ear,- - - - Tuberculose de l'oreille,category,2,False,01,"=hyperlink(""https://icd.who.int/browse/latestrelease/mms/en#883140666"",""browser"")",True,True,BlockL1-1B1,BlockL2-1B1,,,,,http://id.who.int/icd/entity/746680558,
170,2026-01,http://id.who.int/icd/entity/807058764,http://id.who.int/icd/release/11/mms/807058764,1B12.3,,- - - - Tuberculosis of endocrine glands,- - - - Tuberculose des glandes endocrines,category,2,False,01,"=hyperlink(""https://icd.who.int/browse/latestrelease/mms/en#807058764"",""browser"")",True,True,BlockL1-1B1,BlockL2-1B1,,,,,http://id.who.int/icd/entity/746680558,
171,2026-01,http://id.who.int/icd/entity/1459473353,http://id.who.int/icd/release/11/mms/1459473353,1B12.4,,- - - - Tuberculosis of the musculoskeletal system,- - - - Tuberculose du système musculosquelettique,category,2,False,01,"=hyperlink(""https://icd.who.int/browse/latestrelease/mms/en#1459473353"",""browser"")",False,True,BlockL1-1B1,BlockL2-1B1,,,,,http://id.who.int/icd/entity/746680558,
172,2026-01,http://id.who.int/icd/entity/570881596,http://id.who.int/icd/release/11/mms/570881596,1B12.40,,- - - - - Tuberculosis of bones or joints,- - - - - Tuberculose des os ou des articulations,category,3,False,01,"=hyperlink(""https://icd.who.int/browse/latestrelease/mms/en#570881596"",""browser"")",True,True,BlockL1-1B1,BlockL2-1B1,,,,,http://id.who.int/icd/entity/1459473353,
173,2026-01,http://id.who.int/icd/entity/1828714202,http://id.who.int/icd/release/11/mms/1828714202,1B12.41,,- - - - - Tuberculous myositis,- - - - - Myosite tuberculeuse,category,3,False,01,"=hyperlink(""https://icd.who.int/browse/latestrelease/mms/en#1828714202"",""browser"")",True,True,BlockL1-1B1,BlockL2-1B1,,,,,http://id.who.int/icd/entity/1459473353,
174,2026-01,,http://id.who.int/icd/release/11/mms/1459473353/other,1B12.4Y,,- - - - - Tuberculosis of other specified part of the musculoskeletal system,- - - - - Tuberculose d'autres parties précisées du système musculosquelettique,category,3,True,01,"=hyperlink(""https://icd.who.int/browse/latestrelease/mms/en#1459473353/mms/other"",""browser"")",True,True,BlockL1-1B1,BlockL2-1B1,,,,,http://id.who.int/icd/entity/1459473353,
175,2026-01,,http://id.who.int/icd/release/11/mms/1459473353/unspecified,1B12.4Z,,"- - - - - Tuberculosis of the musculoskeletal system, unspecified","- - - - - Tuberculose du système musculosquelettique, sans précision",category,3,True,01,"=hyperlink(""https://icd.who.int/browse/latestrelease/mms/en#1459473353/mms/unspecified"",""browser"")",True,True,BlockL1-1B1,BlockL2-1B1,,,,,http://id.who.int/icd/entity/1459473353,
176,2026-01,http://id.who.int/icd/entity/1196243886,http://id.who.int/icd/release/11/mms/1196243886,1B12.5,,- - - - Tuberculosis of the genitourinary system,- - - - Tuberculose du système génito-urinaire,category,2,False,01,"=hyperlink(""https://icd.who.int/browse/latestrelease/mms/en#1196243886"",""browser"")",True,True,BlockL1-1B1,BlockL2-1B1,,,,,http://id.who.int/icd/entity/746680558,
177,2026-01,http://id.who.int/icd/entity/870345553,http://id.who.int/icd/release/11/mms/870345553,1B12.6,,- - - - Tuberculous peripheral lymphadenopathy,- - - - Lymphadénopathie périphérique tuberculeuse,category,2,False,01,"=hyperlink(""https://icd.who.int/browse/latestrelease/mms/en#870345553"",""browser"")",True,True,BlockL1-1B1,BlockL2-1B1,,,,,http://id.who.int/icd/entity/746680558,
178,2026-01,http://id.who.int/icd/entity/1873777499,http://id.who.int/icd/release/11/mms/1873777499,1B12.7,,- - - - Tuberculosis of the digestive system,- - - - Tuberculose du système digestif,category,2,False,01,"=hyperlink(""https://icd.who.int/browse/latestrelease/mms/en#1873777499"",""browser"")",True,True,BlockL1-1B1,BlockL2-1B1,,,,,http://id.who.int/icd/entity/746680558,
179,2026-01,http://id.who.int/icd/entity/625292625,http://id.who.int/icd/release/11/mms/625292625,1B12.8,,- - - - Cutaneous tuberculosis,- - - - Tuberculose cutanée,category,2,False,01,"=hyperlink(""https://icd.who.int/browse/latestrelease/mms/en#625292625"",""browser"")",True,True,BlockL1-1B1,BlockL2-1B1,,,,,http://id.who.int/icd/entity/746680558,
180,2026-01,,http://id.who.int/icd/release/11/mms/746680558/other,1B12.Y,,- - - - Tuberculosis of other specified organ or site,- - - - Autres tuberculose d'autres systèmes ou organes,category,2,True,01,"=hyperlink(""https://icd.who.int/browse/latestrelease/mms/en#746680558/mms/other"",""browser"")",True,True,BlockL1-1B1,BlockL2-1B1,,,,,http://id.who.int/icd/entity/746680558,
181,2026-01,http://id.who.int/icd/entity/861638547,http://id.who.int/icd/release/11/mms/861638547,1B13,,- - - Miliary tuberculosis,- - - Tuberculose miliaire,category,1,False,01,"=hyperlink(""https://icd.who.int/browse/latestrelease/mms/en#861638547"",""browser"")",False,True,BlockL1-1B1,BlockL2-1B1,,,,,http://id.who.int/icd/entity/2072728114,
182,2026-01,http://id.who.int/icd/entity/1056849595,http://id.who.int/icd/release/11/mms/1056849595,1B13.0,,- - - - Acute miliary tuberculosis of a single specified site,"- - - - Tuberculose miliaire aigüe, localisation unique précisée",category,2,False,01,"=hyperlink(""https://icd.who.int/browse/latestrelease/mms/en#1056849595"",""browser"")",True,True,BlockL1-1B1,BlockL2-1B1,,,,,http://id.who.int/icd/entity/861638547,
183,2026-01,http://id.who.int/icd/entity/1538650927,http://id.who.int/icd/release/11/mms/1538650927,1B13.1,,- - - - Acute miliary tuberculosis of multiple sites,- - - - Tuberculose miliaire aigüe de localisations multiples,category,2,False,01,"=hyperlink(""https://icd.who.int/browse/latestrelease/mms/en#1538650927"",""browser"")",True,True,BlockL1-1B1,BlockL2-1B1,,,,,http://id.who.int/icd/entity/861638547,
184,2026-01,http://id.who.int/icd/entity/1690351031,http://id.who.int/icd/release/11/mms/1690351031,1B13.2,,"- - - - Acute miliary tuberculosis, unspecified site","- - - - Tuberculose miliaire aigüe, localisation non précisée",category,2,False,01,"=hyperlink(""https://icd.who.int/browse/latestrelease/mms/en#1690351031"",""browser"")",True,True,BlockL1-1B1,BlockL2-1B1,,,,,http://id.who.int/icd/entity/861638547,
185,2026-01,,http://id.who.int/icd/release/11/mms/861638547/other,1B13.Y,,- - - - Other specified miliary tuberculosis,- - - - Autres tuberculose miliaire,category,2,True,01,"=hyperlink(""https://icd.who.int/browse/latestrelease/mms/en#861638547/mms/other"",""browser"")",True,True,BlockL1-1B1,BlockL2-1B1,,,,,http://id.who.int/icd/entity/861638547,
186,2026-01,,http://id.who.int/icd/release/11/mms/861638547/unspecified,1B13.Z,,"- - - - Miliary tuberculosis, unspecified","- - - - Tuberculose miliaire, sans précision",category,2,True,01,"=hyperlink(""https://icd.who.int/browse/latestrelease/mms/en#861638547/mms/unspecified"",""browser"")",True,True,BlockL1-1B1,BlockL2-1B1,,,,,http://id.who.int/icd/entity/861638547,
187,2026-01,http://id.who.int/icd/entity/454434138,http://id.who.int/icd/release/11/mms/454434138,1B14,,- - - Latent tuberculosis,- - - Tuberculose latente,category,1,False,01,"=hyperlink(""https://icd.who.int/browse/latestrelease/mms/en#454434138"",""browser"")",True,True,BlockL1-1B1,BlockL2-1B1,,,,,http://id.who.int/icd/entity/2072728114,
188,2026-01,,http://id.who.int/icd/release/11/mms/2072728114/other,1B1Y,,- - - Other specified tuberculosis,- - - Autres tuberculose,category,1,True,01,"=hyperlink(""https://icd.who.int/browse/latestrelease/mms/en#2072728114/mms/other"",""browser"")",True,True,BlockL1-1B1,BlockL2-1B1,,,,,http://id.who.int/icd/entity/2072728114,
189,2026-01,,http://id.who.int/icd/release/11/mms/2072728114/unspecified,1B1Z,,"- - - Tuberculosis, unspecified","- - - Tuberculose, sans précision",category,1,True,01,"=hyperlink(""https://icd.who.int/browse/latestrelease/mms/en#2072728114/mms/unspecified"",""browser"")",True,True,BlockL1-1B1,BlockL2-1B1,,,,,http://id.who.int/icd/entity/2072728114,
190,2026-01,http://id.who.int/icd/entity/149072669,http://id.who.int/icd/release/11/mms/149072669,1B20,,- - Leprosy,- - Lèpre,category,1,False,01,"=hyperlink(""https://icd.who.int/browse/latestrelease/mms/en#149072669"",""browser"")",False,True,BlockL1-1B1,,,,,,http://id.who.int/icd/entity/979278646,
191,2026-01,http://id.who.int/icd/entity/1800264981,http://id.who.int/icd/release/11/mms/1800264981,1B20.0,,- - - Paucibacillary leprosy,- - - Lèpre paucibacillaire,category,2,False,01,"=hyperlink(""https://icd.who.int/browse/latestrelease/mms/en#1800264981"",""browser"")",True,True,BlockL1-1B1,,,,,,http://id.who.int/icd/entity/149072669,
192,2026-01,http://id.who.int/icd/entity/1123804548,http://id.who.int/icd/release/11/mms/1123804548,1B20.1,,- - - Multibacillary leprosy,- - - Lèpre multibacillaire,category,2,False,01,"=hyperlink(""https://icd.who.int/browse/latestrelease/mms/en#1123804548"",""browser"")",True,True,BlockL1-1B1,,,,,,http://id.who.int/icd/entity/149072669,
193,2026-01,http://id.who.int/icd/entity/1295356165,http://id.who.int/icd/release/11/mms/1295356165,1B20.2,,- - - Leprosy reactions,- - - Réactions de la lèpre,category,2,False,01,"=hyperlink(""https://icd.who.int/browse/latestrelease/mms/en#1295356165"",""browser"")",False,True,BlockL1-1B1,,,,,,http://id.who.int/icd/entity/149072669,
194,2026-01,http://id.who.int/icd/entity/1185467033,http://id.who.int/icd/release/11/mms/1185467033,1B20.20,,- - - - Type I leprosy reaction,- - - - Réaction de la lèpre de type I,category,3,False,01,"=hyperlink(""https://icd.who.int/browse/latestrelease/mms/en#1185467033"",""browser"")",True,True,BlockL1-1B1,,,,,,http://id.who.int/icd/entity/1295356165,
195,2026-01,http://id.who.int/icd/entity/1886317801,http://id.who.int/icd/release/11/mms/1886317801,1B20.21,,- - - - Type II leprosy reaction,- - - - Réaction de la lèpre de type II,category,3,False,01,"=hyperlink(""https://icd.who.int/browse/latestrelease/mms/en#1886317801"",""browser"")",True,True,BlockL1-1B1,,,,,,http://id.who.int/icd/entity/1295356165,
196,2026-01,http://id.who.int/icd/entity/1324017222,http://id.who.int/icd/release/11/mms/1324017222,1B20.3,,- - - Complications of leprosy,- - - Complications de la lèpre,category,2,False,01,"=hyperlink(""https://icd.who.int/browse/latestrelease/mms/en#1324017222"",""browser"")",True,True,BlockL1-1B1,,,,,,http://id.who.int/icd/entity/149072669,
197,2026-01,,http://id.who.int/icd/release/11/mms/149072669/unspecified,1B20.Z,,"- - - Leprosy, unspecified","- - - Lèpre, sans précision",category,2,True,01,"=hyperlink(""https://icd.who.int/browse/latestrelease/mms/en#149072669/mms/unspecified"",""browser"")",True,True,BlockL1-1B1,,,,,,http://id.who.int/icd/entity/149072669,
198,2026-01,http://id.who.int/icd/entity/1839818377,http://id.who.int/icd/release/11/mms/1839818377,1B21,,- - Infections due to non-tuberculous mycobacteria,- - Infections à mycobactéries non-tuberculeuses,category,1,False,01,"=hyperlink(""https://icd.who.int/browse/latestrelease/mms/en#1839818377"",""browser"")",False,True,BlockL1-1B1,,,,,,http://id.who.int/icd/entity/979278646,
199,2026-01,http://id.who.int/icd/entity/1798822437,http://id.who.int/icd/release/11/mms/1798822437,1B21.0,,- - - Pulmonary infection due to non-tuberculous mycobacterium,- - - Infection pulmonaire due à des mycobactéries non-tuberculeuses,category,2,False,01,"=hyperlink(""https://icd.who.int/browse/latestrelease/mms/en#1798822437"",""browser"")",True,True,BlockL1-1B1,,,,,,http://id.who.int/icd/entity/1839818377,
200,2026-01,http://id.who.int/icd/entity/882647079,http://id.who.int/icd/release/11/mms/882647079,1B21.1,,- - - Non-tuberculous mycobacterial lymphadenitis,- - - Lymphadénite à mycobactéries non-tuberculeuses,category,2,False,01,"=hyperlink(""https://icd.who.int/browse/latestrelease/mms/en#882647079"",""browser"")",True,True,BlockL1-1B1,,,,,,http://id.who.int/icd/entity/1839818377,
201,2026-01,http://id.who.int/icd/entity/1723965278,http://id.who.int/icd/release/11/mms/1723965278,1B21.2,,- - - Cutaneous non-tuberculous mycobacterial infection,- - - Infection cutanée à mycobactéries non-tuberculeuses,category,2,False,01,"=hyperlink(""https://icd.who.int/browse/latestrelease/mms/en#1723965278"",""browser"")",False,True,BlockL1-1B1,,,,,,http://id.who.int/icd/entity/1839818377,
202,2026-01,http://id.who.int/icd/entity/1974989140,http://id.who.int/icd/release/11/mms/1974989140,1B21.20,,- - - - Mycobacterium ulcerans infection,- - - - Infection à Mycobacterium ulcerans,category,3,False,01,"=hyperlink(""https://icd.who.int/browse/latestrelease/mms/en#1974989140"",""browser"")",True,True,BlockL1-1B1,,,,,,http://id.who.int/icd/entity/1723965278,
203,2026-01,,http://id.who.int/icd/release/11/mms/1723965278/other,1B21.2Y,,- - - - Cutaneous infection due to other specified non-tuberculous mycobacteria,- - - - Infection cutanée due à d'autres mycobactéries non-tuberculeuses précisées,category,3,True,01,"=hyperlink(""https://icd.who.int/browse/latestrelease/mms/en#1723965278/mms/other"",""browser"")",True,True,BlockL1-1B1,,,,,,http://id.who.int/icd/entity/1723965278,
204,2026-01,,http://id.who.int/icd/release/11/mms/1723965278/unspecified,1B21.2Z,,- - - - Cutaneous infection due to unspecified non-tuberculous mycobacteria,"- - - - Infection cutanée due à des mycobactéries non-tuberculeuses, sans précision",category,3,True,01,"=hyperlink(""https://icd.who.int/browse/latestrelease/mms/en#1723965278/mms/unspecified"",""browser"")",True,True,BlockL1-1B1,,,,,,http://id.who.int/icd/entity/1723965278,
205,2026-01,http://id.who.int/icd/entity/625446129,http://id.who.int/icd/release/11/mms/625446129,1B21.3,,- - - Disseminated non-tuberculous mycobacterial infection,- - - Infection disséminée à mycobactéries non-tuberculeuses,category,2,False,01,"=hyperlink(""https://icd.who.int/browse/latestrelease/mms/en#625446129"",""browser"")",True,True,BlockL1-1B1,,,,,,http://id.who.int/icd/entity/1839818377,
206,2026-01,http://id.who.int/icd/entity/1642291965,http://id.who.int/icd/release/11/mms/1642291965,1B21.4,,- - - Gastrointestinal non-tuberculous mycobacterial infection,- - - Infection gastro-intestinale à mycobactéries non-tuberculeuses,category,2,False,01,"=hyperlink(""https://icd.who.int/browse/latestrelease/mms/en#1642291965"",""browser"")",True,True,BlockL1-1B1,,,,,,http://id.who.int/icd/entity/1839818377,
207,2026-01,,http://id.who.int/icd/release/11/mms/1839818377/other,1B21.Y,,- - - Non-tuberculous mycobacterial infection of other specified site,- - - Infection mycobactérienne non-tuberculeuse d'un autre site précisé,category,2,True,01,"=hyperlink(""https://icd.who.int/browse/latestrelease/mms/en#1839818377/mms/other"",""browser"")",True,True,BlockL1-1B1,,,,,,http://id.who.int/icd/entity/1839818377,
208,2026-01,,http://id.who.int/icd/release/11/mms/1839818377/unspecified,1B21.Z,,- - - Non-tuberculous mycobacterial infection of unspecified site,- - - Infection mycobactérienne non-tuberculeuse de site non précisé,category,2,True,01,"=hyperlink(""https://icd.who.int/browse/latestrelease/mms/en#1839818377/mms/unspecified"",""browser"")",True,True,BlockL1-1B1,,,,,,http://id.who.int/icd/entity/1839818377,
209,2026-01,,http://id.who.int/icd/release/11/mms/979278646/other,1B2Y,,- - Other specified mycobacterial diseases,- - Autres maladies mycobactériennes,category,1,True,01,"=hyperlink(""https://icd.who.int/browse/latestrelease/mms/en#979278646/mms/other"",""browser"")",True,True,BlockL1-1B1,,,,,,http://id.who.int/icd/entity/979278646,
210,2026-01,,http://id.who.int/icd/release/11/mms/979278646/unspecified,1B2Z,,"- - Mycobacterial diseases, unspecified","- - Maladies mycobactériennes, sans précision",category,1,True,01,"=hyperlink(""https://icd.who.int/browse/latestrelease/mms/en#979278646/mms/unspecified"",""browser"")",True,True,BlockL1-1B1,,,,,,http://id.who.int/icd/entity/979278646,
211,2026-01,http://id.who.int/icd/entity/1539889147,http://id.who.int/icd/release/11/mms/1539889147,,BlockL1-1B4,- Certain staphylococcal or streptococcal diseases,- Certaines maladies à staphylocoques ou à streptocoques,block,1,False,01,"=hyperlink(""https://icd.who.int/browse/latestrelease/mms/en#1539889147"",""browser"")",False,,,,,,,,http://id.who.int/icd/entity/1435254666,
212,2026-01,http://id.who.int/icd/entity/871612151,http://id.who.int/icd/release/11/mms/871612151,,BlockL2-1B4,- - Acute rheumatic fever,- - Rhumatisme articulaire aigu,block,2,False,01,"=hyperlink(""https://icd.who.int/browse/latestrelease/mms/en#871612151"",""browser"")",False,,BlockL1-1B4,,,,,,http://id.who.int/icd/entity/1539889147,
213,2026-01,http://id.who.int/icd/entity/2058300982,http://id.who.int/icd/release/11/mms/2058300982,1B40,,- - - Acute rheumatic fever without mention of heart involvement,- - - Rhumatisme articulaire aigu sans mention d'atteinte cardiaque,category,1,False,01,"=hyperlink(""https://icd.who.int/browse/latestrelease/mms/en#2058300982"",""browser"")",False,True,BlockL1-1B4,BlockL2-1B4,,,,,http://id.who.int/icd/entity/871612151,
214,2026-01,http://id.who.int/icd/entity/1097470385,http://id.who.int/icd/release/11/mms/1097470385,1B40.0,,"- - - - Rheumatic arthritis, acute or subacute",- - - - Arthrite rhumatismale aigüe ou subaigüe,category,2,False,01,"=hyperlink(""https://icd.who.int/browse/latestrelease/mms/en#1097470385"",""browser"")",True,True,BlockL1-1B4,BlockL2-1B4,,,,,http://id.who.int/icd/entity/2058300982,
215,2026-01,,http://id.who.int/icd/release/11/mms/2058300982/other,1B40.Y,,- - - - Other specified acute rheumatic fever without mention of heart involvement,- - - - Autres rhumatisme articulaire aigu sans mention d'atteinte cardiaque,category,2,True,01,"=hyperlink(""https://icd.who.int/browse/latestrelease/mms/en#2058300982/mms/other"",""browser"")",True,True,BlockL1-1B4,BlockL2-1B4,,,,,http://id.who.int/icd/entity/2058300982,
216,2026-01,,http://id.who.int/icd/release/11/mms/2058300982/unspecified,1B40.Z,,"- - - - Acute rheumatic fever without mention of heart involvement, unspecified","- - - - Rhumatisme articulaire aigu sans mention d'atteinte cardiaque, sans précision",category,2,True,01,"=hyperlink(""https://icd.who.int/browse/latestrelease/mms/en#2058300982/mms/unspecified"",""browser"")",True,True,BlockL1-1B4,BlockL2-1B4,,,,,http://id.who.int/icd/entity/2058300982,
217,2026-01,http://id.who.int/icd/entity/535094176,http://id.who.int/icd/release/11/mms/535094176,1B41,,- - - Acute rheumatic fever with heart involvement,- - - Rhumatisme articulaire aigu avec atteinte cardiaque,category,1,False,01,"=hyperlink(""https://icd.who.int/browse/latestrelease/mms/en#535094176"",""browser"")",False,True,BlockL1-1B4,BlockL2-1B4,,,,,http://id.who.int/icd/entity/871612151,
218,2026-01,http://id.who.int/icd/entity/869759708,http://id.who.int/icd/release/11/mms/869759708,1B41.0,,- - - - Acute rheumatic pericarditis,- - - - Péricardite rhumatismale aigüe,category,2,False,01,"=hyperlink(""https://icd.who.int/browse/latestrelease/mms/en#869759708"",""browser"")",True,True,BlockL1-1B4,BlockL2-1B4,,,,,http://id.who.int/icd/entity/535094176,
219,2026-01,http://id.who.int/icd/entity/1453111118,http://id.who.int/icd/release/11/mms/1453111118,1B41.1,,- - - - Acute rheumatic endocarditis,- - - - Endocardite rhumatismale aigüe,category,2,False,01,"=hyperlink(""https://icd.who.int/browse/latestrelease/mms/en#1453111118"",""browser"")",False,True,BlockL1-1B4,BlockL2-1B4,,,,,http://id.who.int/icd/entity/535094176,
220,2026-01,http://id.who.int/icd/entity/1384553803,http://id.who.int/icd/release/11/mms/1384553803,1B41.10,,- - - - - Rheumatic aortitis,- - - - - Aortite rhumatismale,category,3,False,01,"=hyperlink(""https://icd.who.int/browse/latestrelease/mms/en#1384553803"",""browser"")",True,True,BlockL1-1B4,BlockL2-1B4,,,,,http://id.who.int/icd/entity/1453111118,
221,2026-01,,http://id.who.int/icd/release/11/mms/1453111118/other,1B41.1Y,,- - - - - Other specified acute rheumatic endocarditis,- - - - - Autres endocardite rhumatismale aigüe,category,3,True,01,"=hyperlink(""https://icd.who.int/browse/latestrelease/mms/en#1453111118/mms/other"",""browser"")",True,True,BlockL1-1B4,BlockL2-1B4,,,,,http://id.who.int/icd/entity/1453111118,
222,2026-01,,http://id.who.int/icd/release/11/mms/1453111118/unspecified,1B41.1Z,,"- - - - - Acute rheumatic endocarditis, unspecified","- - - - - Endocardite rhumatismale aigüe, sans précision",category,3,True,01,"=hyperlink(""https://icd.who.int/browse/latestrelease/mms/en#1453111118/mms/unspecified"",""browser"")",True,True,BlockL1-1B4,BlockL2-1B4,,,,,http://id.who.int/icd/entity/1453111118,
223,2026-01,http://id.who.int/icd/entity/573695921,http://id.who.int/icd/release/11/mms/573695921,1B41.2,,- - - - Acute rheumatic myocarditis,- - - - Myocardite rhumatismale aigüe,category,2,False,01,"=hyperlink(""https://icd.who.int/browse/latestrelease/mms/en#573695921"",""browser"")",True,True,BlockL1-1B4,BlockL2-1B4,,,,,http://id.who.int/icd/entity/535094176,
224,2026-01,,http://id.who.int/icd/release/11/mms/535094176/other,1B41.Y,,- - - - Other acute rheumatic heart disease,- - - - Autres rhumatisme articulaire aigu avec atteinte cardiaque,category,2,True,01,"=hyperlink(""https://icd.who.int/browse/latestrelease/mms/en#535094176/mms/other"",""browser"")",True,True,BlockL1-1B4,BlockL2-1B4,,,,,http://id.who.int/icd/entity/535094176,
225,2026-01,,http://id.who.int/icd/release/11/mms/535094176/unspecified,1B41.Z,,"- - - - Acute rheumatic heart disease, unspecified","- - - - Rhumatisme articulaire aigu avec atteinte cardiaque, sans précision",category,2,True,01,"=hyperlink(""https://icd.who.int/browse/latestrelease/mms/en#535094176/mms/unspecified"",""browser"")",True,True,BlockL1-1B4,BlockL2-1B4,,,,,http://id.who.int/icd/entity/535094176,
226,2026-01,http://id.who.int/icd/entity/1799992159,http://id.who.int/icd/release/11/mms/1799992159,1B42,,- - - Rheumatic chorea,- - - Chorée rhumatismale,category,1,False,01,"=hyperlink(""https://icd.who.int/browse/latestrelease/mms/en#1799992159"",""browser"")",True,True,BlockL1-1B4,BlockL2-1B4,,,,,http://id.who.int/icd/entity/871612151,
227,2026-01,http://id.who.int/icd/entity/107294155,http://id.who.int/icd/release/11/mms/107294155,1B50,,- - Scarlet fever,- - Scarlatine,category,1,False,01,"=hyperlink(""https://icd.who.int/browse/latestrelease/mms/en#107294155"",""browser"")",True,True,BlockL1-1B4,,,,,,http://id.who.int/icd/entity/1539889147,
228,2026-01,http://id.who.int/icd/entity/1642172022,http://id.who.int/icd/release/11/mms/1642172022,1B51,,- - Streptococcal pharyngitis,- - Pharyngite à streptocoques,category,1,False,01,"=hyperlink(""https://icd.who.int/browse/latestrelease/mms/en#1642172022"",""browser"")",True,True,BlockL1-1B4,,,,,,http://id.who.int/icd/entity/1539889147,
229,2026-01,http://id.who.int/icd/entity/705971711,http://id.who.int/icd/release/11/mms/705971711,1B53,,- - Meningitis due to Streptococcus,- - Méningite due aux streptocoques,category,1,False,01,"=hyperlink(""https://icd.who.int/browse/latestrelease/mms/en#705971711"",""browser"")",True,True,BlockL1-1B4,,,,,,http://id.who.int/icd/entity/1539889147,
230,2026-01,http://id.who.int/icd/entity/1331660907,http://id.who.int/icd/release/11/mms/1331660907,1B54,,- - Meningitis due to Staphylococcus,- - Méningite due aux staphylocoques,category,1,False,01,"=hyperlink(""https://icd.who.int/browse/latestrelease/mms/en#1331660907"",""browser"")",True,True,BlockL1-1B4,,,,,,http://id.who.int/icd/entity/1539889147,
231,2026-01,,http://id.who.int/icd/release/11/mms/1539889147/other,1B5Y,,- - Other specified staphylococcal or streptococcal diseases,- - Autres maladies à staphylocoques ou à streptocoques précisées,category,1,True,01,"=hyperlink(""https://icd.who.int/browse/latestrelease/mms/en#1539889147/mms/other"",""browser"")",True,True,BlockL1-1B4,,,,,,http://id.who.int/icd/entity/1539889147,
232,2026-01,,http://id.who.int/icd/release/11/mms/1539889147/unspecified,1B5Z,,"- - Staphylococcal or streptococcal diseases, unspecified","- - Certaines maladies à staphylocoques ou à streptocoques, sans précision",category,1,True,01,"=hyperlink(""https://icd.who.int/browse/latestrelease/mms/en#1539889147/mms/unspecified"",""browser"")",True,True,BlockL1-1B4,,,,,,http://id.who.int/icd/entity/1539889147,
233,2026-01,http://id.who.int/icd/entity/1412960686,http://id.who.int/icd/release/11/mms/1412960686,,BlockL1-1B7,- Pyogenic bacterial infections of the skin or subcutaneous tissues,- Infections bactériennes pyogènes de la peau ou des tissus souscutanés,block,1,False,01,"=hyperlink(""https://icd.who.int/browse/latestrelease/mms/en#1412960686"",""browser"")",False,,,,,,,,http://id.who.int/icd/entity/1435254666,
234,2026-01,http://id.who.int/icd/entity/2144774073,http://id.who.int/icd/release/11/mms/2144774073,1B70,,"- - Bacterial cellulitis, erysipelas or lymphangitis","- - Cellulite bactérienne, érysipèle ou lymphangite",category,1,False,01,"=hyperlink(""https://icd.who.int/browse/latestrelease/mms/en#2144774073"",""browser"")",False,True,BlockL1-1B7,,,,,,http://id.who.int/icd/entity/1412960686,
235,2026-01,http://id.who.int/icd/entity/1651247891,http://id.who.int/icd/release/11/mms/1651247891,1B70.0,,- - - Erysipelas,- - - Érysipèle,category,2,False,01,"=hyperlink(""https://icd.who.int/browse/latestrelease/mms/en#1651247891"",""browser"")",False,True,BlockL1-1B7,,,,,,http://id.who.int/icd/entity/2144774073,
236,2026-01,http://id.who.int/icd/entity/896866865,http://id.who.int/icd/release/11/mms/896866865,1B70.00,,- - - - Erysipelas of face,- - - - Érysipèle du visage,category,3,False,01,"=hyperlink(""https://icd.who.int/browse/latestrelease/mms/en#896866865"",""browser"")",True,True,BlockL1-1B7,,,,,,http://id.who.int/icd/entity/1651247891,
237,2026-01,http://id.who.int/icd/entity/348525836,http://id.who.int/icd/release/11/mms/348525836,1B70.01,,- - - - Erysipelas of external ear,- - - - Érysipèle de l'oreille externe,category,3,False,01,"=hyperlink(""https://icd.who.int/browse/latestrelease/mms/en#348525836"",""browser"")",True,True,BlockL1-1B7,,,,,,http://id.who.int/icd/entity/1651247891,
238,2026-01,http://id.who.int/icd/entity/1200236878,http://id.who.int/icd/release/11/mms/1200236878,1B70.02,,- - - - Erysipelas of lower limb,- - - - Érysipèle du membre inférieur,category,3,False,01,"=hyperlink(""https://icd.who.int/browse/latestrelease/mms/en#1200236878"",""browser"")",True,True,BlockL1-1B7,,,,,,http://id.who.int/icd/entity/1651247891,
239,2026-01,,http://id.who.int/icd/release/11/mms/1651247891/other,1B70.0Y,,- - - - Erysipelas of other specified site,- - - - Érysipèle d'une autre localisation précisée,category,3,True,01,"=hyperlink(""https://icd.who.int/browse/latestrelease/mms/en#1651247891/mms/other"",""browser"")",True,True,BlockL1-1B7,,,,,,http://id.who.int/icd/entity/1651247891,
240,2026-01,,http://id.who.int/icd/release/11/mms/1651247891/unspecified,1B70.0Z,,"- - - - Erysipelas, unspecified","- - - - Erysipèle, sans précision",category,3,True,01,"=hyperlink(""https://icd.who.int/browse/latestrelease/mms/en#1651247891/mms/unspecified"",""browser"")",True,True,BlockL1-1B7,,,,,,http://id.who.int/icd/entity/1651247891,
241,2026-01,http://id.who.int/icd/entity/284578658,http://id.who.int/icd/release/11/mms/284578658,1B70.1,,- - - Streptococcal cellulitis of skin,- - - Cellulite streptococcique de la peau,category,2,False,01,"=hyperlink(""https://icd.who.int/browse/latestrelease/mms/en#284578658"",""browser"")",True,True,BlockL1-1B7,,,,,,http://id.who.int/icd/entity/2144774073,
242,2026-01,http://id.who.int/icd/entity/2033345174,http://id.who.int/icd/release/11/mms/2033345174,1B70.2,,- - - Staphylococcal cellulitis of skin,- - - Cellulite staphylococcique de la peau,category,2,False,01,"=hyperlink(""https://icd.who.int/browse/latestrelease/mms/en#2033345174"",""browser"")",True,True,BlockL1-1B7,,,,,,http://id.who.int/icd/entity/2144774073,
243,2026-01,http://id.who.int/icd/entity/845065622,http://id.who.int/icd/release/11/mms/845065622,1B70.3,,- - - Ascending bacterial lymphangitis,- - - Lymphangite bactérienne ascendante,category,2,False,01,"=hyperlink(""https://icd.who.int/browse/latestrelease/mms/en#845065622"",""browser"")",True,True,BlockL1-1B7,,,,,,http://id.who.int/icd/entity/2144774073,
244,2026-01,,http://id.who.int/icd/release/11/mms/2144774073/other,1B70.Y,,- - - Bacterial cellulitis or lymphangitis due to other specified bacterium,- - - Cellulite bactérienne ou lymphangite due à d'autres agents bactériens précisés,category,2,True,01,"=hyperlink(""https://icd.who.int/browse/latestrelease/mms/en#2144774073/mms/other"",""browser"")",True,True,BlockL1-1B7,,,,,,http://id.who.int/icd/entity/2144774073,
245,2026-01,,http://id.who.int/icd/release/11/mms/2144774073/unspecified,1B70.Z,,- - - Bacterial cellulitis or lymphangitis due to unspecified bacterium,- - - Cellulite bactérienne ou lymphangite due à un agent bactérien non précisé,category,2,True,01,"=hyperlink(""https://icd.who.int/browse/latestrelease/mms/en#2144774073/mms/unspecified"",""browser"")",True,True,BlockL1-1B7,,,,,,http://id.who.int/icd/entity/2144774073,
246,2026-01,http://id.who.int/icd/entity/522973276,http://id.who.int/icd/release/11/mms/522973276,1B71,,- - Necrotising fasciitis,- - Fasciite nécrosante,category,1,False,01,"=hyperlink(""https://icd.who.int/browse/latestrelease/mms/en#522973276"",""browser"")",False,True,BlockL1-1B7,,,,,,http://id.who.int/icd/entity/1412960686,
247,2026-01,http://id.who.int/icd/entity/270373865,http://id.who.int/icd/release/11/mms/270373865,1B71.0,,- - - Streptococcal necrotising fasciitis,- - - Fasciite nécrosante à streptocoque,category,2,False,01,"=hyperlink(""https://icd.who.int/browse/latestrelease/mms/en#270373865"",""browser"")",True,True,BlockL1-1B7,,,,,,http://id.who.int/icd/entity/522973276,
248,2026-01,http://id.who.int/icd/entity/270802913,http://id.who.int/icd/release/11/mms/270802913,1B71.1,,- - - Polymicrobial necrotising fasciitis,- - - Fasciite nécrosante polymicrobienne,category,2,False,01,"=hyperlink(""https://icd.who.int/browse/latestrelease/mms/en#270802913"",""browser"")",True,True,BlockL1-1B7,,,,,,http://id.who.int/icd/entity/522973276,
249,2026-01,http://id.who.int/icd/entity/1681155693,http://id.who.int/icd/release/11/mms/1681155693,1B71.2,,- - - Neonatal necrotising fasciitis,- - - Fasciite nécrosante néonatale,category,2,False,01,"=hyperlink(""https://icd.who.int/browse/latestrelease/mms/en#1681155693"",""browser"")",True,True,BlockL1-1B7,,,,,,http://id.who.int/icd/entity/522973276,
250,2026-01,,http://id.who.int/icd/release/11/mms/522973276/other,1B71.Y,,- - - Necrotising fasciitis due to other specified bacterial infection,- - - Autres fasciite nécrosante,category,2,True,01,"=hyperlink(""https://icd.who.int/browse/latestrelease/mms/en#522973276/mms/other"",""browser"")",True,True,BlockL1-1B7,,,,,,http://id.who.int/icd/entity/522973276,
251,2026-01,,http://id.who.int/icd/release/11/mms/522973276/unspecified,1B71.Z,,"- - - Necrotising fasciitis, unspecified","- - - Fasciite nécrosante, sans précision",category,2,True,01,"=hyperlink(""https://icd.who.int/browse/latestrelease/mms/en#522973276/mms/unspecified"",""browser"")",True,True,BlockL1-1B7,,,,,,http://id.who.int/icd/entity/522973276,
252,2026-01,http://id.who.int/icd/entity/971176543,http://id.who.int/icd/release/11/mms/971176543,1B72,,- - Impetigo,- - Impétigo,category,1,False,01,"=hyperlink(""https://icd.who.int/browse/latestrelease/mms/en#971176543"",""browser"")",False,True,BlockL1-1B7,,,,,,http://id.who.int/icd/entity/1412960686,
253,2026-01,http://id.who.int/icd/entity/1398484288,http://id.who.int/icd/release/11/mms/1398484288,1B72.0,,- - - Bullous impetigo,- - - Impétigo bulleux,category,2,False,01,"=hyperlink(""https://icd.who.int/browse/latestrelease/mms/en#1398484288"",""browser"")",True,True,BlockL1-1B7,,,,,,http://id.who.int/icd/entity/971176543,
254,2026-01,http://id.who.int/icd/entity/25824900,http://id.who.int/icd/release/11/mms/25824900,1B72.1,,- - - Non-bullous impetigo,- - - Impétigo non-bulleux,category,2,False,01,"=hyperlink(""https://icd.who.int/browse/latestrelease/mms/en#25824900"",""browser"")",True,True,BlockL1-1B7,,,,,,http://id.who.int/icd/entity/971176543,
255,2026-01,http://id.who.int/icd/entity/2034126013,http://id.who.int/icd/release/11/mms/2034126013,1B72.2,,- - - Secondary impetiginisation of the skin,- - - Impétiginisation secondaire de la peau,category,2,False,01,"=hyperlink(""https://icd.who.int/browse/latestrelease/mms/en#2034126013"",""browser"")",True,True,BlockL1-1B7,,,,,,http://id.who.int/icd/entity/971176543,
256,2026-01,,http://id.who.int/icd/release/11/mms/971176543/other,1B72.Y,,- - - Other specified impetigo,- - - Autres impétigo,category,2,True,01,"=hyperlink(""https://icd.who.int/browse/latestrelease/mms/en#971176543/mms/other"",""browser"")",True,True,BlockL1-1B7,,,,,,http://id.who.int/icd/entity/971176543,
257,2026-01,,http://id.who.int/icd/release/11/mms/971176543/unspecified,1B72.Z,,"- - - Impetigo, unspecified","- - - Impétigo, sans précision",category,2,True,01,"=hyperlink(""https://icd.who.int/browse/latestrelease/mms/en#971176543/mms/unspecified"",""browser"")",True,True,BlockL1-1B7,,,,,,http://id.who.int/icd/entity/971176543,
258,2026-01,http://id.who.int/icd/entity/337308923,http://id.who.int/icd/release/11/mms/337308923,1B73,,- - Ecthyma,- - Ecthyma,category,1,False,01,"=hyperlink(""https://icd.who.int/browse/latestrelease/mms/en#337308923"",""browser"")",False,True,BlockL1-1B7,,,,,,http://id.who.int/icd/entity/1412960686,
259,2026-01,http://id.who.int/icd/entity/229362936,http://id.who.int/icd/release/11/mms/229362936,1B73.0,,- - - Streptococcal ecthyma,- - - Ecthyma à streptocoque,category,2,False,01,"=hyperlink(""https://icd.who.int/browse/latestrelease/mms/en#229362936"",""browser"")",True,True,BlockL1-1B7,,,,,,http://id.who.int/icd/entity/337308923,
260,2026-01,http://id.who.int/icd/entity/1677671323,http://id.who.int/icd/release/11/mms/1677671323,1B73.1,,- - - Staphylococcal ecthyma,- - - Ecthyma staphylococcique,category,2,False,01,"=hyperlink(""https://icd.who.int/browse/latestrelease/mms/en#1677671323"",""browser"")",True,True,BlockL1-1B7,,,,,,http://id.who.int/icd/entity/337308923,
261,2026-01,http://id.who.int/icd/entity/1634854510,http://id.who.int/icd/release/11/mms/1634854510,1B73.2,,- - - Ecthyma gangrenosum,- - - Ecthyma gangreneux,category,2,False,01,"=hyperlink(""https://icd.who.int/browse/latestrelease/mms/en#1634854510"",""browser"")",True,True,BlockL1-1B7,,,,,,http://id.who.int/icd/entity/337308923,
262,2026-01,,http://id.who.int/icd/release/11/mms/337308923/other,1B73.Y,,- - - Other specified ecthyma,- - - Autres ecthyma,category,2,True,01,"=hyperlink(""https://icd.who.int/browse/latestrelease/mms/en#337308923/mms/other"",""browser"")",True,True,BlockL1-1B7,,,,,,http://id.who.int/icd/entity/337308923,
263,2026-01,,http://id.who.int/icd/release/11/mms/337308923/unspecified,1B73.Z,,"- - - Ecthyma, unspecified","- - - Ecthyma, sans précision",category,2,True,01,"=hyperlink(""https://icd.who.int/browse/latestrelease/mms/en#337308923/mms/unspecified"",""browser"")",True,True,BlockL1-1B7,,,,,,http://id.who.int/icd/entity/337308923,
264,2026-01,http://id.who.int/icd/entity/1622653958,http://id.who.int/icd/release/11/mms/1622653958,1B74,,- - Superficial bacterial folliculitis,- - Folliculite bactérienne superficielle,category,1,False,01,"=hyperlink(""https://icd.who.int/browse/latestrelease/mms/en#1622653958"",""browser"")",False,True,BlockL1-1B7,,,,,,http://id.who.int/icd/entity/1412960686,
265,2026-01,http://id.who.int/icd/entity/1929235891,http://id.who.int/icd/release/11/mms/1929235891,1B74.0,,- - - Staphylococcus aureus superficial folliculitis,- - - Folliculite superficielle à Staphylococcus aureus,category,2,False,01,"=hyperlink(""https://icd.who.int/browse/latestrelease/mms/en#1929235891"",""browser"")",True,True,BlockL1-1B7,,,,,,http://id.who.int/icd/entity/1622653958,
266,2026-01,,http://id.who.int/icd/release/11/mms/1622653958/other,1B74.Y,,- - - Superficial bacterial folliculitis due to other specified organism,- - - Folliculite bactérienne superficielle due à d'autres organismes précisés,category,2,True,01,"=hyperlink(""https://icd.who.int/browse/latestrelease/mms/en#1622653958/mms/other"",""browser"")",True,True,BlockL1-1B7,,,,,,http://id.who.int/icd/entity/1622653958,
267,2026-01,,http://id.who.int/icd/release/11/mms/1622653958/unspecified,1B74.Z,,- - - Superficial bacterial folliculitis due to unspecified organism,- - - Folliculite bactérienne superficielle due à d'autres organismes non précisés,category,2,True,01,"=hyperlink(""https://icd.who.int/browse/latestrelease/mms/en#1622653958/mms/unspecified"",""browser"")",True,True,BlockL1-1B7,,,,,,http://id.who.int/icd/entity/1622653958,
268,2026-01,http://id.who.int/icd/entity/46117627,http://id.who.int/icd/release/11/mms/46117627,1B75,,- - Deep bacterial folliculitis or pyogenic abscess of the skin,- - Folliculite bactérienne profonde ou abcès pyogénique de la peau,category,1,False,01,"=hyperlink(""https://icd.who.int/browse/latestrelease/mms/en#46117627"",""browser"")",False,True,BlockL1-1B7,,,,,,http://id.who.int/icd/entity/1412960686,
269,2026-01,http://id.who.int/icd/entity/1081137172,http://id.who.int/icd/release/11/mms/1081137172,1B75.0,,- - - Furuncle,- - - Furoncle,category,2,False,01,"=hyperlink(""https://icd.who.int/browse/latestrelease/mms/en#1081137172"",""browser"")",True,True,BlockL1-1B7,,,,,,http://id.who.int/icd/entity/46117627,
270,2026-01,http://id.who.int/icd/entity/1456834066,http://id.who.int/icd/release/11/mms/1456834066,1B75.1,,- - - Carbuncle,- - - Anthrax,category,2,False,01,"=hyperlink(""https://icd.who.int/browse/latestrelease/mms/en#1456834066"",""browser"")",True,True,BlockL1-1B7,,,,,,http://id.who.int/icd/entity/46117627,
271,2026-01,http://id.who.int/icd/entity/1194531705,http://id.who.int/icd/release/11/mms/1194531705,1B75.2,,- - - Furunculosis,- - - Furonculose,category,2,False,01,"=hyperlink(""https://icd.who.int/browse/latestrelease/mms/en#1194531705"",""browser"")",True,True,BlockL1-1B7,,,,,,http://id.who.int/icd/entity/46117627,
272,2026-01,http://id.who.int/icd/entity/1324834502,http://id.who.int/icd/release/11/mms/1324834502,1B75.3,,- - - Pyogenic abscess of the skin,- - - Abcès pyogénique de la peau,category,2,False,01,"=hyperlink(""https://icd.who.int/browse/latestrelease/mms/en#1324834502"",""browser"")",True,True,BlockL1-1B7,,,,,,http://id.who.int/icd/entity/46117627,
273,2026-01,http://id.who.int/icd/entity/25801498,http://id.who.int/icd/release/11/mms/25801498,1B75.4,,- - - Chronic deep bacterial folliculitis,- - - Folliculite bactérienne profonde chronique,category,2,False,01,"=hyperlink(""https://icd.who.int/browse/latestrelease/mms/en#25801498"",""browser"")",True,True,BlockL1-1B7,,,,,,http://id.who.int/icd/entity/46117627,
274,2026-01,,http://id.who.int/icd/release/11/mms/46117627/unspecified,1B75.Z,,"- - - Deep bacterial folliculitis or pyogenic abscess of the skin, unspecified","- - - Folliculite bactérienne profonde ou abcès pyogénique de la peau, sans précision",category,2,True,01,"=hyperlink(""https://icd.who.int/browse/latestrelease/mms/en#46117627/mms/unspecified"",""browser"")",True,True,BlockL1-1B7,,,,,,http://id.who.int/icd/entity/46117627,
275,2026-01,,http://id.who.int/icd/release/11/mms/1412960686/other,1B7Y,,- - Other specified pyogenic bacterial infection of skin or subcutaneous tissue,- - Autres infections bactériennes pyogènes de la peau ou des tissus souscutanés spécifiée,category,1,True,01,"=hyperlink(""https://icd.who.int/browse/latestrelease/mms/en#1412960686/mms/other"",""browser"")",True,True,BlockL1-1B7,,,,,,http://id.who.int/icd/entity/1412960686,
276,2026-01,,http://id.who.int/icd/release/11/mms/1412960686/unspecified,1B7Z,,"- - Pyogenic bacterial infection of skin or subcutaneous tissue, unspecified","- - Infections bactériennes pyogènes de la peau ou des tissus souscutanés, sans précision",category,1,True,01,"=hyperlink(""https://icd.who.int/browse/latestrelease/mms/en#1412960686/mms/unspecified"",""browser"")",True,True,BlockL1-1B7,,,,,,http://id.who.int/icd/entity/1412960686,
277,2026-01,http://id.who.int/icd/entity/1935092859,http://id.who.int/icd/release/11/mms/1935092859,,BlockL1-1B9,- Certain zoonotic bacterial diseases,- Certaines anthropozoonoses bactériennes précisées,block,1,False,01,"=hyperlink(""https://icd.who.int/browse/latestrelease/mms/en#1935092859"",""browser"")",False,,,,,,,,http://id.who.int/icd/entity/1435254666,
278,2026-01,http://id.who.int/icd/entity/1026551291,http://id.who.int/icd/release/11/mms/1026551291,1B90,,- - Rat-bite fevers,- - Fièvres causées par morsure de rat,category,1,False,01,"=hyperlink(""https://icd.who.int/browse/latestrelease/mms/en#1026551291"",""browser"")",False,True,BlockL1-1B9,,,,,,http://id.who.int/icd/entity/1935092859,
279,2026-01,http://id.who.int/icd/entity/1104357482,http://id.who.int/icd/release/11/mms/1104357482,1B90.0,,- - - Spirillosis,- - - Spirillose,category,2,False,01,"=hyperlink(""https://icd.who.int/browse/latestrelease/mms/en#1104357482"",""browser"")",True,True,BlockL1-1B9,,,,,,http://id.who.int/icd/entity/1026551291,
280,2026-01,http://id.who.int/icd/entity/614000128,http://id.who.int/icd/release/11/mms/614000128,1B90.1,,- - - Streptobacillosis,- - - Streptobacillose,category,2,False,01,"=hyperlink(""https://icd.who.int/browse/latestrelease/mms/en#614000128"",""browser"")",True,True,BlockL1-1B9,,,,,,http://id.who.int/icd/entity/1026551291,
281,2026-01,,http://id.who.int/icd/release/11/mms/1026551291/other,1B90.Y,,- - - Other specified rat-bite fevers,- - - Autres fièvres causées par morsure de rat,category,2,True,01,"=hyperlink(""https://icd.who.int/browse/latestrelease/mms/en#1026551291/mms/other"",""browser"")",True,True,BlockL1-1B9,,,,,,http://id.who.int/icd/entity/1026551291,
282,2026-01,,http://id.who.int/icd/release/11/mms/1026551291/unspecified,1B90.Z,,"- - - Rat-bite fevers, unspecified","- - - Fièvres causées par morsure de rat, sans précision",category,2,True,01,"=hyperlink(""https://icd.who.int/browse/latestrelease/mms/en#1026551291/mms/unspecified"",""browser"")",True,True,BlockL1-1B9,,,,,,http://id.who.int/icd/entity/1026551291,
283,2026-01,http://id.who.int/icd/entity/751399056,http://id.who.int/icd/release/11/mms/751399056,1B91,,- - Leptospirosis,- - Leptospirose,category,1,False,01,"=hyperlink(""https://icd.who.int/browse/latestrelease/mms/en#751399056"",""browser"")",True,True,BlockL1-1B9,,,,,,http://id.who.int/icd/entity/1935092859,
284,2026-01,http://id.who.int/icd/entity/1563156715,http://id.who.int/icd/release/11/mms/1563156715,1B92,,- - Glanders,- - Morve,category,1,False,01,"=hyperlink(""https://icd.who.int/browse/latestrelease/mms/en#1563156715"",""browser"")",True,True,BlockL1-1B9,,,,,,http://id.who.int/icd/entity/1935092859,
285,2026-01,http://id.who.int/icd/entity/1596449540,http://id.who.int/icd/release/11/mms/1596449540,1B93,,- - Plague,- - Peste,category,1,False,01,"=hyperlink(""https://icd.who.int/browse/latestrelease/mms/en#1596449540"",""browser"")",False,True,BlockL1-1B9,,,,,,http://id.who.int/icd/entity/1935092859,
286,2026-01,http://id.who.int/icd/entity/1742025109,http://id.who.int/icd/release/11/mms/1742025109,1B93.0,,- - - Bubonic plague,- - - Peste bubonique,category,2,False,01,"=hyperlink(""https://icd.who.int/browse/latestrelease/mms/en#1742025109"",""browser"")",True,True,BlockL1-1B9,,,,,,http://id.who.int/icd/entity/1596449540,
287,2026-01,http://id.who.int/icd/entity/43973633,http://id.who.int/icd/release/11/mms/43973633,1B93.1,,- - - Cellulocutaneous plague,- - - Peste cutanée,category,2,False,01,"=hyperlink(""https://icd.who.int/browse/latestrelease/mms/en#43973633"",""browser"")",True,True,BlockL1-1B9,,,,,,http://id.who.int/icd/entity/1596449540,
288,2026-01,http://id.who.int/icd/entity/1983098110,http://id.who.int/icd/release/11/mms/1983098110,1B93.2,,- - - Pneumonic plague,- - - Peste pneumonique,category,2,False,01,"=hyperlink(""https://icd.who.int/browse/latestrelease/mms/en#1983098110"",""browser"")",True,True,BlockL1-1B9,,,,,,http://id.who.int/icd/entity/1596449540,
289,2026-01,http://id.who.int/icd/entity/326656364,http://id.who.int/icd/release/11/mms/326656364,1B93.3,,- - - Plague meningitis,- - - Peste méningée,category,2,False,01,"=hyperlink(""https://icd.who.int/browse/latestrelease/mms/en#326656364"",""browser"")",True,True,BlockL1-1B9,,,,,,http://id.who.int/icd/entity/1596449540,
290,2026-01,,http://id.who.int/icd/release/11/mms/1596449540/other,1B93.Y,,- - - Other specified plague,- - - Autre peste précisée,category,2,True,01,"=hyperlink(""https://icd.who.int/browse/latestrelease/mms/en#1596449540/mms/other"",""browser"")",True,True,BlockL1-1B9,,,,,,http://id.who.int/icd/entity/1596449540,
291,2026-01,,http://id.who.int/icd/release/11/mms/1596449540/unspecified,1B93.Z,,"- - - Plague, unspecified","- - - Peste, sans précision",category,2,True,01,"=hyperlink(""https://icd.who.int/browse/latestrelease/mms/en#1596449540/mms/unspecified"",""browser"")",True,True,BlockL1-1B9,,,,,,http://id.who.int/icd/entity/1596449540,
292,2026-01,http://id.who.int/icd/entity/980168338,http://id.who.int/icd/release/11/mms/980168338,1B94,,- - Tularaemia,- - Tularémie,category,1,False,01,"=hyperlink(""https://icd.who.int/browse/latestrelease/mms/en#980168338"",""browser"")",False,True,BlockL1-1B9,,,,,,http://id.who.int/icd/entity/1935092859,
293,2026-01,http://id.who.int/icd/entity/2066610452,http://id.who.int/icd/release/11/mms/2066610452,1B94.0,,- - - Ulceroglandular tularaemia,- - - Tularémie ulcéroglandulaire,category,2,False,01,"=hyperlink(""https://icd.who.int/browse/latestrelease/mms/en#2066610452"",""browser"")",True,True,BlockL1-1B9,,,,,,http://id.who.int/icd/entity/980168338,
294,2026-01,,http://id.who.int/icd/release/11/mms/980168338/other,1B94.Y,,- - - Other specified tularaemia,- - - Autres tularémies précisées,category,2,True,01,"=hyperlink(""https://icd.who.int/browse/latestrelease/mms/en#980168338/mms/other"",""browser"")",True,True,BlockL1-1B9,,,,,,http://id.who.int/icd/entity/980168338,
295,2026-01,,http://id.who.int/icd/release/11/mms/980168338/unspecified,1B94.Z,,"- - - Tularaemia, unspecified","- - - Tularémie, sans précision",category,2,True,01,"=hyperlink(""https://icd.who.int/browse/latestrelease/mms/en#980168338/mms/unspecified"",""browser"")",True,True,BlockL1-1B9,,,,,,http://id.who.int/icd/entity/980168338,
296,2026-01,http://id.who.int/icd/entity/730510331,http://id.who.int/icd/release/11/mms/730510331,1B95,,- - Brucellosis,- - Brucellose,category,1,False,01,"=hyperlink(""https://icd.who.int/browse/latestrelease/mms/en#730510331"",""browser"")",True,True,BlockL1-1B9,,,,,,http://id.who.int/icd/entity/1935092859,
297,2026-01,http://id.who.int/icd/entity/1233304838,http://id.who.int/icd/release/11/mms/1233304838,1B96,,- - Erysipeloid,- - Érysipéloïde,category,1,False,01,"=hyperlink(""https://icd.who.int/browse/latestrelease/mms/en#1233304838"",""browser"")",True,True,BlockL1-1B9,,,,,,http://id.who.int/icd/entity/1935092859,
298,2026-01,http://id.who.int/icd/entity/1321303663,http://id.who.int/icd/release/11/mms/1321303663,1B97,,- - Anthrax,- - Charbon,category,1,False,01,"=hyperlink(""https://icd.who.int/browse/latestrelease/mms/en#1321303663"",""browser"")",True,True,BlockL1-1B9,,,,,,http://id.who.int/icd/entity/1935092859,
299,2026-01,http://id.who.int/icd/entity/2003001085,http://id.who.int/icd/release/11/mms/2003001085,1B98,,- - Cat-scratch disease,- - Maladie des griffes du chat,category,1,False,01,"=hyperlink(""https://icd.who.int/browse/latestrelease/mms/en#2003001085"",""browser"")",True,True,BlockL1-1B9,,,,,,http://id.who.int/icd/entity/1935092859,
300,2026-01,http://id.who.int/icd/entity/304649065,http://id.who.int/icd/release/11/mms/304649065,1B99,,- - Pasteurellosis,- - Pasteurellose,category,1,False,01,"=hyperlink(""https://icd.who.int/browse/latestrelease/mms/en#304649065"",""browser"")",True,True,BlockL1-1B9,,,,,,http://id.who.int/icd/entity/1935092859,
301,2026-01,http://id.who.int/icd/entity/63835650,http://id.who.int/icd/release/11/mms/63835650,1B9A,,- - Extraintestinal yersiniosis,- - Yersiniose extraintestinale,category,1,False,01,"=hyperlink(""https://icd.who.int/browse/latestrelease/mms/en#63835650"",""browser"")",True,True,BlockL1-1B9,,,,,,http://id.who.int/icd/entity/1935092859,
302,2026-01,,http://id.who.int/icd/release/11/mms/1935092859/unspecified,1B9Z,,- - Unspecified zoonotic bacterial disease,"- - Certaines anthropozoonoses bactériennes précisées, sans précision",category,1,True,01,"=hyperlink(""https://icd.who.int/browse/latestrelease/mms/en#1935092859/mms/unspecified"",""browser"")",True,True,BlockL1-1B9,,,,,,http://id.who.int/icd/entity/1935092859,
303,2026-01,http://id.who.int/icd/entity/487269828,http://id.who.int/icd/release/11/mms/487269828,,BlockL1-1C1,- Other bacterial diseases,- Autres maladies bactériennes,block,1,False,01,"=hyperlink(""https://icd.who.int/browse/latestrelease/mms/en#487269828"",""browser"")",False,,,,,,,,http://id.who.int/icd/entity/1435254666,
304,2026-01,http://id.who.int/icd/entity/1697630330,http://id.who.int/icd/release/11/mms/1697630330,1C10,,- - Actinomycosis,- - Actinomycose,category,1,False,01,"=hyperlink(""https://icd.who.int/browse/latestrelease/mms/en#1697630330"",""browser"")",False,True,BlockL1-1C1,,,,,,http://id.who.int/icd/entity/487269828,
305,2026-01,http://id.who.int/icd/entity/452367246,http://id.who.int/icd/release/11/mms/452367246,1C10.0,,- - - Pulmonary actinomycosis,- - - Actinomycose pulmonaire,category,2,False,01,"=hyperlink(""https://icd.who.int/browse/latestrelease/mms/en#452367246"",""browser"")",True,True,BlockL1-1C1,,,,,,http://id.who.int/icd/entity/1697630330,
306,2026-01,http://id.who.int/icd/entity/2143116824,http://id.who.int/icd/release/11/mms/2143116824,1C10.1,,- - - Abdominal actinomycosis,- - - Actinomycose abdominale,category,2,False,01,"=hyperlink(""https://icd.who.int/browse/latestrelease/mms/en#2143116824"",""browser"")",True,True,BlockL1-1C1,,,,,,http://id.who.int/icd/entity/1697630330,
307,2026-01,http://id.who.int/icd/entity/185601767,http://id.who.int/icd/release/11/mms/185601767,1C10.2,,- - - Cervicofacial actinomycosis,- - - Actinomycose cervicofaciale,category,2,False,01,"=hyperlink(""https://icd.who.int/browse/latestrelease/mms/en#185601767"",""browser"")",True,True,BlockL1-1C1,,,,,,http://id.who.int/icd/entity/1697630330,
308,2026-01,http://id.who.int/icd/entity/413315344,http://id.who.int/icd/release/11/mms/413315344,1C10.3,,- - - Primary cutaneous actinomycosis,- - - Actinomycose cutanée primaire,category,2,False,01,"=hyperlink(""https://icd.who.int/browse/latestrelease/mms/en#413315344"",""browser"")",True,True,BlockL1-1C1,,,,,,http://id.who.int/icd/entity/1697630330,
309,2026-01,,http://id.who.int/icd/release/11/mms/1697630330/other,1C10.Y,,- - - Other specified forms of actinomycosis,- - - Autres actinomycose,category,2,True,01,"=hyperlink(""https://icd.who.int/browse/latestrelease/mms/en#1697630330/mms/other"",""browser"")",True,True,BlockL1-1C1,,,,,,http://id.who.int/icd/entity/1697630330,
310,2026-01,,http://id.who.int/icd/release/11/mms/1697630330/unspecified,1C10.Z,,"- - - Actinomycosis, unspecified","- - - Actinomycose, sans précision",category,2,True,01,"=hyperlink(""https://icd.who.int/browse/latestrelease/mms/en#1697630330/mms/unspecified"",""browser"")",True,True,BlockL1-1C1,,,,,,http://id.who.int/icd/entity/1697630330,
311,2026-01,http://id.who.int/icd/entity/1938462328,http://id.who.int/icd/release/11/mms/1938462328,1C11,,- - Bartonellosis,- - Bartonellose,category,1,False,01,"=hyperlink(""https://icd.who.int/browse/latestrelease/mms/en#1938462328"",""browser"")",False,True,BlockL1-1C1,,,,,,http://id.who.int/icd/entity/487269828,
312,2026-01,http://id.who.int/icd/entity/1917297026,http://id.who.int/icd/release/11/mms/1917297026,1C11.0,,- - - Carrion disease,- - - Maladie de Carrión,category,2,False,01,"=hyperlink(""https://icd.who.int/browse/latestrelease/mms/en#1917297026"",""browser"")",False,True,BlockL1-1C1,,,,,,http://id.who.int/icd/entity/1938462328,
313,2026-01,http://id.who.int/icd/entity/1031219789,http://id.who.int/icd/release/11/mms/1031219789,1C11.00,,- - - - Oroya fever,- - - - Fièvre Oroya,category,3,False,01,"=hyperlink(""https://icd.who.int/browse/latestrelease/mms/en#1031219789"",""browser"")",True,True,BlockL1-1C1,,,,,,http://id.who.int/icd/entity/1917297026,
314,2026-01,http://id.who.int/icd/entity/1480386521,http://id.who.int/icd/release/11/mms/1480386521,1C11.01,,- - - - Verruga peruana,- - - - Bouton d'Amboine,category,3,False,01,"=hyperlink(""https://icd.who.int/browse/latestrelease/mms/en#1480386521"",""browser"")",True,True,BlockL1-1C1,,,,,,http://id.who.int/icd/entity/1917297026,
315,2026-01,,http://id.who.int/icd/release/11/mms/1917297026/unspecified,1C11.0Z,,"- - - - Carrion disease, unspecified","- - - - Maladie de Carrión, sans précision",category,3,True,01,"=hyperlink(""https://icd.who.int/browse/latestrelease/mms/en#1917297026/mms/unspecified"",""browser"")",True,True,BlockL1-1C1,,,,,,http://id.who.int/icd/entity/1917297026,
316,2026-01,http://id.who.int/icd/entity/1587737629,http://id.who.int/icd/release/11/mms/1587737629,1C11.1,,- - - Trench fever,- - - Fièvre des tranchées,category,2,False,01,"=hyperlink(""https://icd.who.int/browse/latestrelease/mms/en#1587737629"",""browser"")",True,True,BlockL1-1C1,,,,,,http://id.who.int/icd/entity/1938462328,
317,2026-01,,http://id.who.int/icd/release/11/mms/1938462328/other,1C11.Y,,- - - Other forms of bartonellosis,- - - Autres bartonelloses,category,2,True,01,"=hyperlink(""https://icd.who.int/browse/latestrelease/mms/en#1938462328/mms/other"",""browser"")",True,True,BlockL1-1C1,,,,,,http://id.who.int/icd/entity/1938462328,
318,2026-01,,http://id.who.int/icd/release/11/mms/1938462328/unspecified,1C11.Z,,"- - - Bartonellosis, unspecified","- - - Bartonellose, sans précision",category,2,True,01,"=hyperlink(""https://icd.who.int/browse/latestrelease/mms/en#1938462328/mms/unspecified"",""browser"")",True,True,BlockL1-1C1,,,,,,http://id.who.int/icd/entity/1938462328,
319,2026-01,http://id.who.int/icd/entity/2064398473,http://id.who.int/icd/release/11/mms/2064398473,1C12,,- - Whooping cough,- - Coqueluche,category,1,False,01,"=hyperlink(""https://icd.who.int/browse/latestrelease/mms/en#2064398473"",""browser"")",False,True,BlockL1-1C1,,,,,,http://id.who.int/icd/entity/487269828,
320,2026-01,http://id.who.int/icd/entity/1287021540,http://id.who.int/icd/release/11/mms/1287021540,1C12.0,,- - - Whooping cough due to Bordetella pertussis,- - - Coqueluche à Bordetella pertussis,category,2,False,01,"=hyperlink(""https://icd.who.int/browse/latestrelease/mms/en#1287021540"",""browser"")",True,True,BlockL1-1C1,,,,,,http://id.who.int/icd/entity/2064398473,
321,2026-01,http://id.who.int/icd/entity/704491122,http://id.who.int/icd/release/11/mms/704491122,1C12.1,,- - - Whooping cough due to Bordetella parapertussis,- - - Coqueluche à Bordetella parapertussis,category,2,False,01,"=hyperlink(""https://icd.who.int/browse/latestrelease/mms/en#704491122"",""browser"")",True,True,BlockL1-1C1,,,,,,http://id.who.int/icd/entity/2064398473,
322,2026-01,,http://id.who.int/icd/release/11/mms/2064398473/other,1C12.Y,,- - - Other specified whooping cough,- - - Autres coqueluche,category,2,True,01,"=hyperlink(""https://icd.who.int/browse/latestrelease/mms/en#2064398473/mms/other"",""browser"")",True,True,BlockL1-1C1,,,,,,http://id.who.int/icd/entity/2064398473,
323,2026-01,,http://id.who.int/icd/release/11/mms/2064398473/unspecified,1C12.Z,,"- - - Whooping cough, unspecified","- - - Coqueluche, sans précision",category,2,True,01,"=hyperlink(""https://icd.who.int/browse/latestrelease/mms/en#2064398473/mms/unspecified"",""browser"")",True,True,BlockL1-1C1,,,,,,http://id.who.int/icd/entity/2064398473,
324,2026-01,http://id.who.int/icd/entity/1793762788,http://id.who.int/icd/release/11/mms/1793762788,1C13,,- - Tetanus,- - Tétanos,category,1,False,01,"=hyperlink(""https://icd.who.int/browse/latestrelease/mms/en#1793762788"",""browser"")",True,True,BlockL1-1C1,,,,,,http://id.who.int/icd/entity/487269828,
325,2026-01,http://id.who.int/icd/entity/262236278,http://id.who.int/icd/release/11/mms/262236278,1C14,,- - Obstetrical tetanus,- - Tétanos obstétrique,category,1,False,01,"=hyperlink(""https://icd.who.int/browse/latestrelease/mms/en#262236278"",""browser"")",True,True,BlockL1-1C1,,,,,,http://id.who.int/icd/entity/487269828,
326,2026-01,http://id.who.int/icd/entity/2085616610,http://id.who.int/icd/release/11/mms/2085616610,1C15,,- - Tetanus neonatorum,- - Tétanos néonatal,category,1,False,01,"=hyperlink(""https://icd.who.int/browse/latestrelease/mms/en#2085616610"",""browser"")",True,True,BlockL1-1C1,,,,,,http://id.who.int/icd/entity/487269828,
327,2026-01,http://id.who.int/icd/entity/1920227791,http://id.who.int/icd/release/11/mms/1920227791,1C16,,- - Gas gangrene,- - Gangrène gazeuse,category,1,False,01,"=hyperlink(""https://icd.who.int/browse/latestrelease/mms/en#1920227791"",""browser"")",True,True,BlockL1-1C1,,,,,,http://id.who.int/icd/entity/487269828,
328,2026-01,http://id.who.int/icd/entity/508032285,http://id.who.int/icd/release/11/mms/508032285,1C17,,- - Diphtheria,- - Diphtérie,category,1,False,01,"=hyperlink(""https://icd.who.int/browse/latestrelease/mms/en#508032285"",""browser"")",False,True,BlockL1-1C1,,,,,,http://id.who.int/icd/entity/487269828,
329,2026-01,http://id.who.int/icd/entity/1347332965,http://id.who.int/icd/release/11/mms/1347332965,1C17.0,,- - - Pharyngeal or tonsillar diphtheria,- - - Diphtérie pharyngée ou amygdalienne,category,2,False,01,"=hyperlink(""https://icd.who.int/browse/latestrelease/mms/en#1347332965"",""browser"")",False,True,BlockL1-1C1,,,,,,http://id.who.int/icd/entity/508032285,
330,2026-01,http://id.who.int/icd/entity/1736804001,http://id.who.int/icd/release/11/mms/1736804001,1C17.00,,- - - - Postdiphtheritic paralysis of uvula,- - - - Paralysie post-diphtérique de l'uvule,category,3,False,01,"=hyperlink(""https://icd.who.int/browse/latestrelease/mms/en#1736804001"",""browser"")",True,True,BlockL1-1C1,,,,,,http://id.who.int/icd/entity/1347332965,
331,2026-01,,http://id.who.int/icd/release/11/mms/1347332965/other,1C17.0Y,,- - - - Other specified pharyngeal or tonsillar diphtheria,- - - - Autres diphtérie pharyngée ou amygdalienne,category,3,True,01,"=hyperlink(""https://icd.who.int/browse/latestrelease/mms/en#1347332965/mms/other"",""browser"")",True,True,BlockL1-1C1,,,,,,http://id.who.int/icd/entity/1347332965,
332,2026-01,,http://id.who.int/icd/release/11/mms/1347332965/unspecified,1C17.0Z,,"- - - - Pharyngeal or tonsillar diphtheria, unspecified","- - - - Diphtérie pharyngée ou amygdalienne, sans précision",category,3,True,01,"=hyperlink(""https://icd.who.int/browse/latestrelease/mms/en#1347332965/mms/unspecified"",""browser"")",True,True,BlockL1-1C1,,,,,,http://id.who.int/icd/entity/1347332965,
333,2026-01,http://id.who.int/icd/entity/889546481,http://id.who.int/icd/release/11/mms/889546481,1C17.1,,- - - Nasal diphtheria,- - - Diphtérie nasale,category,2,False,01,"=hyperlink(""https://icd.who.int/browse/latestrelease/mms/en#889546481"",""browser"")",True,True,BlockL1-1C1,,,,,,http://id.who.int/icd/entity/508032285,
334,2026-01,http://id.who.int/icd/entity/1101542926,http://id.who.int/icd/release/11/mms/1101542926,1C17.2,,- - - Laryngeal diphtheria,- - - Diphtérie laryngée,category,2,False,01,"=hyperlink(""https://icd.who.int/browse/latestrelease/mms/en#1101542926"",""browser"")",True,True,BlockL1-1C1,,,,,,http://id.who.int/icd/entity/508032285,
335,2026-01,http://id.who.int/icd/entity/618920860,http://id.who.int/icd/release/11/mms/618920860,1C17.3,,- - - Cutaneous diphtheria,- - - Diphtérie cutanée,category,2,False,01,"=hyperlink(""https://icd.who.int/browse/latestrelease/mms/en#618920860"",""browser"")",True,True,BlockL1-1C1,,,,,,http://id.who.int/icd/entity/508032285,
336,2026-01,,http://id.who.int/icd/release/11/mms/508032285/other,1C17.Y,,- - - Other specified diphtheria,- - - Autres diphtérie,category,2,True,01,"=hyperlink(""https://icd.who.int/browse/latestrelease/mms/en#508032285/mms/other"",""browser"")",True,True,BlockL1-1C1,,,,,,http://id.who.int/icd/entity/508032285,
337,2026-01,,http://id.who.int/icd/release/11/mms/508032285/unspecified,1C17.Z,,"- - - Diphtheria, unspecified","- - - Diphtérie, sans précision",category,2,True,01,"=hyperlink(""https://icd.who.int/browse/latestrelease/mms/en#508032285/mms/unspecified"",""browser"")",True,True,BlockL1-1C1,,,,,,http://id.who.int/icd/entity/508032285,
338,2026-01,http://id.who.int/icd/entity/1966578342,http://id.who.int/icd/release/11/mms/1966578342,1C18,,- - Brazilian purpuric fever,- - Fièvre purpurique brésilienne,category,1,False,01,"=hyperlink(""https://icd.who.int/browse/latestrelease/mms/en#1966578342"",""browser"")",True,True,BlockL1-1C1,,,,,,http://id.who.int/icd/entity/487269828,
339,2026-01,http://id.who.int/icd/entity/390042715,http://id.who.int/icd/release/11/mms/390042715,1C19,,- - Legionellosis,- - Légionellose,category,1,False,01,"=hyperlink(""https://icd.who.int/browse/latestrelease/mms/en#390042715"",""browser"")",False,True,BlockL1-1C1,,,,,,http://id.who.int/icd/entity/487269828,
340,2026-01,http://id.who.int/icd/entity/1670562980,http://id.who.int/icd/release/11/mms/1670562980,1C19.0,,- - - Nonpneumonic Legionnaires' disease,- - - Légionellose non pneumonique,category,2,False,01,"=hyperlink(""https://icd.who.int/browse/latestrelease/mms/en#1670562980"",""browser"")",True,True,BlockL1-1C1,,,,,,http://id.who.int/icd/entity/390042715,
341,2026-01,http://id.who.int/icd/entity/424434722,http://id.who.int/icd/release/11/mms/424434722,1C19.1,,- - - Legionnaires disease,- - - Maladie des légionnaires,category,2,False,01,"=hyperlink(""https://icd.who.int/browse/latestrelease/mms/en#424434722"",""browser"")",True,True,BlockL1-1C1,,,,,,http://id.who.int/icd/entity/390042715,
342,2026-01,,http://id.who.int/icd/release/11/mms/390042715/unspecified,1C19.Z,,"- - - Legionellosis, unspecified","- - - Légionellose, sans précision",category,2,True,01,"=hyperlink(""https://icd.who.int/browse/latestrelease/mms/en#390042715/mms/unspecified"",""browser"")",True,True,BlockL1-1C1,,,,,,http://id.who.int/icd/entity/390042715,
343,2026-01,http://id.who.int/icd/entity/419706488,http://id.who.int/icd/release/11/mms/419706488,1C1A,,- - Listeriosis,- - Listériose,category,1,False,01,"=hyperlink(""https://icd.who.int/browse/latestrelease/mms/en#419706488"",""browser"")",False,True,BlockL1-1C1,,,,,,http://id.who.int/icd/entity/487269828,
344,2026-01,http://id.who.int/icd/entity/1789950491,http://id.who.int/icd/release/11/mms/1789950491,1C1A.0,,- - - Cutaneous listeriosis,- - - Listériose cutanée,category,2,False,01,"=hyperlink(""https://icd.who.int/browse/latestrelease/mms/en#1789950491"",""browser"")",True,True,BlockL1-1C1,,,,,,http://id.who.int/icd/entity/419706488,
345,2026-01,http://id.who.int/icd/entity/268154767,http://id.who.int/icd/release/11/mms/268154767,1C1A.1,,- - - Listerial meningitis or meningoencephalitis,- - - Méningite ou méningoencéphalite listérienne,category,2,False,01,"=hyperlink(""https://icd.who.int/browse/latestrelease/mms/en#268154767"",""browser"")",True,True,BlockL1-1C1,,,,,,http://id.who.int/icd/entity/419706488,
346,2026-01,,http://id.who.int/icd/release/11/mms/419706488/other,1C1A.Y,,- - - Other specified listeriosis,- - - Autres listériose,category,2,True,01,"=hyperlink(""https://icd.who.int/browse/latestrelease/mms/en#419706488/mms/other"",""browser"")",True,True,BlockL1-1C1,,,,,,http://id.who.int/icd/entity/419706488,
347,2026-01,,http://id.who.int/icd/release/11/mms/419706488/unspecified,1C1A.Z,,"- - - Listeriosis, unspecified","- - - Listériose, sans précision",category,2,True,01,"=hyperlink(""https://icd.who.int/browse/latestrelease/mms/en#419706488/mms/unspecified"",""browser"")",True,True,BlockL1-1C1,,,,,,http://id.who.int/icd/entity/419706488,
348,2026-01,http://id.who.int/icd/entity/6555116,http://id.who.int/icd/release/11/mms/6555116,1C1B,,- - Nocardiosis,- - Nocardiose,category,1,False,01,"=hyperlink(""https://icd.who.int/browse/latestrelease/mms/en#6555116"",""browser"")",False,True,BlockL1-1C1,,,,,,http://id.who.int/icd/entity/487269828,
349,2026-01,http://id.who.int/icd/entity/101604109,http://id.who.int/icd/release/11/mms/101604109,1C1B.0,,- - - Pulmonary nocardiosis,- - - Nocardiose pulmonaire,category,2,False,01,"=hyperlink(""https://icd.who.int/browse/latestrelease/mms/en#101604109"",""browser"")",True,True,BlockL1-1C1,,,,,,http://id.who.int/icd/entity/6555116,
350,2026-01,http://id.who.int/icd/entity/1665504921,http://id.who.int/icd/release/11/mms/1665504921,1C1B.1,,- - - Cutaneous nocardiosis,- - - Nocardiose cutanée,category,2,False,01,"=hyperlink(""https://icd.who.int/browse/latestrelease/mms/en#1665504921"",""browser"")",True,True,BlockL1-1C1,,,,,,http://id.who.int/icd/entity/6555116,
351,2026-01,,http://id.who.int/icd/release/11/mms/6555116/other,1C1B.Y,,- - - Other specified forms of nocardiosis,- - - Autres formes de nocardioses précisées,category,2,True,01,"=hyperlink(""https://icd.who.int/browse/latestrelease/mms/en#6555116/mms/other"",""browser"")",True,True,BlockL1-1C1,,,,,,http://id.who.int/icd/entity/6555116,
352,2026-01,,http://id.who.int/icd/release/11/mms/6555116/unspecified,1C1B.Z,,"- - - Nocardiosis, unspecified","- - - Nocardiose, sans précision",category,2,True,01,"=hyperlink(""https://icd.who.int/browse/latestrelease/mms/en#6555116/mms/unspecified"",""browser"")",True,True,BlockL1-1C1,,,,,,http://id.who.int/icd/entity/6555116,
353,2026-01,http://id.who.int/icd/entity/1664016479,http://id.who.int/icd/release/11/mms/1664016479,1C1C,,- - Meningococcal disease,- - Infection Méningococcique,category,1,False,01,"=hyperlink(""https://icd.who.int/browse/latestrelease/mms/en#1664016479"",""browser"")",False,True,BlockL1-1C1,,,,,,http://id.who.int/icd/entity/487269828,
354,2026-01,http://id.who.int/icd/entity/516585689,http://id.who.int/icd/release/11/mms/516585689,1C1C.0,,- - - Meningococcal meningitis,- - - Méningite à méningocoques,category,2,False,01,"=hyperlink(""https://icd.who.int/browse/latestrelease/mms/en#516585689"",""browser"")",True,True,BlockL1-1C1,,,,,,http://id.who.int/icd/entity/1664016479,
355,2026-01,http://id.who.int/icd/entity/2072098125,http://id.who.int/icd/release/11/mms/2072098125,1C1C.1,,- - - Waterhouse-Friderichsen syndrome,- - - Syndrome de Waterhouse-Friderichsen,category,2,False,01,"=hyperlink(""https://icd.who.int/browse/latestrelease/mms/en#2072098125"",""browser"")",True,True,BlockL1-1C1,,,,,,http://id.who.int/icd/entity/1664016479,
356,2026-01,http://id.who.int/icd/entity/832233624,http://id.who.int/icd/release/11/mms/832233624,1C1C.2,,- - - Meningococcaemia,- - - Méningococcémie,category,2,False,01,"=hyperlink(""https://icd.who.int/browse/latestrelease/mms/en#832233624"",""browser"")",False,True,BlockL1-1C1,,,,,,http://id.who.int/icd/entity/1664016479,
357,2026-01,http://id.who.int/icd/entity/254600628,http://id.who.int/icd/release/11/mms/254600628,1C1C.20,,- - - - Acute meningococcaemia,- - - - Méningococcémie aigüe,category,3,False,01,"=hyperlink(""https://icd.who.int/browse/latestrelease/mms/en#254600628"",""browser"")",True,True,BlockL1-1C1,,,,,,http://id.who.int/icd/entity/832233624,
358,2026-01,,http://id.who.int/icd/release/11/mms/832233624/other,1C1C.2Y,,- - - - Other specified meningococcaemia,- - - - Autres méningococcémie,category,3,True,01,"=hyperlink(""https://icd.who.int/browse/latestrelease/mms/en#832233624/mms/other"",""browser"")",True,True,BlockL1-1C1,,,,,,http://id.who.int/icd/entity/832233624,
359,2026-01,,http://id.who.int/icd/release/11/mms/832233624/unspecified,1C1C.2Z,,"- - - - Meningococcaemia, unspecified","- - - - Méningococcémie, sans précision",category,3,True,01,"=hyperlink(""https://icd.who.int/browse/latestrelease/mms/en#832233624/mms/unspecified"",""browser"")",True,True,BlockL1-1C1,,,,,,http://id.who.int/icd/entity/832233624,
360,2026-01,,http://id.who.int/icd/release/11/mms/1664016479/other,1C1C.Y,,- - - Other specified meningococcal disease,- - - Autre infection méningococcique précisée,category,2,True,01,"=hyperlink(""https://icd.who.int/browse/latestrelease/mms/en#1664016479/mms/other"",""browser"")",True,True,BlockL1-1C1,,,,,,http://id.who.int/icd/entity/1664016479,
361,2026-01,,http://id.who.int/icd/release/11/mms/1664016479/unspecified,1C1C.Z,,"- - - Meningococcal disease, unspecified","- - - Infection méningococcique, non précisée",category,2,True,01,"=hyperlink(""https://icd.who.int/browse/latestrelease/mms/en#1664016479/mms/unspecified"",""browser"")",True,True,BlockL1-1C1,,,,,,http://id.who.int/icd/entity/1664016479,
362,2026-01,http://id.who.int/icd/entity/840525023,http://id.who.int/icd/release/11/mms/840525023,1C1D,,- - Yaws,- - Pian,category,1,False,01,"=hyperlink(""https://icd.who.int/browse/latestrelease/mms/en#840525023"",""browser"")",False,True,BlockL1-1C1,,,,,,http://id.who.int/icd/entity/487269828,
363,2026-01,http://id.who.int/icd/entity/3933330,http://id.who.int/icd/release/11/mms/3933330,1C1D.0,,- - - Primary yaws,- - - Pian primaire,category,2,False,01,"=hyperlink(""https://icd.who.int/browse/latestrelease/mms/en#3933330"",""browser"")",True,True,BlockL1-1C1,,,,,,http://id.who.int/icd/entity/840525023,
364,2026-01,http://id.who.int/icd/entity/944473231,http://id.who.int/icd/release/11/mms/944473231,1C1D.1,,- - - Secondary yaws,- - - Pian secondaire,category,2,False,01,"=hyperlink(""https://icd.who.int/browse/latestrelease/mms/en#944473231"",""browser"")",True,True,BlockL1-1C1,,,,,,http://id.who.int/icd/entity/840525023,
365,2026-01,http://id.who.int/icd/entity/406586413,http://id.who.int/icd/release/11/mms/406586413,1C1D.2,,- - - Tertiary yaws,- - - Pian tertiaire,category,2,False,01,"=hyperlink(""https://icd.who.int/browse/latestrelease/mms/en#406586413"",""browser"")",True,True,BlockL1-1C1,,,,,,http://id.who.int/icd/entity/840525023,
366,2026-01,http://id.who.int/icd/entity/247169608,http://id.who.int/icd/release/11/mms/247169608,1C1D.3,,- - - Latent yaws,- - - Pian latent,category,2,False,01,"=hyperlink(""https://icd.who.int/browse/latestrelease/mms/en#247169608"",""browser"")",True,True,BlockL1-1C1,,,,,,http://id.who.int/icd/entity/840525023,
367,2026-01,,http://id.who.int/icd/release/11/mms/840525023/unspecified,1C1D.Z,,"- - - Yaws, unspecified","- - - Pian, sans précision",category,2,True,01,"=hyperlink(""https://icd.who.int/browse/latestrelease/mms/en#840525023/mms/unspecified"",""browser"")",True,True,BlockL1-1C1,,,,,,http://id.who.int/icd/entity/840525023,
368,2026-01,http://id.who.int/icd/entity/1465035083,http://id.who.int/icd/release/11/mms/1465035083,1C1E,,- - Pinta,- - Pinta,category,1,False,01,"=hyperlink(""https://icd.who.int/browse/latestrelease/mms/en#1465035083"",""browser"")",False,True,BlockL1-1C1,,,,,,http://id.who.int/icd/entity/487269828,
369,2026-01,http://id.who.int/icd/entity/482659345,http://id.who.int/icd/release/11/mms/482659345,1C1E.0,,- - - Primary lesions of pinta,- - - Lésions primaires de pinta,category,2,False,01,"=hyperlink(""https://icd.who.int/browse/latestrelease/mms/en#482659345"",""browser"")",True,True,BlockL1-1C1,,,,,,http://id.who.int/icd/entity/1465035083,
370,2026-01,http://id.who.int/icd/entity/2039415173,http://id.who.int/icd/release/11/mms/2039415173,1C1E.1,,- - - Intermediate lesions of pinta,- - - Lésions intermédiaires de pinta,category,2,False,01,"=hyperlink(""https://icd.who.int/browse/latestrelease/mms/en#2039415173"",""browser"")",True,True,BlockL1-1C1,,,,,,http://id.who.int/icd/entity/1465035083,
371,2026-01,http://id.who.int/icd/entity/220352892,http://id.who.int/icd/release/11/mms/220352892,1C1E.2,,- - - Late lesions of pinta,- - - Lésions tardives de pinta,category,2,False,01,"=hyperlink(""https://icd.who.int/browse/latestrelease/mms/en#220352892"",""browser"")",True,True,BlockL1-1C1,,,,,,http://id.who.int/icd/entity/1465035083,
372,2026-01,http://id.who.int/icd/entity/1751751918,http://id.who.int/icd/release/11/mms/1751751918,1C1E.3,,- - - Mixed lesions of pinta,- - - Lésions mixtes de pinta,category,2,False,01,"=hyperlink(""https://icd.who.int/browse/latestrelease/mms/en#1751751918"",""browser"")",True,True,BlockL1-1C1,,,,,,http://id.who.int/icd/entity/1465035083,
373,2026-01,,http://id.who.int/icd/release/11/mms/1465035083/unspecified,1C1E.Z,,"- - - Pinta, unspecified","- - - Pinta, sans précision",category,2,True,01,"=hyperlink(""https://icd.who.int/browse/latestrelease/mms/en#1465035083/mms/unspecified"",""browser"")",True,True,BlockL1-1C1,,,,,,http://id.who.int/icd/entity/1465035083,
374,2026-01,http://id.who.int/icd/entity/1186214944,http://id.who.int/icd/release/11/mms/1186214944,1C1F,,- - Endemic non-venereal syphilis,- - Syphilis endémique non-vénérienne,category,1,False,01,"=hyperlink(""https://icd.who.int/browse/latestrelease/mms/en#1186214944"",""browser"")",True,True,BlockL1-1C1,,,,,,http://id.who.int/icd/entity/487269828,
375,2026-01,http://id.who.int/icd/entity/1600014919,http://id.who.int/icd/release/11/mms/1600014919,1C1G,,- - Lyme borreliosis,- - Borréliose de Lyme,category,1,False,01,"=hyperlink(""https://icd.who.int/browse/latestrelease/mms/en#1600014919"",""browser"")",False,True,BlockL1-1C1,,,,,"Utiliser, au besoin, un code supplémentaire, pour identifier toute affection associée.",,
377,2026-01,http://id.who.int/icd/entity/217939807,http://id.who.int/icd/release/11/mms/217939807,1C1G.0,,- - - Early cutaneous Lyme borreliosis,- - - Borréliose de Lyme cutanée précoce,category,2,False,01,"=hyperlink(""https://icd.who.int/browse/latestrelease/mms/en#217939807"",""browser"")",True,True,BlockL1-1C1,,,,,"Utiliser, au besoin, un code supplémentaire, pour identifier toute affection associée.",http://id.who.int/icd/entity/1600014919,
378,2026-01,http://id.who.int/icd/entity/120524401,http://id.who.int/icd/release/11/mms/120524401,1C1G.1,,- - - Disseminated Lyme borreliosis,- - - Borréliose de Lyme disséminée,category,2,False,01,"=hyperlink(""https://icd.who.int/browse/latestrelease/mms/en#120524401"",""browser"")",False,True,BlockL1-1C1,,,,,"Utiliser, au besoin, un code supplémentaire, pour identifier toute affection associée.",http://id.who.int/icd/entity/1600014919,
379,2026-01,http://id.who.int/icd/entity/1614775629,http://id.who.int/icd/release/11/mms/1614775629,1C1G.10,,- - - - Lyme neuroborreliosis,- - - - Neuroborréliose de Lyme,category,3,False,01,"=hyperlink(""https://icd.who.int/browse/latestrelease/mms/en#1614775629"",""browser"")",True,True,BlockL1-1C1,,,,,,http://id.who.int/icd/entity/120524401,
380,2026-01,http://id.who.int/icd/entity/2085372866,http://id.who.int/icd/release/11/mms/2085372866,1C1G.11,,- - - - Lyme carditis,- - - - Cardite de Lyme,category,3,False,01,"=hyperlink(""https://icd.who.int/browse/latestrelease/mms/en#2085372866"",""browser"")",True,True,BlockL1-1C1,,,,,,http://id.who.int/icd/entity/120524401,
381,2026-01,http://id.who.int/icd/entity/59307016,http://id.who.int/icd/release/11/mms/59307016,1C1G.12,,- - - - Ophthalmic Lyme borreliosis,- - - - Borréliose ophtalmique de Lyme,category,3,False,01,"=hyperlink(""https://icd.who.int/browse/latestrelease/mms/en#59307016"",""browser"")",True,True,BlockL1-1C1,,,,,,http://id.who.int/icd/entity/120524401,
382,2026-01,http://id.who.int/icd/entity/1772714648,http://id.who.int/icd/release/11/mms/1772714648,1C1G.13,,- - - - Lyme arthritis,- - - - Arthrite de Lyme,category,3,False,01,"=hyperlink(""https://icd.who.int/browse/latestrelease/mms/en#1772714648"",""browser"")",True,True,BlockL1-1C1,,,,,,http://id.who.int/icd/entity/120524401,
383,2026-01,http://id.who.int/icd/entity/242606511,http://id.who.int/icd/release/11/mms/242606511,1C1G.14,,- - - - Late cutaneous Lyme borreliosis,- - - - Borréliose cutanée tardive de Lyme,category,3,False,01,"=hyperlink(""https://icd.who.int/browse/latestrelease/mms/en#242606511"",""browser"")",True,True,BlockL1-1C1,,,,,,http://id.who.int/icd/entity/120524401,
384,2026-01,,http://id.who.int/icd/release/11/mms/120524401/other,1C1G.1Y,,- - - - Other specified disseminated Lyme borreliosis,- - - - Autres borréliose de Lyme disséminée,category,3,True,01,"=hyperlink(""https://icd.who.int/browse/latestrelease/mms/en#120524401/mms/other"",""browser"")",True,True,BlockL1-1C1,,,,,,http://id.who.int/icd/entity/120524401,
385,2026-01,,http://id.who.int/icd/release/11/mms/120524401/unspecified,1C1G.1Z,,"- - - - Disseminated Lyme borreliosis, unspecified","- - - - Borréliose de Lyme disséminée, sans précision",category,3,True,01,"=hyperlink(""https://icd.who.int/browse/latestrelease/mms/en#120524401/mms/unspecified"",""browser"")",True,True,BlockL1-1C1,,,,,,http://id.who.int/icd/entity/120524401,
386,2026-01,,http://id.who.int/icd/release/11/mms/1600014919/other,1C1G.Y,,- - - Other specified Lyme borreliosis,- - - Autres borrélioses de Lyme précisées,category,2,True,01,"=hyperlink(""https://icd.who.int/browse/latestrelease/mms/en#1600014919/mms/other"",""browser"")",True,True,BlockL1-1C1,,,,,,http://id.who.int/icd/entity/1600014919,
387,2026-01,,http://id.who.int/icd/release/11/mms/1600014919/unspecified,1C1G.Z,,"- - - Lyme borreliosis, unspecified","- - - Borréliose de Lyme, sans précision",category,2,True,01,"=hyperlink(""https://icd.who.int/browse/latestrelease/mms/en#1600014919/mms/unspecified"",""browser"")",True,True,BlockL1-1C1,,,,,,http://id.who.int/icd/entity/1600014919,
388,2026-01,http://id.who.int/icd/entity/1320736556,http://id.who.int/icd/release/11/mms/1320736556,1C1H,,- - Necrotising ulcerative gingivitis,- - Gingivite ulcéronécrosante,category,1,False,01,"=hyperlink(""https://icd.who.int/browse/latestrelease/mms/en#1320736556"",""browser"")",False,True,BlockL1-1C1,,,,,,http://id.who.int/icd/entity/487269828,
389,2026-01,http://id.who.int/icd/entity/737352378,http://id.who.int/icd/release/11/mms/737352378,1C1H.0,,- - - Other Vincent infections,- - - Autres infections de Vincent,category,2,False,01,"=hyperlink(""https://icd.who.int/browse/latestrelease/mms/en#737352378"",""browser"")",True,True,BlockL1-1C1,,,,,,http://id.who.int/icd/entity/1320736556,
390,2026-01,,http://id.who.int/icd/release/11/mms/1320736556/other,1C1H.Y,,- - - Other specified necrotising ulcerative gingivitis,- - - Autres gingivite ulcéronécrosante,category,2,True,01,"=hyperlink(""https://icd.who.int/browse/latestrelease/mms/en#1320736556/mms/other"",""browser"")",True,True,BlockL1-1C1,,,,,,http://id.who.int/icd/entity/1320736556,
391,2026-01,,http://id.who.int/icd/release/11/mms/1320736556/unspecified,1C1H.Z,,"- - - Necrotising ulcerative gingivitis, unspecified","- - - Gingivite ulcéronécrosante, sans précision",category,2,True,01,"=hyperlink(""https://icd.who.int/browse/latestrelease/mms/en#1320736556/mms/unspecified"",""browser"")",True,True,BlockL1-1C1,,,,,,http://id.who.int/icd/entity/1320736556,
392,2026-01,http://id.who.int/icd/entity/965498095,http://id.who.int/icd/release/11/mms/965498095,1C1J,,- - Relapsing fever,- - Fièvre récurrente,category,1,False,01,"=hyperlink(""https://icd.who.int/browse/latestrelease/mms/en#965498095"",""browser"")",False,True,BlockL1-1C1,,,,,,http://id.who.int/icd/entity/487269828,
393,2026-01,http://id.who.int/icd/entity/923521593,http://id.who.int/icd/release/11/mms/923521593,1C1J.0,,- - - Tick-borne relapsing fever,- - - Fièvre récurrente transmise par les tiques,category,2,False,01,"=hyperlink(""https://icd.who.int/browse/latestrelease/mms/en#923521593"",""browser"")",True,True,BlockL1-1C1,,,,,,http://id.who.int/icd/entity/965498095,
394,2026-01,http://id.who.int/icd/entity/1379934125,http://id.who.int/icd/release/11/mms/1379934125,1C1J.1,,- - - Louse-borne relapsing fever,- - - Fièvre récurrente transmise par les poux,category,2,False,01,"=hyperlink(""https://icd.who.int/browse/latestrelease/mms/en#1379934125"",""browser"")",True,True,BlockL1-1C1,,,,,,http://id.who.int/icd/entity/965498095,
395,2026-01,,http://id.who.int/icd/release/11/mms/965498095/unspecified,1C1J.Z,,"- - - Relapsing fever, unspecified","- - - Fièvre récurrente, sans précision",category,2,True,01,"=hyperlink(""https://icd.who.int/browse/latestrelease/mms/en#965498095/mms/unspecified"",""browser"")",True,True,BlockL1-1C1,,,,,,http://id.who.int/icd/entity/965498095,
396,2026-01,http://id.who.int/icd/entity/1127435854,http://id.who.int/icd/release/11/mms/1127435854,,BlockL2-1C2,- - Other diseases due to chlamydiae,- - Autres maladies due à Chlamydia,block,2,False,01,"=hyperlink(""https://icd.who.int/browse/latestrelease/mms/en#1127435854"",""browser"")",False,,BlockL1-1C1,,,,,,http://id.who.int/icd/entity/487269828,
397,2026-01,http://id.who.int/icd/entity/223956768,http://id.who.int/icd/release/11/mms/223956768,1C20,,- - - Chlamydial conjunctivitis,- - - Conjonctivite à Chlamydia,category,1,False,01,"=hyperlink(""https://icd.who.int/browse/latestrelease/mms/en#223956768"",""browser"")",True,True,BlockL1-1C1,BlockL2-1C2,,,,,http://id.who.int/icd/entity/1127435854,
398,2026-01,http://id.who.int/icd/entity/1132542967,http://id.who.int/icd/release/11/mms/1132542967,1C21,,- - - Chlamydial peritonitis,- - - Péritonite à Chlamydia,category,1,False,01,"=hyperlink(""https://icd.who.int/browse/latestrelease/mms/en#1132542967"",""browser"")",True,True,BlockL1-1C1,BlockL2-1C2,,,,,http://id.who.int/icd/entity/1127435854,
399,2026-01,http://id.who.int/icd/entity/1937339080,http://id.who.int/icd/release/11/mms/1937339080,1C22,,- - - Infections due to Chlamydia psittaci,- - - Infections à Chlamydia psittaci,category,1,False,01,"=hyperlink(""https://icd.who.int/browse/latestrelease/mms/en#1937339080"",""browser"")",True,True,BlockL1-1C1,BlockL2-1C2,,,,,http://id.who.int/icd/entity/1127435854,
400,2026-01,http://id.who.int/icd/entity/372424530,http://id.who.int/icd/release/11/mms/372424530,1C23,,- - - Trachoma,- - - Trachome,category,1,False,01,"=hyperlink(""https://icd.who.int/browse/latestrelease/mms/en#372424530"",""browser"")",False,True,BlockL1-1C1,BlockL2-1C2,,,,,http://id.who.int/icd/entity/1127435854,
401,2026-01,http://id.who.int/icd/entity/727668449,http://id.who.int/icd/release/11/mms/727668449,1C23.0,,- - - - Initial stage of trachoma,- - - - Stade initial du trachome,category,2,False,01,"=hyperlink(""https://icd.who.int/browse/latestrelease/mms/en#727668449"",""browser"")",True,True,BlockL1-1C1,BlockL2-1C2,,,,,http://id.who.int/icd/entity/372424530,
402,2026-01,http://id.who.int/icd/entity/1309973365,http://id.who.int/icd/release/11/mms/1309973365,1C23.1,,- - - - Active stage of trachoma,- - - - Stade actif du trachome,category,2,False,01,"=hyperlink(""https://icd.who.int/browse/latestrelease/mms/en#1309973365"",""browser"")",True,True,BlockL1-1C1,BlockL2-1C2,,,,,http://id.who.int/icd/entity/372424530,
403,2026-01,,http://id.who.int/icd/release/11/mms/372424530/other,1C23.Y,,- - - - Other specified trachoma,- - - - Autres trachomes précisés,category,2,True,01,"=hyperlink(""https://icd.who.int/browse/latestrelease/mms/en#372424530/mms/other"",""browser"")",True,True,BlockL1-1C1,BlockL2-1C2,,,,,http://id.who.int/icd/entity/372424530,
404,2026-01,,http://id.who.int/icd/release/11/mms/372424530/unspecified,1C23.Z,,"- - - - Trachoma, unspecified","- - - - Trachome, sans précision",category,2,True,01,"=hyperlink(""https://icd.who.int/browse/latestrelease/mms/en#372424530/mms/unspecified"",""browser"")",True,True,BlockL1-1C1,BlockL2-1C2,,,,,http://id.who.int/icd/entity/372424530,
405,2026-01,,http://id.who.int/icd/release/11/mms/1127435854/other,1C2Y,,- - - Other specified diseases due to chlamydiae,- - - Autres autres maladies due à Chlamydia,category,1,True,01,"=hyperlink(""https://icd.who.int/browse/latestrelease/mms/en#1127435854/mms/other"",""browser"")",True,True,BlockL1-1C1,BlockL2-1C2,,,,,http://id.who.int/icd/entity/1127435854,
406,2026-01,,http://id.who.int/icd/release/11/mms/1127435854/unspecified,1C2Z,,"- - - Diseases due to chlamydiae, unspecified","- - - Autres maladies due à Chlamydia, sans précision",category,1,True,01,"=hyperlink(""https://icd.who.int/browse/latestrelease/mms/en#1127435854/mms/unspecified"",""browser"")",True,True,BlockL1-1C1,BlockL2-1C2,,,,,http://id.who.int/icd/entity/1127435854,
407,2026-01,http://id.who.int/icd/entity/1981846,http://id.who.int/icd/release/11/mms/1981846,,BlockL2-1C3,- - Rickettsioses,- - Rickettsioses,block,2,False,01,"=hyperlink(""https://icd.who.int/browse/latestrelease/mms/en#1981846"",""browser"")",False,,BlockL1-1C1,,,,,,http://id.who.int/icd/entity/487269828,
408,2026-01,http://id.who.int/icd/entity/292650041,http://id.who.int/icd/release/11/mms/292650041,1C30,,- - - Typhus fever,- - - Typhus,category,1,False,01,"=hyperlink(""https://icd.who.int/browse/latestrelease/mms/en#292650041"",""browser"")",False,True,BlockL1-1C1,BlockL2-1C3,,,,,http://id.who.int/icd/entity/1981846,
409,2026-01,http://id.who.int/icd/entity/295798687,http://id.who.int/icd/release/11/mms/295798687,1C30.0,,- - - - Epidemic louse-borne typhus fever due to Rickettsia prowazekii,- - - - Typhus épidémique à poux dû à Rickettsia prowazekii,category,2,False,01,"=hyperlink(""https://icd.who.int/browse/latestrelease/mms/en#295798687"",""browser"")",True,True,BlockL1-1C1,BlockL2-1C3,,,,,http://id.who.int/icd/entity/292650041,
410,2026-01,http://id.who.int/icd/entity/1961511435,http://id.who.int/icd/release/11/mms/1961511435,1C30.1,,- - - - Recrudescent typhus,- - - - Typhus résurgent,category,2,False,01,"=hyperlink(""https://icd.who.int/browse/latestrelease/mms/en#1961511435"",""browser"")",True,True,BlockL1-1C1,BlockL2-1C3,,,,,http://id.who.int/icd/entity/292650041,
411,2026-01,http://id.who.int/icd/entity/4659958,http://id.who.int/icd/release/11/mms/4659958,1C30.2,,- - - - Typhus fever due to Rickettsia typhi,- - - - Typhus due à Rickettsia typhi,category,2,False,01,"=hyperlink(""https://icd.who.int/browse/latestrelease/mms/en#4659958"",""browser"")",True,True,BlockL1-1C1,BlockL2-1C3,,,,,http://id.who.int/icd/entity/292650041,
412,2026-01,http://id.who.int/icd/entity/1695340384,http://id.who.int/icd/release/11/mms/1695340384,1C30.3,,- - - - Typhus fever due to Orientia tsutsugamushi,- - - - Typhus à Orientia tsutsugamushi,category,2,False,01,"=hyperlink(""https://icd.who.int/browse/latestrelease/mms/en#1695340384"",""browser"")",True,True,BlockL1-1C1,BlockL2-1C3,,,,,http://id.who.int/icd/entity/292650041,
413,2026-01,,http://id.who.int/icd/release/11/mms/292650041/other,1C30.Y,,- - - - Other specified typhus fever,- - - - Autres typhus,category,2,True,01,"=hyperlink(""https://icd.who.int/browse/latestrelease/mms/en#292650041/mms/other"",""browser"")",True,True,BlockL1-1C1,BlockL2-1C3,,,,,http://id.who.int/icd/entity/292650041,
414,2026-01,,http://id.who.int/icd/release/11/mms/292650041/unspecified,1C30.Z,,"- - - - Typhus fever, unspecified","- - - - Typhus, sans précision",category,2,True,01,"=hyperlink(""https://icd.who.int/browse/latestrelease/mms/en#292650041/mms/unspecified"",""browser"")",True,True,BlockL1-1C1,BlockL2-1C3,,,,,http://id.who.int/icd/entity/292650041,
415,2026-01,http://id.who.int/icd/entity/9953620,http://id.who.int/icd/release/11/mms/9953620,1C31,,- - - Spotted fever,- - - Fièvre pourprée,category,1,False,01,"=hyperlink(""https://icd.who.int/browse/latestrelease/mms/en#9953620"",""browser"")",False,True,BlockL1-1C1,BlockL2-1C3,,,,,http://id.who.int/icd/entity/1981846,
416,2026-01,http://id.who.int/icd/entity/215936800,http://id.who.int/icd/release/11/mms/215936800,1C31.0,,- - - - Spotted fever due to Rickettsia rickettsii,- - - - Fièvre pourprée due à Rickettsia rickettsii,category,2,False,01,"=hyperlink(""https://icd.who.int/browse/latestrelease/mms/en#215936800"",""browser"")",True,True,BlockL1-1C1,BlockL2-1C3,,,,,http://id.who.int/icd/entity/9953620,
417,2026-01,http://id.who.int/icd/entity/1771381430,http://id.who.int/icd/release/11/mms/1771381430,1C31.1,,- - - - Spotted fever due to Rickettsia conorii,- - - - Fièvre pourprée due à Rickettsia conorii,category,2,False,01,"=hyperlink(""https://icd.who.int/browse/latestrelease/mms/en#1771381430"",""browser"")",True,True,BlockL1-1C1,BlockL2-1C3,,,,,http://id.who.int/icd/entity/9953620,
418,2026-01,http://id.who.int/icd/entity/490238539,http://id.who.int/icd/release/11/mms/490238539,1C31.2,,- - - - Spotted fever due to Rickettsia sibirica,- - - - Fièvre pourprée due à Rickettsia sibirica,category,2,False,01,"=hyperlink(""https://icd.who.int/browse/latestrelease/mms/en#490238539"",""browser"")",True,True,BlockL1-1C1,BlockL2-1C3,,,,,http://id.who.int/icd/entity/9953620,
419,2026-01,http://id.who.int/icd/entity/2020851679,http://id.who.int/icd/release/11/mms/2020851679,1C31.3,,- - - - Spotted fever due to Rickettsia australis,- - - - Fièvre pourprée due à Rickettsia australis,category,2,False,01,"=hyperlink(""https://icd.who.int/browse/latestrelease/mms/en#2020851679"",""browser"")",True,True,BlockL1-1C1,BlockL2-1C3,,,,,http://id.who.int/icd/entity/9953620,
420,2026-01,,http://id.who.int/icd/release/11/mms/9953620/other,1C31.Y,,- - - - Other specified spotted fever,- - - - Autres fièvre pourprée,category,2,True,01,"=hyperlink(""https://icd.who.int/browse/latestrelease/mms/en#9953620/mms/other"",""browser"")",True,True,BlockL1-1C1,BlockL2-1C3,,,,,http://id.who.int/icd/entity/9953620,
421,2026-01,,http://id.who.int/icd/release/11/mms/9953620/unspecified,1C31.Z,,"- - - - Spotted fever, unspecified","- - - - Fièvre pourprée, sans précision",category,2,True,01,"=hyperlink(""https://icd.who.int/browse/latestrelease/mms/en#9953620/mms/unspecified"",""browser"")",True,True,BlockL1-1C1,BlockL2-1C3,,,,,http://id.who.int/icd/entity/9953620,
422,2026-01,http://id.who.int/icd/entity/1005140361,http://id.who.int/icd/release/11/mms/1005140361,1C32,,- - - Rickettsialpox,- - - Rickettsiose varicelliforme due à Rickettsia akari,category,1,False,01,"=hyperlink(""https://icd.who.int/browse/latestrelease/mms/en#1005140361"",""browser"")",True,True,BlockL1-1C1,BlockL2-1C3,,,,,http://id.who.int/icd/entity/1981846,
423,2026-01,http://id.who.int/icd/entity/2113860626,http://id.who.int/icd/release/11/mms/2113860626,1C33,,- - - Q fever,- - - Fièvre Q,category,1,False,01,"=hyperlink(""https://icd.who.int/browse/latestrelease/mms/en#2113860626"",""browser"")",True,True,BlockL1-1C1,BlockL2-1C3,,,,,http://id.who.int/icd/entity/1981846,
424,2026-01,,http://id.who.int/icd/release/11/mms/1981846/other,1C3Y,,- - - Other specified rickettsioses,- - - Autres rickettsioses précisées,category,1,True,01,"=hyperlink(""https://icd.who.int/browse/latestrelease/mms/en#1981846/mms/other"",""browser"")",True,True,BlockL1-1C1,BlockL2-1C3,,,,,http://id.who.int/icd/entity/1981846,
425,2026-01,,http://id.who.int/icd/release/11/mms/1981846/unspecified,1C3Z,,"- - - Rickettsioses, unspecified","- - - Rickettsioses, sans précision",category,1,True,01,"=hyperlink(""https://icd.who.int/browse/latestrelease/mms/en#1981846/mms/unspecified"",""browser"")",True,True,BlockL1-1C1,BlockL2-1C3,,,,,http://id.who.int/icd/entity/1981846,
426,2026-01,http://id.who.int/icd/entity/1012026026,http://id.who.int/icd/release/11/mms/1012026026,1C40,,- - Campylobacteriosis,- - Campylobactériose,category,1,False,01,"=hyperlink(""https://icd.who.int/browse/latestrelease/mms/en#1012026026"",""browser"")",True,True,BlockL1-1C1,,,,,,http://id.who.int/icd/entity/487269828,
427,2026-01,http://id.who.int/icd/entity/520429137,http://id.who.int/icd/release/11/mms/520429137,1C41,,- - Bacterial infection of unspecified site,- - Infection bactérienne de localisation non précisée,category,1,False,01,"=hyperlink(""https://icd.who.int/browse/latestrelease/mms/en#520429137"",""browser"")",True,True,BlockL1-1C1,,,,,,http://id.who.int/icd/entity/487269828,
428,2026-01,http://id.who.int/icd/entity/2129350166,http://id.who.int/icd/release/11/mms/2129350166,1C42,,- - Melioidosis,- - Mélioïdose,category,1,False,01,"=hyperlink(""https://icd.who.int/browse/latestrelease/mms/en#2129350166"",""browser"")",True,True,BlockL1-1C1,,,,,,http://id.who.int/icd/entity/487269828,
429,2026-01,http://id.who.int/icd/entity/168432503,http://id.who.int/icd/release/11/mms/168432503,1C43,,- - Actinomycetoma,- - Actinomycétome,category,1,False,01,"=hyperlink(""https://icd.who.int/browse/latestrelease/mms/en#168432503"",""browser"")",True,True,BlockL1-1C1,,,,,,http://id.who.int/icd/entity/487269828,
430,2026-01,http://id.who.int/icd/entity/698540116,http://id.who.int/icd/release/11/mms/698540116,1C44,,- - Non-pyogenic bacterial infections of the skin,- - Infections bactériennes non-pyogènes de la peau,category,1,False,01,"=hyperlink(""https://icd.who.int/browse/latestrelease/mms/en#698540116"",""browser"")",True,True,BlockL1-1C1,,,,,,http://id.who.int/icd/entity/487269828,
431,2026-01,http://id.who.int/icd/entity/114886962,http://id.who.int/icd/release/11/mms/114886962,1C45,,- - Toxic shock syndrome,- - Syndrome du choc toxique,category,1,False,01,"=hyperlink(""https://icd.who.int/browse/latestrelease/mms/en#114886962"",""browser"")",False,True,BlockL1-1C1,,,,,,http://id.who.int/icd/entity/487269828,
432,2026-01,http://id.who.int/icd/entity/197163558,http://id.who.int/icd/release/11/mms/197163558,1C45.0,,- - - Streptococcal toxic shock syndrome,- - - Syndrome du choc toxique streptococcique,category,2,False,01,"=hyperlink(""https://icd.who.int/browse/latestrelease/mms/en#197163558"",""browser"")",True,True,BlockL1-1C1,,,,,,http://id.who.int/icd/entity/114886962,
433,2026-01,http://id.who.int/icd/entity/788554020,http://id.who.int/icd/release/11/mms/788554020,1C45.1,,- - - Staphylococcal toxic shock syndrome,- - - Syndrome du choc toxique staphylococcique,category,2,False,01,"=hyperlink(""https://icd.who.int/browse/latestrelease/mms/en#788554020"",""browser"")",True,True,BlockL1-1C1,,,,,,http://id.who.int/icd/entity/114886962,
434,2026-01,,http://id.who.int/icd/release/11/mms/114886962/other,1C45.Y,,- - - Toxic shock syndrome due to other specified infectious agent,- - - Syndrome du choc toxique due à d'autres agents infectieux précisés,category,2,True,01,"=hyperlink(""https://icd.who.int/browse/latestrelease/mms/en#114886962/mms/other"",""browser"")",True,True,BlockL1-1C1,,,,,,http://id.who.int/icd/entity/114886962,
435,2026-01,,http://id.who.int/icd/release/11/mms/114886962/unspecified,1C45.Z,,- - - Toxic shock syndrome without specified infectious agent,- - - Syndrome du choc toxique sans agents infectieux précisés,category,2,True,01,"=hyperlink(""https://icd.who.int/browse/latestrelease/mms/en#114886962/mms/unspecified"",""browser"")",True,True,BlockL1-1C1,,,,,,http://id.who.int/icd/entity/114886962,
436,2026-01,,http://id.who.int/icd/release/11/mms/487269828/other,1C4Y,,- - Other specified bacterial diseases,- - Autres maladies bactériennes précisées,category,1,True,01,"=hyperlink(""https://icd.who.int/browse/latestrelease/mms/en#487269828/mms/other"",""browser"")",True,True,BlockL1-1C1,,,,,,http://id.who.int/icd/entity/487269828,
437,2026-01,,http://id.who.int/icd/release/11/mms/487269828/unspecified,1C4Z,,- - Unspecified bacterial disease,"- - Autres maladies bactériennes, sans précision",category,1,True,01,"=hyperlink(""https://icd.who.int/browse/latestrelease/mms/en#487269828/mms/unspecified"",""browser"")",True,True,BlockL1-1C1,,,,,,http://id.who.int/icd/entity/487269828,
438,2026-01,http://id.who.int/icd/entity/1000704511,http://id.who.int/icd/release/11/mms/1000704511,,BlockL1-1C6,- Human immunodeficiency virus disease,- Maladie du virus de l'immunodéficience humaine,block,1,False,01,"=hyperlink(""https://icd.who.int/browse/latestrelease/mms/en#1000704511"",""browser"")",False,,,,,,,,http://id.who.int/icd/entity/1435254666,
439,2026-01,http://id.who.int/icd/entity/236924369,http://id.who.int/icd/release/11/mms/236924369,1C60,,- - Human immunodeficiency virus disease associated with tuberculosis,- - Maladie due au virus de l'immunodéficience humaine associée à la tuberculose,category,1,False,01,"=hyperlink(""https://icd.who.int/browse/latestrelease/mms/en#236924369"",""browser"")",False,True,BlockL1-1C6,,,,,,http://id.who.int/icd/entity/1000704511,
440,2026-01,http://id.who.int/icd/entity/215309692,http://id.who.int/icd/release/11/mms/215309692,1C60.0,,- - - HIV disease clinical stage 1 associated with tuberculosis,- - - Maladie à VIH stade clinique 1 associée à la tuberculose,category,2,False,01,"=hyperlink(""https://icd.who.int/browse/latestrelease/mms/en#215309692"",""browser"")",True,True,BlockL1-1C6,,,,,,http://id.who.int/icd/entity/236924369,
441,2026-01,http://id.who.int/icd/entity/1386132895,http://id.who.int/icd/release/11/mms/1386132895,1C60.1,,- - - HIV disease clinical stage 2 associated with tuberculosis,- - - Maladie à VIH stade clinique 2 associée à la tuberculose,category,2,False,01,"=hyperlink(""https://icd.who.int/browse/latestrelease/mms/en#1386132895"",""browser"")",True,True,BlockL1-1C6,,,,,,http://id.who.int/icd/entity/236924369,
442,2026-01,http://id.who.int/icd/entity/865305628,http://id.who.int/icd/release/11/mms/865305628,1C60.2,,- - - HIV disease clinical stage 3 associated with tuberculosis,- - - Maladie à VIH stade clinique 3 associée à la tuberculose,category,2,False,01,"=hyperlink(""https://icd.who.int/browse/latestrelease/mms/en#865305628"",""browser"")",True,True,BlockL1-1C6,,,,,,http://id.who.int/icd/entity/236924369,
443,2026-01,http://id.who.int/icd/entity/1280139157,http://id.who.int/icd/release/11/mms/1280139157,1C60.3,,- - - HIV disease clinical stage 4 associated with tuberculosis,- - - Maladie à VIH stade clinique 4 associée à la tuberculose,category,2,False,01,"=hyperlink(""https://icd.who.int/browse/latestrelease/mms/en#1280139157"",""browser"")",False,True,BlockL1-1C6,,,,,,http://id.who.int/icd/entity/236924369,
444,2026-01,http://id.who.int/icd/entity/802739943,http://id.who.int/icd/release/11/mms/802739943,1C60.30,,- - - - Kaposi sarcoma associated with human immunodeficiency virus disease associated with tuberculosis,- - - - Sarcome de Kaposi associé à la maladie par le virus de l'immunodéficience humaine associée à la tuberculose,category,3,False,01,"=hyperlink(""https://icd.who.int/browse/latestrelease/mms/en#802739943"",""browser"")",True,True,BlockL1-1C6,,,,,,http://id.who.int/icd/entity/1280139157,
445,2026-01,,http://id.who.int/icd/release/11/mms/1280139157/other,1C60.3Y,,- - - - Other specified HIV disease clinical stage 4 associated with tuberculosis,- - - - Autres maladie à VIH stade clinique 4 associée à la tuberculose,category,3,True,01,"=hyperlink(""https://icd.who.int/browse/latestrelease/mms/en#1280139157/mms/other"",""browser"")",True,True,BlockL1-1C6,,,,,,http://id.who.int/icd/entity/1280139157,
446,2026-01,,http://id.who.int/icd/release/11/mms/1280139157/unspecified,1C60.3Z,,"- - - - HIV disease clinical stage 4 associated with tuberculosis, unspecified","- - - - Maladie à VIH stade clinique 4 associée à la tuberculose, sans précision",category,3,True,01,"=hyperlink(""https://icd.who.int/browse/latestrelease/mms/en#1280139157/mms/unspecified"",""browser"")",True,True,BlockL1-1C6,,,,,,http://id.who.int/icd/entity/1280139157,
447,2026-01,,http://id.who.int/icd/release/11/mms/236924369/unspecified,1C60.Z,,"- - - Human immunodeficiency virus disease associated with tuberculosis, clinical stage unspecified","- - - Maladie due au virus de l'immunodéficience humaine associée à la tuberculose, stade clinique non précisé",category,2,True,01,"=hyperlink(""https://icd.who.int/browse/latestrelease/mms/en#236924369/mms/unspecified"",""browser"")",True,True,BlockL1-1C6,,,,,,http://id.who.int/icd/entity/236924369,
448,2026-01,http://id.who.int/icd/entity/771273482,http://id.who.int/icd/release/11/mms/771273482,1C61,,- - Human immunodeficiency virus disease associated with malaria,- - Maladie due au virus de l'immunodéficience humaine associée au paludisme,category,1,False,01,"=hyperlink(""https://icd.who.int/browse/latestrelease/mms/en#771273482"",""browser"")",False,True,BlockL1-1C6,,,,,,http://id.who.int/icd/entity/1000704511,
449,2026-01,http://id.who.int/icd/entity/1552401955,http://id.who.int/icd/release/11/mms/1552401955,1C61.0,,- - - HIV disease clinical stage 1 associated with malaria,- - - VIH stade clinique 1 associé au paludisme,category,2,False,01,"=hyperlink(""https://icd.who.int/browse/latestrelease/mms/en#1552401955"",""browser"")",True,True,BlockL1-1C6,,,,,,http://id.who.int/icd/entity/771273482,
450,2026-01,http://id.who.int/icd/entity/1702650002,http://id.who.int/icd/release/11/mms/1702650002,1C61.1,,- - - HIV disease clinical stage 2 associated with malaria,- - - VIH stade clinique 2 associé au paludisme,category,2,False,01,"=hyperlink(""https://icd.who.int/browse/latestrelease/mms/en#1702650002"",""browser"")",True,True,BlockL1-1C6,,,,,,http://id.who.int/icd/entity/771273482,
451,2026-01,http://id.who.int/icd/entity/993495155,http://id.who.int/icd/release/11/mms/993495155,1C61.2,,- - - HIV disease clinical stage 3 associated with malaria,- - - VIH stade clinique 3 associé au paludisme,category,2,False,01,"=hyperlink(""https://icd.who.int/browse/latestrelease/mms/en#993495155"",""browser"")",True,True,BlockL1-1C6,,,,,,http://id.who.int/icd/entity/771273482,
452,2026-01,http://id.who.int/icd/entity/97626683,http://id.who.int/icd/release/11/mms/97626683,1C61.3,,- - - HIV disease clinical stage 4 associated with malaria,- - - VIH stade clinique 4 associé au paludisme,category,2,False,01,"=hyperlink(""https://icd.who.int/browse/latestrelease/mms/en#97626683"",""browser"")",False,True,BlockL1-1C6,,,,,,http://id.who.int/icd/entity/771273482,
453,2026-01,http://id.who.int/icd/entity/1848415584,http://id.who.int/icd/release/11/mms/1848415584,1C61.30,,- - - - Kaposi sarcoma associated with human immunodeficiency virus disease associated with malaria,- - - - Sarcome de Kaposi associé à la maladie par le virus de l'immunodéficience humaine associée au paludisme,category,3,False,01,"=hyperlink(""https://icd.who.int/browse/latestrelease/mms/en#1848415584"",""browser"")",True,True,BlockL1-1C6,,,,,,http://id.who.int/icd/entity/97626683,
454,2026-01,,http://id.who.int/icd/release/11/mms/97626683/other,1C61.3Y,,- - - - Other specified HIV disease clinical stage 4 associated with malaria,- - - - Autres VIH stade clinique 4 associé au paludisme,category,3,True,01,"=hyperlink(""https://icd.who.int/browse/latestrelease/mms/en#97626683/mms/other"",""browser"")",True,True,BlockL1-1C6,,,,,,http://id.who.int/icd/entity/97626683,
455,2026-01,,http://id.who.int/icd/release/11/mms/97626683/unspecified,1C61.3Z,,"- - - - HIV disease clinical stage 4 associated with malaria, unspecified","- - - - VIH stade clinique 4 associé au paludisme, sans précision",category,3,True,01,"=hyperlink(""https://icd.who.int/browse/latestrelease/mms/en#97626683/mms/unspecified"",""browser"")",True,True,BlockL1-1C6,,,,,,http://id.who.int/icd/entity/97626683,
456,2026-01,,http://id.who.int/icd/release/11/mms/771273482/unspecified,1C61.Z,,"- - - Human immunodeficiency virus disease associated with malaria, clinical stage unspecified","- - - Maladie due au virus de l'immunodéficience humaine associée au paludisme, stade clinique non précisé",category,2,True,01,"=hyperlink(""https://icd.who.int/browse/latestrelease/mms/en#771273482/mms/unspecified"",""browser"")",True,True,BlockL1-1C6,,,,,,http://id.who.int/icd/entity/771273482,
457,2026-01,http://id.who.int/icd/entity/1508081745,http://id.who.int/icd/release/11/mms/1508081745,1C62,,- - Human immunodeficiency virus disease without mention of tuberculosis or malaria,- - Maladie par le virus de l'immunodéficience humaine sans mention de tuberculose ni de paludisme,category,1,False,01,"=hyperlink(""https://icd.who.int/browse/latestrelease/mms/en#1508081745"",""browser"")",False,True,BlockL1-1C6,,,,,,http://id.who.int/icd/entity/1000704511,
458,2026-01,http://id.who.int/icd/entity/574153866,http://id.who.int/icd/release/11/mms/574153866,1C62.0,,- - - HIV disease clinical stage 1 without mention of tuberculosis or malaria,- - - Maladie due au VIH stade clinique 1 sans mention de tuberculose ni de paludisme,category,2,False,01,"=hyperlink(""https://icd.who.int/browse/latestrelease/mms/en#574153866"",""browser"")",True,True,BlockL1-1C6,,,,,,http://id.who.int/icd/entity/1508081745,
459,2026-01,http://id.who.int/icd/entity/1575370503,http://id.who.int/icd/release/11/mms/1575370503,1C62.1,,- - - HIV disease clinical stage 2 without mention of tuberculosis or malaria,- - - Maladie due au VIH stade clinique 2 sans mention de tuberculose ni de paludisme,category,2,False,01,"=hyperlink(""https://icd.who.int/browse/latestrelease/mms/en#1575370503"",""browser"")",True,True,BlockL1-1C6,,,,,,http://id.who.int/icd/entity/1508081745,
460,2026-01,http://id.who.int/icd/entity/1294771889,http://id.who.int/icd/release/11/mms/1294771889,1C62.2,,- - - HIV disease clinical stage 3 without mention of tuberculosis or malaria,- - - Maladie due au VIH stade clinique 3 sans mention de tuberculose ni de paludisme,category,2,False,01,"=hyperlink(""https://icd.who.int/browse/latestrelease/mms/en#1294771889"",""browser"")",True,True,BlockL1-1C6,,,,,,http://id.who.int/icd/entity/1508081745,
461,2026-01,http://id.who.int/icd/entity/1858812010,http://id.who.int/icd/release/11/mms/1858812010,1C62.3,,- - - HIV disease clinical stage 4 without mention of tuberculosis or malaria,- - - Maladie due au VIH stade clinique 4 sans mention de tuberculose ni de paludisme,category,2,False,01,"=hyperlink(""https://icd.who.int/browse/latestrelease/mms/en#1858812010"",""browser"")",False,True,BlockL1-1C6,,,,,,http://id.who.int/icd/entity/1508081745,
462,2026-01,http://id.who.int/icd/entity/1044381913,http://id.who.int/icd/release/11/mms/1044381913,1C62.30,,- - - - Kaposi sarcoma associated with human immunodeficiency virus disease without mention of tuberculosis or malaria,- - - - Sarcome de Kaposi associé à une maladie due au virus de l'immunodéficience humaine sans mention de tuberculose ou de paludisme,category,3,False,01,"=hyperlink(""https://icd.who.int/browse/latestrelease/mms/en#1044381913"",""browser"")",True,True,BlockL1-1C6,,,,,,http://id.who.int/icd/entity/1858812010,
463,2026-01,,http://id.who.int/icd/release/11/mms/1858812010/other,1C62.3Y,,- - - - Other specified HIV disease clinical stage 4 without mention of tuberculosis or malaria,- - - - Autre maladie précisée due au VIH stade clinique 4 sans mention de tuberculose ni de paludisme,category,3,True,01,"=hyperlink(""https://icd.who.int/browse/latestrelease/mms/en#1858812010/mms/other"",""browser"")",True,True,BlockL1-1C6,,,,,,http://id.who.int/icd/entity/1858812010,
464,2026-01,,http://id.who.int/icd/release/11/mms/1858812010/unspecified,1C62.3Z,,"- - - - HIV disease clinical stage 4 without mention of tuberculosis or malaria, unspecified","- - - - Maladie due au VIH stade clinique 4 sans mention de tuberculose ni de paludisme, sans précision",category,3,True,01,"=hyperlink(""https://icd.who.int/browse/latestrelease/mms/en#1858812010/mms/unspecified"",""browser"")",True,True,BlockL1-1C6,,,,,,http://id.who.int/icd/entity/1858812010,
465,2026-01,,http://id.who.int/icd/release/11/mms/1508081745/unspecified,1C62.Z,,"- - - Human immunodeficiency virus disease without mention of tuberculosis or malaria, clinical stage unspecified","- - - Maladie due au virus de l'immunodéficience humaine sans mention de tuberculose ni de paludisme, stade clinique non précisé",category,2,True,01,"=hyperlink(""https://icd.who.int/browse/latestrelease/mms/en#1508081745/mms/unspecified"",""browser"")",True,True,BlockL1-1C6,,,,,,http://id.who.int/icd/entity/1508081745,
466,2026-01,http://id.who.int/icd/entity/1104303944,http://id.who.int/icd/release/11/mms/1104303944,,BlockL1-1C8,- Viral infections of the central nervous system,- Infections virales du système nerveux central,block,1,False,01,"=hyperlink(""https://icd.who.int/browse/latestrelease/mms/en#1104303944"",""browser"")",False,,,,,,,,http://id.who.int/icd/entity/1435254666,
467,2026-01,http://id.who.int/icd/entity/956664712,http://id.who.int/icd/release/11/mms/956664712,1C80,,"- - Viral encephalitis, not elsewhere classified","- - Encéphalite virale, non classée ailleurs",category,1,False,01,"=hyperlink(""https://icd.who.int/browse/latestrelease/mms/en#956664712"",""browser"")",True,True,BlockL1-1C8,,,,,,http://id.who.int/icd/entity/1104303944,
468,2026-01,http://id.who.int/icd/entity/588527933,http://id.who.int/icd/release/11/mms/588527933,1C81,,- - Acute poliomyelitis,- - Poliomyélite aigüe,category,1,False,01,"=hyperlink(""https://icd.who.int/browse/latestrelease/mms/en#588527933"",""browser"")",True,True,BlockL1-1C8,,,,,,http://id.who.int/icd/entity/1104303944,
469,2026-01,http://id.who.int/icd/entity/854762584,http://id.who.int/icd/release/11/mms/854762584,1C82,,- - Rabies,- - Rage,category,1,False,01,"=hyperlink(""https://icd.who.int/browse/latestrelease/mms/en#854762584"",""browser"")",True,True,BlockL1-1C8,,,,,,http://id.who.int/icd/entity/1104303944,
470,2026-01,http://id.who.int/icd/entity/1543765035,http://id.who.int/icd/release/11/mms/1543765035,1C83,,- - Western equine encephalitis,- - Encéphalite équine occidentale,category,1,False,01,"=hyperlink(""https://icd.who.int/browse/latestrelease/mms/en#1543765035"",""browser"")",True,True,BlockL1-1C8,,,,,,http://id.who.int/icd/entity/1104303944,
471,2026-01,http://id.who.int/icd/entity/682536148,http://id.who.int/icd/release/11/mms/682536148,1C84,,- - Eastern equine encephalitis,- - Encéphalite équine orientale,category,1,False,01,"=hyperlink(""https://icd.who.int/browse/latestrelease/mms/en#682536148"",""browser"")",True,True,BlockL1-1C8,,,,,,http://id.who.int/icd/entity/1104303944,
472,2026-01,http://id.who.int/icd/entity/961032639,http://id.who.int/icd/release/11/mms/961032639,1C85,,- - Japanese encephalitis,- - Encéphalite japonaise,category,1,False,01,"=hyperlink(""https://icd.who.int/browse/latestrelease/mms/en#961032639"",""browser"")",True,True,BlockL1-1C8,,,,,,http://id.who.int/icd/entity/1104303944,
473,2026-01,http://id.who.int/icd/entity/1306878274,http://id.who.int/icd/release/11/mms/1306878274,1C86,,- - St Louis encephalitis,- - Encéphalite de St Louis,category,1,False,01,"=hyperlink(""https://icd.who.int/browse/latestrelease/mms/en#1306878274"",""browser"")",True,True,BlockL1-1C8,,,,,,http://id.who.int/icd/entity/1104303944,
474,2026-01,http://id.who.int/icd/entity/804089791,http://id.who.int/icd/release/11/mms/804089791,1C87,,- - Rocio viral encephalitis,- - Encéphalite à virus de Rocio,category,1,False,01,"=hyperlink(""https://icd.who.int/browse/latestrelease/mms/en#804089791"",""browser"")",True,True,BlockL1-1C8,,,,,,http://id.who.int/icd/entity/1104303944,
475,2026-01,http://id.who.int/icd/entity/1040970454,http://id.who.int/icd/release/11/mms/1040970454,1C88,,- - Murray Valley encephalitis,- - Encéphalite de la Murray Valley,category,1,False,01,"=hyperlink(""https://icd.who.int/browse/latestrelease/mms/en#1040970454"",""browser"")",True,True,BlockL1-1C8,,,,,,http://id.who.int/icd/entity/1104303944,
476,2026-01,http://id.who.int/icd/entity/1530937152,http://id.who.int/icd/release/11/mms/1530937152,1C8B,,- - California encephalitis,- - Encéphalite de Californie,category,1,False,01,"=hyperlink(""https://icd.who.int/browse/latestrelease/mms/en#1530937152"",""browser"")",True,True,BlockL1-1C8,,,,,,http://id.who.int/icd/entity/1104303944,
477,2026-01,http://id.who.int/icd/entity/608978790,http://id.who.int/icd/release/11/mms/608978790,1C8C,,- - Venezuelan equine encephalitis,- - Encéphalite équine vénézuélienne,category,1,False,01,"=hyperlink(""https://icd.who.int/browse/latestrelease/mms/en#608978790"",""browser"")",True,True,BlockL1-1C8,,,,,,http://id.who.int/icd/entity/1104303944,
478,2026-01,http://id.who.int/icd/entity/1501615629,http://id.who.int/icd/release/11/mms/1501615629,1C8D,,- - La Crosse encephalitis,- - Encéphalite de La Crosse,category,1,False,01,"=hyperlink(""https://icd.who.int/browse/latestrelease/mms/en#1501615629"",""browser"")",True,True,BlockL1-1C8,,,,,,http://id.who.int/icd/entity/1104303944,
479,2026-01,http://id.who.int/icd/entity/1358604969,http://id.who.int/icd/release/11/mms/1358604969,1C8E,,"- - Viral meningitis, not elsewhere classified","- - Méningite virale, non classée ailleurs",category,1,False,01,"=hyperlink(""https://icd.who.int/browse/latestrelease/mms/en#1358604969"",""browser"")",False,True,BlockL1-1C8,,,,,,http://id.who.int/icd/entity/1104303944,
480,2026-01,http://id.who.int/icd/entity/62316737,http://id.who.int/icd/release/11/mms/62316737,1C8E.1,,- - - Enteroviral meningitis,- - - Méningite à entérovirus,category,2,False,01,"=hyperlink(""https://icd.who.int/browse/latestrelease/mms/en#62316737"",""browser"")",True,True,BlockL1-1C8,,,,,,http://id.who.int/icd/entity/1358604969,
481,2026-01,http://id.who.int/icd/entity/1727868245,http://id.who.int/icd/release/11/mms/1727868245,1C8E.2,,- - - Meningitis due to adenovirus,- - - Méningite due à adénovirus,category,2,False,01,"=hyperlink(""https://icd.who.int/browse/latestrelease/mms/en#1727868245"",""browser"")",True,True,BlockL1-1C8,,,,,,http://id.who.int/icd/entity/1358604969,
482,2026-01,,http://id.who.int/icd/release/11/mms/1358604969/other,1C8E.Y,,"- - - Other specified viral meningitis, not elsewhere classified","- - - Autres méningites virales, non classées ailleurs",category,2,True,01,"=hyperlink(""https://icd.who.int/browse/latestrelease/mms/en#1358604969/mms/other"",""browser"")",True,True,BlockL1-1C8,,,,,,http://id.who.int/icd/entity/1358604969,
483,2026-01,,http://id.who.int/icd/release/11/mms/1358604969/unspecified,1C8E.Z,,"- - - Viral meningitis, unspecified","- - - Méningite virale, sans précision",category,2,True,01,"=hyperlink(""https://icd.who.int/browse/latestrelease/mms/en#1358604969/mms/unspecified"",""browser"")",True,True,BlockL1-1C8,,,,,,http://id.who.int/icd/entity/1358604969,
484,2026-01,http://id.who.int/icd/entity/307264938,http://id.who.int/icd/release/11/mms/307264938,1C8F,,- - Lymphocytic choriomeningitis,- - Chorioméningite lymphocytaire,category,1,False,01,"=hyperlink(""https://icd.who.int/browse/latestrelease/mms/en#307264938"",""browser"")",True,True,BlockL1-1C8,,,,,,http://id.who.int/icd/entity/1104303944,
485,2026-01,http://id.who.int/icd/entity/835129952,http://id.who.int/icd/release/11/mms/835129952,1C8G,,- - Tick-borne encephalitis,- - Encéphalite à tiques,category,1,False,01,"=hyperlink(""https://icd.who.int/browse/latestrelease/mms/en#835129952"",""browser"")",False,True,BlockL1-1C8,,,,,,http://id.who.int/icd/entity/1104303944,
486,2026-01,http://id.who.int/icd/entity/36782335,http://id.who.int/icd/release/11/mms/36782335,1C8G.0,,- - - Far Eastern tick-borne encephalitis,- - - Encéphalite à tiques d'Extrême-Orient,category,2,False,01,"=hyperlink(""https://icd.who.int/browse/latestrelease/mms/en#36782335"",""browser"")",True,True,BlockL1-1C8,,,,,,http://id.who.int/icd/entity/835129952,
487,2026-01,http://id.who.int/icd/entity/1736084843,http://id.who.int/icd/release/11/mms/1736084843,1C8G.1,,- - - Central European tick-borne encephalitis,- - - Encéphalite à tiques d'Europe centrale,category,2,False,01,"=hyperlink(""https://icd.who.int/browse/latestrelease/mms/en#1736084843"",""browser"")",True,True,BlockL1-1C8,,,,,,http://id.who.int/icd/entity/835129952,
488,2026-01,http://id.who.int/icd/entity/975631454,http://id.who.int/icd/release/11/mms/975631454,1C8G.2,,- - - Siberian tick-borne encephalitis,- - - Encéphalite sibérienne à tiques,category,2,False,01,"=hyperlink(""https://icd.who.int/browse/latestrelease/mms/en#975631454"",""browser"")",True,True,BlockL1-1C8,,,,,,http://id.who.int/icd/entity/835129952,
489,2026-01,,http://id.who.int/icd/release/11/mms/835129952/unspecified,1C8G.Z,,"- - - Tick-borne encephalitis, unspecified","- - - Encéphalite à tiques, sans précision",category,2,True,01,"=hyperlink(""https://icd.who.int/browse/latestrelease/mms/en#835129952/mms/unspecified"",""browser"")",True,True,BlockL1-1C8,,,,,,http://id.who.int/icd/entity/835129952,
490,2026-01,http://id.who.int/icd/entity/1054675109,http://id.who.int/icd/release/11/mms/1054675109,1C8H,,"- - Viral myelitis, not elsewhere classified","- - Myélite virale, non classée ailleurs",category,1,False,01,"=hyperlink(""https://icd.who.int/browse/latestrelease/mms/en#1054675109"",""browser"")",True,False,BlockL1-1C8,,,,,,http://id.who.int/icd/entity/1104303944,
491,2026-01,,http://id.who.int/icd/release/11/mms/1104303944/other,1C8Y,,- - Other specified viral infections of the central nervous system,- - Autres infections virales du système nerveux central,category,1,True,01,"=hyperlink(""https://icd.who.int/browse/latestrelease/mms/en#1104303944/mms/other"",""browser"")",True,True,BlockL1-1C8,,,,,,http://id.who.int/icd/entity/1104303944,
492,2026-01,,http://id.who.int/icd/release/11/mms/1104303944/unspecified,1C8Z,,"- - Viral infections of the central nervous system, unspecified","- - Infections virales du système nerveux central, sans précision",category,1,True,01,"=hyperlink(""https://icd.who.int/browse/latestrelease/mms/en#1104303944/mms/unspecified"",""browser"")",True,True,BlockL1-1C8,,,,,,http://id.who.int/icd/entity/1104303944,
493,2026-01,http://id.who.int/icd/entity/1585949804,http://id.who.int/icd/release/11/mms/1585949804,,BlockL1-1D0,- Non-viral or unspecified infections of the central nervous system,- Infections non-virales ou non précisées du système nerveux central,block,1,False,01,"=hyperlink(""https://icd.who.int/browse/latestrelease/mms/en#1585949804"",""browser"")",False,,,,,,,,http://id.who.int/icd/entity/1435254666,
494,2026-01,http://id.who.int/icd/entity/62637936,http://id.who.int/icd/release/11/mms/62637936,1D00,,"- - Infectious encephalitis, not elsewhere classified","- - Encéphalite infectieuse, non classée ailleurs",category,1,False,01,"=hyperlink(""https://icd.who.int/browse/latestrelease/mms/en#62637936"",""browser"")",False,False,BlockL1-1D0,,,,,,http://id.who.int/icd/entity/1585949804,
495,2026-01,http://id.who.int/icd/entity/1656157931,http://id.who.int/icd/release/11/mms/1656157931,1D00.0,,- - - Bacterial encephalitis,- - - Encéphalite bactérienne,category,2,False,01,"=hyperlink(""https://icd.who.int/browse/latestrelease/mms/en#1656157931"",""browser"")",True,False,BlockL1-1D0,,,,,,http://id.who.int/icd/entity/62637936,
496,2026-01,http://id.who.int/icd/entity/2048186698,http://id.who.int/icd/release/11/mms/2048186698,1D00.1,,- - - Fungal encephalitis,- - - Encéphalite fongique,category,2,False,01,"=hyperlink(""https://icd.who.int/browse/latestrelease/mms/en#2048186698"",""browser"")",True,False,BlockL1-1D0,,,,,,http://id.who.int/icd/entity/62637936,
497,2026-01,http://id.who.int/icd/entity/1269730048,http://id.who.int/icd/release/11/mms/1269730048,1D00.2,,- - - Parasitic or protozoal encephalitis,- - - Encéphalite parasitaire ou à protozoaire,category,2,False,01,"=hyperlink(""https://icd.who.int/browse/latestrelease/mms/en#1269730048"",""browser"")",True,False,BlockL1-1D0,,,,,,http://id.who.int/icd/entity/62637936,
498,2026-01,,http://id.who.int/icd/release/11/mms/62637936/other,1D00.Y,,"- - - Other specified infectious encephalitis, not elsewhere classified","- - - Autres encéphalite infectieuse, non classée ailleurs",category,2,True,01,"=hyperlink(""https://icd.who.int/browse/latestrelease/mms/en#62637936/mms/other"",""browser"")",True,False,BlockL1-1D0,,,,,,http://id.who.int/icd/entity/62637936,
499,2026-01,,http://id.who.int/icd/release/11/mms/62637936/unspecified,1D00.Z,,"- - - Infectious encephalitis, unspecified","- - - Encéphalite infectieuse, sans précision",category,2,True,01,"=hyperlink(""https://icd.who.int/browse/latestrelease/mms/en#62637936/mms/unspecified"",""browser"")",True,False,BlockL1-1D0,,,,,,http://id.who.int/icd/entity/62637936,
500,2026-01,http://id.who.int/icd/entity/121670633,http://id.who.int/icd/release/11/mms/121670633,1D01,,"- - Infectious meningitis, not elsewhere classified","- - Méningite infectieuse, non classée ailleurs",category,1,False,01,"=hyperlink(""https://icd.who.int/browse/latestrelease/mms/en#121670633"",""browser"")",False,False,BlockL1-1D0,,,,,,http://id.who.int/icd/entity/1585949804,
501,2026-01,http://id.who.int/icd/entity/684930313,http://id.who.int/icd/release/11/mms/684930313,1D01.0,,- - - Bacterial meningitis,- - - Méningite bactérienne,category,2,False,01,"=hyperlink(""https://icd.who.int/browse/latestrelease/mms/en#684930313"",""browser"")",False,False,BlockL1-1D0,,,,,,http://id.who.int/icd/entity/121670633,
502,2026-01,http://id.who.int/icd/entity/1005770900,http://id.who.int/icd/release/11/mms/1005770900,1D01.00,,- - - - Meningitis due to Haemophilus influenzae,- - - - Méningite due à Haemophilus influenzae,category,3,False,01,"=hyperlink(""https://icd.who.int/browse/latestrelease/mms/en#1005770900"",""browser"")",True,False,BlockL1-1D0,,,,,,http://id.who.int/icd/entity/684930313,
503,2026-01,,http://id.who.int/icd/release/11/mms/684930313/other,1D01.0Y,,- - - - Other specified bacterial meningitis,- - - - Autres méningites bactériennes précisées,category,3,True,01,"=hyperlink(""https://icd.who.int/browse/latestrelease/mms/en#684930313/mms/other"",""browser"")",True,False,BlockL1-1D0,,,,,,http://id.who.int/icd/entity/684930313,
504,2026-01,,http://id.who.int/icd/release/11/mms/684930313/unspecified,1D01.0Z,,"- - - - Bacterial meningitis, unspecified","- - - - Méningite bactérienne, sans précision",category,3,True,01,"=hyperlink(""https://icd.who.int/browse/latestrelease/mms/en#684930313/mms/unspecified"",""browser"")",True,False,BlockL1-1D0,,,,,,http://id.who.int/icd/entity/684930313,
505,2026-01,http://id.who.int/icd/entity/1137081791,http://id.who.int/icd/release/11/mms/1137081791,1D01.1,,- - - Fungal meningitis,- - - Méningite fongique,category,2,False,01,"=hyperlink(""https://icd.who.int/browse/latestrelease/mms/en#1137081791"",""browser"")",True,False,BlockL1-1D0,,,,,,http://id.who.int/icd/entity/121670633,
506,2026-01,http://id.who.int/icd/entity/181304776,http://id.who.int/icd/release/11/mms/181304776,1D01.2,,- - - Parasitic or protozoal meningitis,- - - Méningite parasitaire ou à protozoaire,category,2,False,01,"=hyperlink(""https://icd.who.int/browse/latestrelease/mms/en#181304776"",""browser"")",True,False,BlockL1-1D0,,,,,,http://id.who.int/icd/entity/121670633,
507,2026-01,http://id.who.int/icd/entity/731112897,http://id.who.int/icd/release/11/mms/731112897,1D01.3,,- - - Benign recurrent meningitis,- - - Méningite récurrente bénigne,category,2,False,01,"=hyperlink(""https://icd.who.int/browse/latestrelease/mms/en#731112897"",""browser"")",True,False,BlockL1-1D0,,,,,,http://id.who.int/icd/entity/121670633,
508,2026-01,,http://id.who.int/icd/release/11/mms/121670633/other,1D01.Y,,"- - - Other specified infectious meningitis, not elsewhere classified",- - - Autres méningites infectieuses non classées ailleurs,category,2,True,01,"=hyperlink(""https://icd.who.int/browse/latestrelease/mms/en#121670633/mms/other"",""browser"")",True,False,BlockL1-1D0,,,,,,http://id.who.int/icd/entity/121670633,
509,2026-01,,http://id.who.int/icd/release/11/mms/121670633/unspecified,1D01.Z,,"- - - Infectious meningitis, unspecified","- - - Méningite infectieuse, sans précision",category,2,True,01,"=hyperlink(""https://icd.who.int/browse/latestrelease/mms/en#121670633/mms/unspecified"",""browser"")",True,False,BlockL1-1D0,,,,,,http://id.who.int/icd/entity/121670633,
510,2026-01,http://id.who.int/icd/entity/392898612,http://id.who.int/icd/release/11/mms/392898612,1D02,,"- - Infectious myelitis, not elsewhere classified","- - Myélite infectieuse, non classée ailleurs",category,1,False,01,"=hyperlink(""https://icd.who.int/browse/latestrelease/mms/en#392898612"",""browser"")",False,False,BlockL1-1D0,,,,,,http://id.who.int/icd/entity/1585949804,
511,2026-01,http://id.who.int/icd/entity/373833091,http://id.who.int/icd/release/11/mms/373833091,1D02.0,,- - - Bacterial myelitis,- - - Myélite bactérienne,category,2,False,01,"=hyperlink(""https://icd.who.int/browse/latestrelease/mms/en#373833091"",""browser"")",True,False,BlockL1-1D0,,,,,,http://id.who.int/icd/entity/392898612,
512,2026-01,http://id.who.int/icd/entity/431392958,http://id.who.int/icd/release/11/mms/431392958,1D02.2,,- - - Fungal myelitis,- - - Myélite fongique,category,2,False,01,"=hyperlink(""https://icd.who.int/browse/latestrelease/mms/en#431392958"",""browser"")",True,False,BlockL1-1D0,,,,,,http://id.who.int/icd/entity/392898612,
513,2026-01,http://id.who.int/icd/entity/342012360,http://id.who.int/icd/release/11/mms/342012360,1D02.3,,- - - Parasitic myelitis,- - - Myélite parasitaire,category,2,False,01,"=hyperlink(""https://icd.who.int/browse/latestrelease/mms/en#342012360"",""browser"")",True,False,BlockL1-1D0,,,,,,http://id.who.int/icd/entity/392898612,
514,2026-01,,http://id.who.int/icd/release/11/mms/392898612/other,1D02.Y,,"- - - Other specified infectious myelitis, not elsewhere classified","- - - Autres myélites infectieuses, non classées ailleurs",category,2,True,01,"=hyperlink(""https://icd.who.int/browse/latestrelease/mms/en#392898612/mms/other"",""browser"")",True,False,BlockL1-1D0,,,,,,http://id.who.int/icd/entity/392898612,
515,2026-01,,http://id.who.int/icd/release/11/mms/392898612/unspecified,1D02.Z,,"- - - Infectious myelitis, unspecified","- - - Myélite infectieuse, sans précision",category,2,True,01,"=hyperlink(""https://icd.who.int/browse/latestrelease/mms/en#392898612/mms/unspecified"",""browser"")",True,False,BlockL1-1D0,,,,,,http://id.who.int/icd/entity/392898612,
516,2026-01,http://id.who.int/icd/entity/1483190070,http://id.who.int/icd/release/11/mms/1483190070,1D03,,- - Infectious abscess of the central nervous system,- - Abcès infectieux du système nerveux central,category,1,False,01,"=hyperlink(""https://icd.who.int/browse/latestrelease/mms/en#1483190070"",""browser"")",False,False,BlockL1-1D0,,,,,,http://id.who.int/icd/entity/1585949804,
517,2026-01,http://id.who.int/icd/entity/443087096,http://id.who.int/icd/release/11/mms/443087096,1D03.0,,- - - Intraspinal intramedullary abscess,- - - Abcès intrarachidien intramédullaire,category,2,False,01,"=hyperlink(""https://icd.who.int/browse/latestrelease/mms/en#443087096"",""browser"")",True,False,BlockL1-1D0,,,,,,http://id.who.int/icd/entity/1483190070,
518,2026-01,http://id.who.int/icd/entity/613341872,http://id.who.int/icd/release/11/mms/613341872,1D03.1,,- - - Intraspinal subdural abscess,- - - Abcès intrarachidien sousdural,category,2,False,01,"=hyperlink(""https://icd.who.int/browse/latestrelease/mms/en#613341872"",""browser"")",True,False,BlockL1-1D0,,,,,,http://id.who.int/icd/entity/1483190070,
519,2026-01,http://id.who.int/icd/entity/1147230459,http://id.who.int/icd/release/11/mms/1147230459,1D03.2,,- - - Intraspinal extradural abscess,- - - Abcès intrarachidien extradural,category,2,False,01,"=hyperlink(""https://icd.who.int/browse/latestrelease/mms/en#1147230459"",""browser"")",True,False,BlockL1-1D0,,,,,,http://id.who.int/icd/entity/1483190070,
520,2026-01,http://id.who.int/icd/entity/1128677700,http://id.who.int/icd/release/11/mms/1128677700,1D03.3,,- - - Intracranial abscess,- - - Abcès intracrânien,category,2,False,01,"=hyperlink(""https://icd.who.int/browse/latestrelease/mms/en#1128677700"",""browser"")",False,False,BlockL1-1D0,,,,,,http://id.who.int/icd/entity/1483190070,
521,2026-01,http://id.who.int/icd/entity/1360075821,http://id.who.int/icd/release/11/mms/1360075821,1D03.30,,- - - - Deep cerebral hemispheric abscess,- - - - Abcès hémisphérique cérébral profond,category,3,False,01,"=hyperlink(""https://icd.who.int/browse/latestrelease/mms/en#1360075821"",""browser"")",True,False,BlockL1-1D0,,,,,,http://id.who.int/icd/entity/1128677700,
522,2026-01,http://id.who.int/icd/entity/838770280,http://id.who.int/icd/release/11/mms/838770280,1D03.31,,- - - - Abscess of the corpus callosum,- - - - Abcès du corps calleux,category,3,False,01,"=hyperlink(""https://icd.who.int/browse/latestrelease/mms/en#838770280"",""browser"")",True,False,BlockL1-1D0,,,,,,http://id.who.int/icd/entity/1128677700,
523,2026-01,http://id.who.int/icd/entity/777604655,http://id.who.int/icd/release/11/mms/777604655,1D03.32,,- - - - Pituitary abscess,- - - - Abcès hypophysaire,category,3,False,01,"=hyperlink(""https://icd.who.int/browse/latestrelease/mms/en#777604655"",""browser"")",True,False,BlockL1-1D0,,,,,,http://id.who.int/icd/entity/1128677700,
524,2026-01,http://id.who.int/icd/entity/714215906,http://id.who.int/icd/release/11/mms/714215906,1D03.33,,- - - - Multiple or widespread intracranial abscess,- - - - Abcès intracrânien multiple ou généralisé,category,3,False,01,"=hyperlink(""https://icd.who.int/browse/latestrelease/mms/en#714215906"",""browser"")",True,False,BlockL1-1D0,,,,,,http://id.who.int/icd/entity/1128677700,
525,2026-01,,http://id.who.int/icd/release/11/mms/1128677700/other,1D03.3Y,,- - - - Other specified intracranial abscess,- - - - Autres abcès intracrânien,category,3,True,01,"=hyperlink(""https://icd.who.int/browse/latestrelease/mms/en#1128677700/mms/other"",""browser"")",True,False,BlockL1-1D0,,,,,,http://id.who.int/icd/entity/1128677700,
526,2026-01,,http://id.who.int/icd/release/11/mms/1128677700/unspecified,1D03.3Z,,"- - - - Intracranial abscess, unspecified","- - - - Abcès intracrânien, sans précision",category,3,True,01,"=hyperlink(""https://icd.who.int/browse/latestrelease/mms/en#1128677700/mms/unspecified"",""browser"")",True,False,BlockL1-1D0,,,,,,http://id.who.int/icd/entity/1128677700,
527,2026-01,http://id.who.int/icd/entity/1299705786,http://id.who.int/icd/release/11/mms/1299705786,1D03.4,,- - - Intraspinal epidural abscess,- - - Abcès intrarachidien épidural,category,2,False,01,"=hyperlink(""https://icd.who.int/browse/latestrelease/mms/en#1299705786"",""browser"")",True,False,BlockL1-1D0,,,,,,http://id.who.int/icd/entity/1483190070,
528,2026-01,http://id.who.int/icd/entity/486617244,http://id.who.int/icd/release/11/mms/486617244,1D03.5,,- - - Spinal cord abscess,- - - Abcès de la moelle épinière,category,2,False,01,"=hyperlink(""https://icd.who.int/browse/latestrelease/mms/en#486617244"",""browser"")",True,False,BlockL1-1D0,,,,,,http://id.who.int/icd/entity/1483190070,
529,2026-01,,http://id.who.int/icd/release/11/mms/1483190070/other,1D03.Y,,- - - Other specified site of infectious abscess of the central nervous system,- - - Autres localisations précisés d'abcès infectieux du système nerveux central,category,2,True,01,"=hyperlink(""https://icd.who.int/browse/latestrelease/mms/en#1483190070/mms/other"",""browser"")",True,False,BlockL1-1D0,,,,,,http://id.who.int/icd/entity/1483190070,
530,2026-01,,http://id.who.int/icd/release/11/mms/1483190070/unspecified,1D03.Z,,"- - - Infectious abscess of the central nervous system, site unspecified","- - - Abcès infectieux du système nerveux central, localisation non précisée",category,2,True,01,"=hyperlink(""https://icd.who.int/browse/latestrelease/mms/en#1483190070/mms/unspecified"",""browser"")",True,False,BlockL1-1D0,,,,,,http://id.who.int/icd/entity/1483190070,
531,2026-01,http://id.who.int/icd/entity/2108355318,http://id.who.int/icd/release/11/mms/2108355318,1D04,,- - Infectious granulomas of the central nervous system,- - Granulomes infectieux du système nerveux central,category,1,False,01,"=hyperlink(""https://icd.who.int/browse/latestrelease/mms/en#2108355318"",""browser"")",False,True,BlockL1-1D0,,,,,,http://id.who.int/icd/entity/1585949804,
532,2026-01,http://id.who.int/icd/entity/1726978545,http://id.who.int/icd/release/11/mms/1726978545,1D04.0,,- - - Parasitic intracerebral granuloma,- - - Granulome intracérébral parasitaire,category,2,False,01,"=hyperlink(""https://icd.who.int/browse/latestrelease/mms/en#1726978545"",""browser"")",True,True,BlockL1-1D0,,,,,,http://id.who.int/icd/entity/2108355318,
533,2026-01,http://id.who.int/icd/entity/629126866,http://id.who.int/icd/release/11/mms/629126866,1D04.1,,- - - Intracranial granuloma,- - - Granulome intracrânien,category,2,False,01,"=hyperlink(""https://icd.who.int/browse/latestrelease/mms/en#629126866"",""browser"")",False,True,BlockL1-1D0,,,,,,http://id.who.int/icd/entity/2108355318,
534,2026-01,http://id.who.int/icd/entity/132294774,http://id.who.int/icd/release/11/mms/132294774,1D04.10,,- - - - Fungal intracranial granuloma,- - - - Granulome intracrânien fongique,category,3,False,01,"=hyperlink(""https://icd.who.int/browse/latestrelease/mms/en#132294774"",""browser"")",True,True,BlockL1-1D0,,,,,,http://id.who.int/icd/entity/629126866,
535,2026-01,,http://id.who.int/icd/release/11/mms/629126866/other,1D04.1Y,,- - - - Other specified intracranial granuloma,- - - - Autres granulomes intracrâniens précisés,category,3,True,01,"=hyperlink(""https://icd.who.int/browse/latestrelease/mms/en#629126866/mms/other"",""browser"")",True,True,BlockL1-1D0,,,,,,http://id.who.int/icd/entity/629126866,
536,2026-01,,http://id.who.int/icd/release/11/mms/629126866/unspecified,1D04.1Z,,"- - - - Intracranial granuloma, unspecified","- - - - Granulome intracrânien, sans précision",category,3,True,01,"=hyperlink(""https://icd.who.int/browse/latestrelease/mms/en#629126866/mms/unspecified"",""browser"")",True,True,BlockL1-1D0,,,,,,http://id.who.int/icd/entity/629126866,
537,2026-01,http://id.who.int/icd/entity/2017227771,http://id.who.int/icd/release/11/mms/2017227771,1D04.2,,- - - Intraspinal intramedullary granuloma,- - - Granulome intrarachidien intramédullaire,category,2,False,01,"=hyperlink(""https://icd.who.int/browse/latestrelease/mms/en#2017227771"",""browser"")",True,True,BlockL1-1D0,,,,,,http://id.who.int/icd/entity/2108355318,
538,2026-01,http://id.who.int/icd/entity/1761012301,http://id.who.int/icd/release/11/mms/1761012301,1D04.3,,- - - Intraspinal subdural granuloma,- - - Granulome intrarachidien sousdural,category,2,False,01,"=hyperlink(""https://icd.who.int/browse/latestrelease/mms/en#1761012301"",""browser"")",True,True,BlockL1-1D0,,,,,,http://id.who.int/icd/entity/2108355318,
539,2026-01,http://id.who.int/icd/entity/1543721163,http://id.who.int/icd/release/11/mms/1543721163,1D04.4,,- - - Intraspinal extradural granuloma,- - - Granulome intrarachidien extradural,category,2,False,01,"=hyperlink(""https://icd.who.int/browse/latestrelease/mms/en#1543721163"",""browser"")",True,True,BlockL1-1D0,,,,,,http://id.who.int/icd/entity/2108355318,
540,2026-01,http://id.who.int/icd/entity/923328437,http://id.who.int/icd/release/11/mms/923328437,1D04.5,,- - - Intraspinal epidural granuloma,- - - Granulome intrarachidien épidural,category,2,False,01,"=hyperlink(""https://icd.who.int/browse/latestrelease/mms/en#923328437"",""browser"")",True,True,BlockL1-1D0,,,,,,http://id.who.int/icd/entity/2108355318,
541,2026-01,,http://id.who.int/icd/release/11/mms/2108355318/other,1D04.Y,,- - - Other specified site of infectious granulomas of the central nervous system,- - - Autres localisations de granulomes infectieux précisées du système nerveux central,category,2,True,01,"=hyperlink(""https://icd.who.int/browse/latestrelease/mms/en#2108355318/mms/other"",""browser"")",True,True,BlockL1-1D0,,,,,,http://id.who.int/icd/entity/2108355318,
542,2026-01,,http://id.who.int/icd/release/11/mms/2108355318/unspecified,1D04.Z,,"- - - Infectious granulomas of the central nervous system, site unspecified","- - - Granulomes infectieux du système nerveux central, localisation non précisée",category,2,True,01,"=hyperlink(""https://icd.who.int/browse/latestrelease/mms/en#2108355318/mms/unspecified"",""browser"")",True,True,BlockL1-1D0,,,,,,http://id.who.int/icd/entity/2108355318,
543,2026-01,http://id.who.int/icd/entity/634116368,http://id.who.int/icd/release/11/mms/634116368,1D05,,- - Infectious cysts of the central nervous system,- - Kystes infectieux du système nerveux central,category,1,False,01,"=hyperlink(""https://icd.who.int/browse/latestrelease/mms/en#634116368"",""browser"")",False,True,BlockL1-1D0,,,,,,http://id.who.int/icd/entity/1585949804,
544,2026-01,http://id.who.int/icd/entity/35402215,http://id.who.int/icd/release/11/mms/35402215,1D05.0,,- - - Epidural infectious cyst,- - - Kyste infectieux épidural,category,2,False,01,"=hyperlink(""https://icd.who.int/browse/latestrelease/mms/en#35402215"",""browser"")",True,True,BlockL1-1D0,,,,,,http://id.who.int/icd/entity/634116368,
545,2026-01,http://id.who.int/icd/entity/1388337190,http://id.who.int/icd/release/11/mms/1388337190,1D05.1,,- - - Subdural infectious cyst,- - - Kyste infectieux sousdural,category,2,False,01,"=hyperlink(""https://icd.who.int/browse/latestrelease/mms/en#1388337190"",""browser"")",True,True,BlockL1-1D0,,,,,,http://id.who.int/icd/entity/634116368,
546,2026-01,,http://id.who.int/icd/release/11/mms/634116368/other,1D05.Y,,- - - Other specified infectious cysts of the central nervous system,- - - Autres kystes infectieux du système nerveux central,category,2,True,01,"=hyperlink(""https://icd.who.int/browse/latestrelease/mms/en#634116368/mms/other"",""browser"")",True,True,BlockL1-1D0,,,,,,http://id.who.int/icd/entity/634116368,
547,2026-01,,http://id.who.int/icd/release/11/mms/634116368/unspecified,1D05.Z,,"- - - Infectious cysts of the central nervous system, unspecified","- - - Kystes infectieux du système nerveux central, sans précision",category,2,True,01,"=hyperlink(""https://icd.who.int/browse/latestrelease/mms/en#634116368/mms/unspecified"",""browser"")",True,True,BlockL1-1D0,,,,,,http://id.who.int/icd/entity/634116368,
548,2026-01,,http://id.who.int/icd/release/11/mms/1585949804/other,1D0Y,,- - Other specified non-viral or unspecified infections of the central nervous system,- - Autres infections précisée non-virales ou sans précision du système nerveux central,category,1,True,01,"=hyperlink(""https://icd.who.int/browse/latestrelease/mms/en#1585949804/mms/other"",""browser"")",True,True,BlockL1-1D0,,,,,,http://id.who.int/icd/entity/1585949804,
549,2026-01,,http://id.who.int/icd/release/11/mms/1585949804/unspecified,1D0Z,,"- - Non-viral or unspecified infections of the central nervous system, unspecified","- - Infections non-virales ou sans précision du système nerveux central, sans précision",category,1,True,01,"=hyperlink(""https://icd.who.int/browse/latestrelease/mms/en#1585949804/mms/unspecified"",""browser"")",True,True,BlockL1-1D0,,,,,,http://id.who.int/icd/entity/1585949804,
550,2026-01,http://id.who.int/icd/entity/1959883044,http://id.who.int/icd/release/11/mms/1959883044,,BlockL1-1D2,- Dengue,- Dengue,block,1,False,01,"=hyperlink(""https://icd.who.int/browse/latestrelease/mms/en#1959883044"",""browser"")",False,,,,,,,,http://id.who.int/icd/entity/1435254666,
551,2026-01,http://id.who.int/icd/entity/685093552,http://id.who.int/icd/release/11/mms/685093552,1D20,,- - Dengue without warning signs,- - Dengue sans signes d'alerte,category,1,False,01,"=hyperlink(""https://icd.who.int/browse/latestrelease/mms/en#685093552"",""browser"")",True,True,BlockL1-1D2,,,,,,http://id.who.int/icd/entity/1959883044,
552,2026-01,http://id.who.int/icd/entity/1302232870,http://id.who.int/icd/release/11/mms/1302232870,1D21,,- - Dengue with warning signs,- - Dengue avec signes d'alerte,category,1,False,01,"=hyperlink(""https://icd.who.int/browse/latestrelease/mms/en#1302232870"",""browser"")",True,True,BlockL1-1D2,,,,,,http://id.who.int/icd/entity/1959883044,
553,2026-01,http://id.who.int/icd/entity/56575149,http://id.who.int/icd/release/11/mms/56575149,1D22,,- - Severe dengue,- - Dengue sévère,category,1,False,01,"=hyperlink(""https://icd.who.int/browse/latestrelease/mms/en#56575149"",""browser"")",True,True,BlockL1-1D2,,,,,,http://id.who.int/icd/entity/1959883044,
554,2026-01,,http://id.who.int/icd/release/11/mms/1959883044/unspecified,1D2Z,,"- - Dengue, unspecified","- - Dengue, sans précision",category,1,True,01,"=hyperlink(""https://icd.who.int/browse/latestrelease/mms/en#1959883044/mms/unspecified"",""browser"")",True,True,BlockL1-1D2,,,,,,http://id.who.int/icd/entity/1959883044,
555,2026-01,http://id.who.int/icd/entity/921595235,http://id.who.int/icd/release/11/mms/921595235,,BlockL1-1D4,- Certain arthropod-borne viral fevers,- Certaines fièvres virales transmises par des arthropodes,block,1,False,01,"=hyperlink(""https://icd.who.int/browse/latestrelease/mms/en#921595235"",""browser"")",False,,,,,,,,http://id.who.int/icd/entity/1435254666,
556,2026-01,http://id.who.int/icd/entity/900389391,http://id.who.int/icd/release/11/mms/900389391,1D40,,- - Chikungunya virus disease,- - Chikungunya,category,1,False,01,"=hyperlink(""https://icd.who.int/browse/latestrelease/mms/en#900389391"",""browser"")",True,True,BlockL1-1D4,,,,,,http://id.who.int/icd/entity/921595235,
557,2026-01,http://id.who.int/icd/entity/951357413,http://id.who.int/icd/release/11/mms/951357413,1D41,,- - Colorado tick fever,- - Fièvre à tiques du Colorado,category,1,False,01,"=hyperlink(""https://icd.who.int/browse/latestrelease/mms/en#951357413"",""browser"")",True,True,BlockL1-1D4,,,,,,http://id.who.int/icd/entity/921595235,
558,2026-01,http://id.who.int/icd/entity/1356928923,http://id.who.int/icd/release/11/mms/1356928923,1D42,,- - O'nyong-nyong fever,- - Fièvre à virus O'nyong-nyong,category,1,False,01,"=hyperlink(""https://icd.who.int/browse/latestrelease/mms/en#1356928923"",""browser"")",True,True,BlockL1-1D4,,,,,,http://id.who.int/icd/entity/921595235,
559,2026-01,http://id.who.int/icd/entity/693244560,http://id.who.int/icd/release/11/mms/693244560,1D43,,- - Oropouche virus disease,- - Maladie à virus Oropouche,category,1,False,01,"=hyperlink(""https://icd.who.int/browse/latestrelease/mms/en#693244560"",""browser"")",True,True,BlockL1-1D4,,,,,,http://id.who.int/icd/entity/921595235,
560,2026-01,http://id.who.int/icd/entity/854137188,http://id.who.int/icd/release/11/mms/854137188,1D44,,- - Rift Valley fever,- - Fièvre de la vallée du Rift,category,1,False,01,"=hyperlink(""https://icd.who.int/browse/latestrelease/mms/en#854137188"",""browser"")",True,True,BlockL1-1D4,,,,,,http://id.who.int/icd/entity/921595235,
561,2026-01,http://id.who.int/icd/entity/1276763930,http://id.who.int/icd/release/11/mms/1276763930,1D45,,- - Sandfly fever,- - Fièvre des mouches des sables,category,1,False,01,"=hyperlink(""https://icd.who.int/browse/latestrelease/mms/en#1276763930"",""browser"")",True,True,BlockL1-1D4,,,,,,http://id.who.int/icd/entity/921595235,
562,2026-01,http://id.who.int/icd/entity/1091013360,http://id.who.int/icd/release/11/mms/1091013360,1D46,,- - West Nile virus infection,- - Infection à West-Nile virus,category,1,False,01,"=hyperlink(""https://icd.who.int/browse/latestrelease/mms/en#1091013360"",""browser"")",True,True,BlockL1-1D4,,,,,,http://id.who.int/icd/entity/921595235,
563,2026-01,http://id.who.int/icd/entity/383352795,http://id.who.int/icd/release/11/mms/383352795,1D47,,- - Yellow fever,- - Fièvre jaune,category,1,False,01,"=hyperlink(""https://icd.who.int/browse/latestrelease/mms/en#383352795"",""browser"")",True,True,BlockL1-1D4,,,,,,http://id.who.int/icd/entity/921595235,
564,2026-01,http://id.who.int/icd/entity/1401438580,http://id.who.int/icd/release/11/mms/1401438580,1D48,,- - Zika virus disease,- - Maladie à virus Zika,category,1,False,01,"=hyperlink(""https://icd.who.int/browse/latestrelease/mms/en#1401438580"",""browser"")",True,True,BlockL1-1D4,,,,,,http://id.who.int/icd/entity/921595235,
565,2026-01,http://id.who.int/icd/entity/1562906700,http://id.who.int/icd/release/11/mms/1562906700,1D49,,- - Crimean-Congo haemorrhagic fever,- - Fièvre hémorragique de Crimée-Congo,category,1,False,01,"=hyperlink(""https://icd.who.int/browse/latestrelease/mms/en#1562906700"",""browser"")",True,True,BlockL1-1D4,,,,,,http://id.who.int/icd/entity/921595235,
566,2026-01,http://id.who.int/icd/entity/946068954,http://id.who.int/icd/release/11/mms/946068954,1D4A,,- - Omsk haemorrhagic fever,- - Fièvre hémorragique d'Omsk,category,1,False,01,"=hyperlink(""https://icd.who.int/browse/latestrelease/mms/en#946068954"",""browser"")",True,True,BlockL1-1D4,,,,,,http://id.who.int/icd/entity/921595235,
567,2026-01,http://id.who.int/icd/entity/1288604967,http://id.who.int/icd/release/11/mms/1288604967,1D4B,,- - Kyasanur Forest disease,- - Maladie de la forêt de Kyasanur,category,1,False,01,"=hyperlink(""https://icd.who.int/browse/latestrelease/mms/en#1288604967"",""browser"")",True,True,BlockL1-1D4,,,,,,http://id.who.int/icd/entity/921595235,
568,2026-01,http://id.who.int/icd/entity/1105069515,http://id.who.int/icd/release/11/mms/1105069515,1D4C,,- - Alkhurma haemorrhagic fever,- - Fièvre hémorragique Alkhurma,category,1,False,01,"=hyperlink(""https://icd.who.int/browse/latestrelease/mms/en#1105069515"",""browser"")",True,True,BlockL1-1D4,,,,,,http://id.who.int/icd/entity/921595235,
569,2026-01,http://id.who.int/icd/entity/1085418398,http://id.who.int/icd/release/11/mms/1085418398,1D4D,,- - Ross River disease,- - Maladie de Ross River,category,1,False,01,"=hyperlink(""https://icd.who.int/browse/latestrelease/mms/en#1085418398"",""browser"")",True,True,BlockL1-1D4,,,,,,http://id.who.int/icd/entity/921595235,
570,2026-01,http://id.who.int/icd/entity/282121084,http://id.who.int/icd/release/11/mms/282121084,1D4E,,- - Severe fever with thrombocytopenia syndrome,- - Fièvre sévère avec syndrome thrombocytopénique,category,1,False,01,"=hyperlink(""https://icd.who.int/browse/latestrelease/mms/en#282121084"",""browser"")",True,True,BlockL1-1D4,,,,,,http://id.who.int/icd/entity/921595235,
571,2026-01,,http://id.who.int/icd/release/11/mms/921595235/other,1D4Y,,- - Other specified arthropod-borne viral fevers,- - Autres certaines fièvres virales transmises par des arthropodes,category,1,True,01,"=hyperlink(""https://icd.who.int/browse/latestrelease/mms/en#921595235/mms/other"",""browser"")",True,True,BlockL1-1D4,,,,,,http://id.who.int/icd/entity/921595235,
572,2026-01,,http://id.who.int/icd/release/11/mms/921595235/unspecified,1D4Z,,"- - Arthropod-borne viral fever, virus unspecified","- - Certaines fièvres virales transmises par des arthropodes, sans précision",category,1,True,01,"=hyperlink(""https://icd.who.int/browse/latestrelease/mms/en#921595235/mms/unspecified"",""browser"")",True,True,BlockL1-1D4,,,,,,http://id.who.int/icd/entity/921595235,
573,2026-01,http://id.who.int/icd/entity/1251496839,http://id.who.int/icd/release/11/mms/1251496839,,BlockL1-1D6,- Certain zoonotic viral diseases,- Certaines maladies zoonotiques virales,block,1,False,01,"=hyperlink(""https://icd.who.int/browse/latestrelease/mms/en#1251496839"",""browser"")",False,,,,,,,,http://id.who.int/icd/entity/1435254666,
574,2026-01,http://id.who.int/icd/entity/694903163,http://id.who.int/icd/release/11/mms/694903163,1D60,,- - Filovirus disease,- - Maladie à filovirus,category,1,False,01,"=hyperlink(""https://icd.who.int/browse/latestrelease/mms/en#694903163"",""browser"")",False,True,BlockL1-1D6,,,,,,http://id.who.int/icd/entity/1251496839,
575,2026-01,http://id.who.int/icd/entity/1517015847,http://id.who.int/icd/release/11/mms/1517015847,1D60.0,,- - - Ebola disease,- - - Maladie d'Ebola,category,2,False,01,"=hyperlink(""https://icd.who.int/browse/latestrelease/mms/en#1517015847"",""browser"")",False,True,BlockL1-1D6,,,,,,http://id.who.int/icd/entity/694903163,
576,2026-01,http://id.who.int/icd/entity/1313688701,http://id.who.int/icd/release/11/mms/1313688701,1D60.00,,- - - - Bundibugyo virus disease,- - - - Maladie à virus Bundibugyo,category,3,False,01,"=hyperlink(""https://icd.who.int/browse/latestrelease/mms/en#1313688701"",""browser"")",True,True,BlockL1-1D6,,,,,,http://id.who.int/icd/entity/1517015847,
577,2026-01,http://id.who.int/icd/entity/792755706,http://id.who.int/icd/release/11/mms/792755706,1D60.01,,- - - - Ebola virus disease,- - - - Maladie à virus Ebola,category,3,False,01,"=hyperlink(""https://icd.who.int/browse/latestrelease/mms/en#792755706"",""browser"")",True,True,BlockL1-1D6,,,,,,http://id.who.int/icd/entity/1517015847,
578,2026-01,http://id.who.int/icd/entity/1352574583,http://id.who.int/icd/release/11/mms/1352574583,1D60.02,,- - - - Sudan virus disease,- - - - Maladie à virus Soudan,category,3,False,01,"=hyperlink(""https://icd.who.int/browse/latestrelease/mms/en#1352574583"",""browser"")",True,True,BlockL1-1D6,,,,,,http://id.who.int/icd/entity/1517015847,
579,2026-01,http://id.who.int/icd/entity/1950399694,http://id.who.int/icd/release/11/mms/1950399694,1D60.03,,- - - - Atypical Ebola disease,- - - - Maladie d'Ebola atypique,category,3,False,01,"=hyperlink(""https://icd.who.int/browse/latestrelease/mms/en#1950399694"",""browser"")",True,True,BlockL1-1D6,,,,,"Ce code doit être utilisé en même temps que les codes qui identifient le virus responsable. Les manifestations inhabituelles de la maladie incluent des syndromes inflammatoires spécifiques à un organe (par exemple, la méningo-encéphalite) ou systémiques associés à une recrudescence virale survenant après la guérison clinique d'une maladie aigüe. Ces manifestations peuvent survenir plusieurs mois après l'infection. En outre, ce code peut être utilisé pour des formes inhabituelles de maladie aigüe non répertoriées dans la description générale de la maladie d'Ebola.",http://id.who.int/icd/entity/1517015847,
580,2026-01,,http://id.who.int/icd/release/11/mms/1517015847/other,1D60.0Y,,- - - - Other specified Ebola disease,- - - - Autres maladie d'Ebola,category,3,True,01,"=hyperlink(""https://icd.who.int/browse/latestrelease/mms/en#1517015847/mms/other"",""browser"")",True,True,BlockL1-1D6,,,,,,http://id.who.int/icd/entity/1517015847,
581,2026-01,,http://id.who.int/icd/release/11/mms/1517015847/unspecified,1D60.0Z,,"- - - - Ebola disease, virus unspecified","- - - - Maladie d'Ebola, virus non précisé",category,3,True,01,"=hyperlink(""https://icd.who.int/browse/latestrelease/mms/en#1517015847/mms/unspecified"",""browser"")",True,True,BlockL1-1D6,,,,,,http://id.who.int/icd/entity/1517015847,
582,2026-01,http://id.who.int/icd/entity/696598707,http://id.who.int/icd/release/11/mms/696598707,1D60.1,,- - - Marburg disease,- - - Maladie de Marburg,category,2,False,01,"=hyperlink(""https://icd.who.int/browse/latestrelease/mms/en#696598707"",""browser"")",False,True,BlockL1-1D6,,,,,,http://id.who.int/icd/entity/694903163,
583,2026-01,http://id.who.int/icd/entity/510498140,http://id.who.int/icd/release/11/mms/510498140,1D60.10,,- - - - Marburg virus disease,- - - - Maladie à virus de Marburg,category,3,False,01,"=hyperlink(""https://icd.who.int/browse/latestrelease/mms/en#510498140"",""browser"")",True,True,BlockL1-1D6,,,,,,http://id.who.int/icd/entity/696598707,
584,2026-01,http://id.who.int/icd/entity/198979491,http://id.who.int/icd/release/11/mms/198979491,1D60.11,,- - - - Atypical Marburg disease,- - - - Maladie de Marburg atypique,category,3,False,01,"=hyperlink(""https://icd.who.int/browse/latestrelease/mms/en#198979491"",""browser"")",True,True,BlockL1-1D6,,,,,"Ce code doit être utilisé en même temps que les codes qui identifient le virus responsable. Les manifestations inhabituelles de la maladie incluent des syndromes inflammatoires spécifiques à un organe (par exemple, l’orchite et l’uvéite) ou systémiques associés à une recrudescence virale survenant après la guérison clinique d'une maladie aigüe. Ces manifestations peuvent survenir plusieurs mois après l'infection. En outre, ce code peut être utilisé pour des formes inhabituelles de maladie aigüe non répertoriées dans la description générale de la maladie de Marburg.",http://id.who.int/icd/entity/696598707,
585,2026-01,,http://id.who.int/icd/release/11/mms/696598707/other,1D60.1Y,,- - - - Other specified Marburg disease,- - - - Autres maladie de Marburg,category,3,True,01,"=hyperlink(""https://icd.who.int/browse/latestrelease/mms/en#696598707/mms/other"",""browser"")",True,True,BlockL1-1D6,,,,,,http://id.who.int/icd/entity/696598707,
586,2026-01,,http://id.who.int/icd/release/11/mms/696598707/unspecified,1D60.1Z,,"- - - - Marburg disease, virus unspecified","- - - - Maladie de Marburg, virus non précisé",category,3,True,01,"=hyperlink(""https://icd.who.int/browse/latestrelease/mms/en#696598707/mms/unspecified"",""browser"")",True,True,BlockL1-1D6,,,,,,http://id.who.int/icd/entity/696598707,
587,2026-01,,http://id.who.int/icd/release/11/mms/694903163/other,1D60.Y,,- - - Other specified filovirus disease,- - - Autres maladie à filovirus,category,2,True,01,"=hyperlink(""https://icd.who.int/browse/latestrelease/mms/en#694903163/mms/other"",""browser"")",True,True,BlockL1-1D6,,,,,,http://id.who.int/icd/entity/694903163,
588,2026-01,,http://id.who.int/icd/release/11/mms/694903163/unspecified,1D60.Z,,"- - - Filovirus disease, virus unspecified","- - - Maladie à filovirus, virus non précisé",category,2,True,01,"=hyperlink(""https://icd.who.int/browse/latestrelease/mms/en#694903163/mms/unspecified"",""browser"")",True,True,BlockL1-1D6,,,,,,http://id.who.int/icd/entity/694903163,
589,2026-01,http://id.who.int/icd/entity/1652368287,http://id.who.int/icd/release/11/mms/1652368287,1D61,,- - Arenavirus disease,- - Maladie à arénavirus,category,1,False,01,"=hyperlink(""https://icd.who.int/browse/latestrelease/mms/en#1652368287"",""browser"")",False,True,BlockL1-1D6,,,,,,http://id.who.int/icd/entity/1251496839,
590,2026-01,http://id.who.int/icd/entity/257166193,http://id.who.int/icd/release/11/mms/257166193,1D61.0,,- - - Argentinian haemorrhagic fever,- - - Fièvre hémorragique argentine,category,2,False,01,"=hyperlink(""https://icd.who.int/browse/latestrelease/mms/en#257166193"",""browser"")",True,True,BlockL1-1D6,,,,,,http://id.who.int/icd/entity/1652368287,
591,2026-01,http://id.who.int/icd/entity/1780467429,http://id.who.int/icd/release/11/mms/1780467429,1D61.1,,- - - Bolivian haemorrhagic fever,- - - Fièvre hémorragique bolivienne,category,2,False,01,"=hyperlink(""https://icd.who.int/browse/latestrelease/mms/en#1780467429"",""browser"")",True,True,BlockL1-1D6,,,,,,http://id.who.int/icd/entity/1652368287,
592,2026-01,http://id.who.int/icd/entity/515020316,http://id.who.int/icd/release/11/mms/515020316,1D61.2,,- - - Lassa fever,- - - Fièvre de Lassa,category,2,False,01,"=hyperlink(""https://icd.who.int/browse/latestrelease/mms/en#515020316"",""browser"")",True,True,BlockL1-1D6,,,,,,http://id.who.int/icd/entity/1652368287,
593,2026-01,http://id.who.int/icd/entity/356743940,http://id.who.int/icd/release/11/mms/356743940,1D61.3,,- - - Venezuelan haemorrhagic fever,- - - Fièvre hémorragique vénézuélienne,category,2,False,01,"=hyperlink(""https://icd.who.int/browse/latestrelease/mms/en#356743940"",""browser"")",True,True,BlockL1-1D6,,,,,,http://id.who.int/icd/entity/1652368287,
594,2026-01,,http://id.who.int/icd/release/11/mms/1652368287/other,1D61.Y,,- - - Other specified arenavirus disease,- - - Autres maladie à arénavirus,category,2,True,01,"=hyperlink(""https://icd.who.int/browse/latestrelease/mms/en#1652368287/mms/other"",""browser"")",True,True,BlockL1-1D6,,,,,,http://id.who.int/icd/entity/1652368287,
595,2026-01,,http://id.who.int/icd/release/11/mms/1652368287/unspecified,1D61.Z,,"- - - Arenavirus disease, unspecified","- - - Maladie à arénavirus, sans précision",category,2,True,01,"=hyperlink(""https://icd.who.int/browse/latestrelease/mms/en#1652368287/mms/unspecified"",""browser"")",True,True,BlockL1-1D6,,,,,,http://id.who.int/icd/entity/1652368287,
596,2026-01,http://id.who.int/icd/entity/271833991,http://id.who.int/icd/release/11/mms/271833991,1D62,,- - Hantavirus disease,- - Maladie à hantavirus,category,1,False,01,"=hyperlink(""https://icd.who.int/browse/latestrelease/mms/en#271833991"",""browser"")",False,True,BlockL1-1D6,,,,,,http://id.who.int/icd/entity/1251496839,
597,2026-01,http://id.who.int/icd/entity/1059069619,http://id.who.int/icd/release/11/mms/1059069619,1D62.0,,- - - Haemorrhagic fever with renal syndrome,- - - Fièvre hémorragique avec syndrome rénal,category,2,False,01,"=hyperlink(""https://icd.who.int/browse/latestrelease/mms/en#1059069619"",""browser"")",True,True,BlockL1-1D6,,,,,,http://id.who.int/icd/entity/271833991,
598,2026-01,http://id.who.int/icd/entity/582624609,http://id.who.int/icd/release/11/mms/582624609,1D62.1,,- - - Hantavirus pulmonary syndrome,- - - Syndrome pulmonaire à hantavirus,category,2,False,01,"=hyperlink(""https://icd.who.int/browse/latestrelease/mms/en#582624609"",""browser"")",True,True,BlockL1-1D6,,,,,,http://id.who.int/icd/entity/271833991,
599,2026-01,http://id.who.int/icd/entity/1879060110,http://id.who.int/icd/release/11/mms/1879060110,1D62.2,,- - - Atypical hantavirus disease,- - - Maladie à Hantavirus atypique,category,2,False,01,"=hyperlink(""https://icd.who.int/browse/latestrelease/mms/en#1879060110"",""browser"")",True,True,BlockL1-1D6,,,,,,http://id.who.int/icd/entity/271833991,
600,2026-01,,http://id.who.int/icd/release/11/mms/271833991/other,1D62.Y,,- - - Other specified hantavirus disease,- - - Autres maladie à hantavirus,category,2,True,01,"=hyperlink(""https://icd.who.int/browse/latestrelease/mms/en#271833991/mms/other"",""browser"")",True,True,BlockL1-1D6,,,,,,http://id.who.int/icd/entity/271833991,
601,2026-01,,http://id.who.int/icd/release/11/mms/271833991/unspecified,1D62.Z,,"- - - Hantavirus disease, unspecified","- - - Maladie à hantavirus, sans précision",category,2,True,01,"=hyperlink(""https://icd.who.int/browse/latestrelease/mms/en#271833991/mms/unspecified"",""browser"")",True,True,BlockL1-1D6,,,,,,http://id.who.int/icd/entity/271833991,
602,2026-01,http://id.who.int/icd/entity/1020283662,http://id.who.int/icd/release/11/mms/1020283662,1D63,,- - Henipavirus encephalitis,- - Encéphalite à hénipavirus,category,1,False,01,"=hyperlink(""https://icd.who.int/browse/latestrelease/mms/en#1020283662"",""browser"")",True,True,BlockL1-1D6,,,,,,http://id.who.int/icd/entity/1251496839,
603,2026-01,http://id.who.int/icd/entity/1840423014,http://id.who.int/icd/release/11/mms/1840423014,1D64,,- - Middle East respiratory syndrome,- - Syndrome respiratoire (du coronavirus) du Moyen-Orient,category,1,False,01,"=hyperlink(""https://icd.who.int/browse/latestrelease/mms/en#1840423014"",""browser"")",True,True,BlockL1-1D6,,,,,,http://id.who.int/icd/entity/1251496839,
604,2026-01,http://id.who.int/icd/entity/652944603,http://id.who.int/icd/release/11/mms/652944603,1D65,,- - Severe acute respiratory syndrome,- - Syndrome respiratoire aigu sévère,category,1,False,01,"=hyperlink(""https://icd.who.int/browse/latestrelease/mms/en#652944603"",""browser"")",True,True,BlockL1-1D6,,,,,,http://id.who.int/icd/entity/1251496839,
605,2026-01,,http://id.who.int/icd/release/11/mms/1251496839/other,1D6Y,,- - Other specified zoonotic viral diseases,- - Autres zoonoses virales précisées,category,1,True,01,"=hyperlink(""https://icd.who.int/browse/latestrelease/mms/en#1251496839/mms/other"",""browser"")",True,True,BlockL1-1D6,,,,,,http://id.who.int/icd/entity/1251496839,
606,2026-01,,http://id.who.int/icd/release/11/mms/1251496839/unspecified,1D6Z,,"- - Zoonotic viral disease, virus unspecified","- - Zoonoses virales, virus non précisé",category,1,True,01,"=hyperlink(""https://icd.who.int/browse/latestrelease/mms/en#1251496839/mms/unspecified"",""browser"")",True,True,BlockL1-1D6,,,,,,http://id.who.int/icd/entity/1251496839,
607,2026-01,http://id.who.int/icd/entity/1136802325,http://id.who.int/icd/release/11/mms/1136802325,,BlockL1-1D8,- Certain other viral diseases,- Certaines autres maladies virales,block,1,False,01,"=hyperlink(""https://icd.who.int/browse/latestrelease/mms/en#1136802325"",""browser"")",False,,,,,,,,http://id.who.int/icd/entity/1435254666,
608,2026-01,http://id.who.int/icd/entity/1208294714,http://id.who.int/icd/release/11/mms/1208294714,1D80,,- - Mumps,- - Oreillons,category,1,False,01,"=hyperlink(""https://icd.who.int/browse/latestrelease/mms/en#1208294714"",""browser"")",False,True,BlockL1-1D8,,,,,,http://id.who.int/icd/entity/1136802325,
609,2026-01,http://id.who.int/icd/entity/2082214683,http://id.who.int/icd/release/11/mms/2082214683,1D80.0,,- - - Mumps without complication,- - - Oreillons sans complication,category,2,False,01,"=hyperlink(""https://icd.who.int/browse/latestrelease/mms/en#2082214683"",""browser"")",True,True,BlockL1-1D8,,,,,,http://id.who.int/icd/entity/1208294714,
610,2026-01,http://id.who.int/icd/entity/333831364,http://id.who.int/icd/release/11/mms/333831364,1D80.1,,- - - Orchitis due to mumps virus,- - - Orchite due au virus des oreillons,category,2,False,01,"=hyperlink(""https://icd.who.int/browse/latestrelease/mms/en#333831364"",""browser"")",True,True,BlockL1-1D8,,,,,,http://id.who.int/icd/entity/1208294714,
611,2026-01,http://id.who.int/icd/entity/1991119186,http://id.who.int/icd/release/11/mms/1991119186,1D80.2,,- - - Meningitis due to mumps virus,- - - Méningite due au virus des oreillons,category,2,False,01,"=hyperlink(""https://icd.who.int/browse/latestrelease/mms/en#1991119186"",""browser"")",True,True,BlockL1-1D8,,,,,,http://id.who.int/icd/entity/1208294714,
612,2026-01,http://id.who.int/icd/entity/33767855,http://id.who.int/icd/release/11/mms/33767855,1D80.3,,- - - Encephalitis due to mumps virus,- - - Encéphalite due au virus des oreillons,category,2,False,01,"=hyperlink(""https://icd.who.int/browse/latestrelease/mms/en#33767855"",""browser"")",True,True,BlockL1-1D8,,,,,,http://id.who.int/icd/entity/1208294714,
613,2026-01,http://id.who.int/icd/entity/1732807739,http://id.who.int/icd/release/11/mms/1732807739,1D80.4,,- - - Pancreatitis due to mumps virus,- - - Pancréatite due au virus des oreillons,category,2,False,01,"=hyperlink(""https://icd.who.int/browse/latestrelease/mms/en#1732807739"",""browser"")",True,True,BlockL1-1D8,,,,,,http://id.who.int/icd/entity/1208294714,
614,2026-01,,http://id.who.int/icd/release/11/mms/1208294714/other,1D80.Y,,- - - Other specified mumps,- - - Autres oreillons,category,2,True,01,"=hyperlink(""https://icd.who.int/browse/latestrelease/mms/en#1208294714/mms/other"",""browser"")",True,True,BlockL1-1D8,,,,,,http://id.who.int/icd/entity/1208294714,
615,2026-01,http://id.who.int/icd/entity/760139952,http://id.who.int/icd/release/11/mms/760139952,1D81,,- - Infectious mononucleosis,- - Mononucléose infectieuse,category,1,False,01,"=hyperlink(""https://icd.who.int/browse/latestrelease/mms/en#760139952"",""browser"")",False,True,BlockL1-1D8,,,,,,http://id.who.int/icd/entity/1136802325,
616,2026-01,http://id.who.int/icd/entity/109125699,http://id.who.int/icd/release/11/mms/109125699,1D81.0,,- - - Mononucleosis due to Epstein-Barr virus,- - - Mononucléose due au virus Epstein-Barr,category,2,False,01,"=hyperlink(""https://icd.who.int/browse/latestrelease/mms/en#109125699"",""browser"")",True,True,BlockL1-1D8,,,,,,http://id.who.int/icd/entity/760139952,
617,2026-01,http://id.who.int/icd/entity/1784076753,http://id.who.int/icd/release/11/mms/1784076753,1D81.1,,- - - Mononucleosis due to cytomegalovirus,- - - Mononucléose due au cytomégalovirus,category,2,False,01,"=hyperlink(""https://icd.who.int/browse/latestrelease/mms/en#1784076753"",""browser"")",True,True,BlockL1-1D8,,,,,,http://id.who.int/icd/entity/760139952,
618,2026-01,,http://id.who.int/icd/release/11/mms/760139952/other,1D81.Y,,- - - Other specified infectious mononucleosis,- - - Autres mononucléose infectieuse,category,2,True,01,"=hyperlink(""https://icd.who.int/browse/latestrelease/mms/en#760139952/mms/other"",""browser"")",True,True,BlockL1-1D8,,,,,,http://id.who.int/icd/entity/760139952,
619,2026-01,,http://id.who.int/icd/release/11/mms/760139952/unspecified,1D81.Z,,"- - - Infectious mononucleosis, unspecified","- - - Mononucléose infectieuse, sans précision",category,2,True,01,"=hyperlink(""https://icd.who.int/browse/latestrelease/mms/en#760139952/mms/unspecified"",""browser"")",True,True,BlockL1-1D8,,,,,,http://id.who.int/icd/entity/760139952,
620,2026-01,http://id.who.int/icd/entity/1017662917,http://id.who.int/icd/release/11/mms/1017662917,1D82,,- - Cytomegaloviral disease,- - Maladie à cytomégalovirus,category,1,False,01,"=hyperlink(""https://icd.who.int/browse/latestrelease/mms/en#1017662917"",""browser"")",False,True,BlockL1-1D8,,,,,,http://id.who.int/icd/entity/1136802325,
621,2026-01,http://id.who.int/icd/entity/1999221102,http://id.who.int/icd/release/11/mms/1999221102,1D82.0,,- - - Cytomegaloviral hepatitis,- - - Hépatite à cytomégalovirus,category,2,False,01,"=hyperlink(""https://icd.who.int/browse/latestrelease/mms/en#1999221102"",""browser"")",True,True,BlockL1-1D8,,,,,,http://id.who.int/icd/entity/1017662917,
622,2026-01,http://id.who.int/icd/entity/59040145,http://id.who.int/icd/release/11/mms/59040145,1D82.1,,- - - Cytomegaloviral pancreatitis,- - - Pancréatite à cytomégalovirus,category,2,False,01,"=hyperlink(""https://icd.who.int/browse/latestrelease/mms/en#59040145"",""browser"")",True,True,BlockL1-1D8,,,,,,http://id.who.int/icd/entity/1017662917,
623,2026-01,,http://id.who.int/icd/release/11/mms/1017662917/other,1D82.Y,,- - - Other specified cytomegaloviral disease,- - - Autres maladie à cytomégalovirus,category,2,True,01,"=hyperlink(""https://icd.who.int/browse/latestrelease/mms/en#1017662917/mms/other"",""browser"")",True,True,BlockL1-1D8,,,,,,http://id.who.int/icd/entity/1017662917,
624,2026-01,,http://id.who.int/icd/release/11/mms/1017662917/unspecified,1D82.Z,,"- - - Cytomegaloviral disease, unspecified","- - - Maladie à cytomégalovirus, sans précision",category,2,True,01,"=hyperlink(""https://icd.who.int/browse/latestrelease/mms/en#1017662917/mms/unspecified"",""browser"")",True,True,BlockL1-1D8,,,,,,http://id.who.int/icd/entity/1017662917,
625,2026-01,http://id.who.int/icd/entity/637134348,http://id.who.int/icd/release/11/mms/637134348,1D83,,- - Epidemic myalgia,- - Myalgie épidémique,category,1,False,01,"=hyperlink(""https://icd.who.int/browse/latestrelease/mms/en#637134348"",""browser"")",True,True,BlockL1-1D8,,,,,,http://id.who.int/icd/entity/1136802325,
626,2026-01,http://id.who.int/icd/entity/157616931,http://id.who.int/icd/release/11/mms/157616931,1D84,,- - Viral conjunctivitis,- - Conjonctivite virale,category,1,False,01,"=hyperlink(""https://icd.who.int/browse/latestrelease/mms/en#157616931"",""browser"")",False,False,BlockL1-1D8,,,,,,http://id.who.int/icd/entity/1136802325,
627,2026-01,http://id.who.int/icd/entity/1094028194,http://id.who.int/icd/release/11/mms/1094028194,1D84.0,,- - - Conjunctivitis due to adenovirus,- - - Conjonctivite à adénovirus,category,2,False,01,"=hyperlink(""https://icd.who.int/browse/latestrelease/mms/en#1094028194"",""browser"")",True,False,BlockL1-1D8,,,,,,http://id.who.int/icd/entity/157616931,
628,2026-01,http://id.who.int/icd/entity/1356011211,http://id.who.int/icd/release/11/mms/1356011211,1D84.1,,- - - Acute epidemic haemorrhagic conjunctivitis,- - - Conjonctivite hémorragique épidémique aigüe,category,2,False,01,"=hyperlink(""https://icd.who.int/browse/latestrelease/mms/en#1356011211"",""browser"")",True,False,BlockL1-1D8,,,,,,http://id.who.int/icd/entity/157616931,
629,2026-01,,http://id.who.int/icd/release/11/mms/157616931/other,1D84.Y,,- - - Other specified viral conjunctivitis,- - - Autres conjonctivites virales précisées,category,2,True,01,"=hyperlink(""https://icd.who.int/browse/latestrelease/mms/en#157616931/mms/other"",""browser"")",True,False,BlockL1-1D8,,,,,,http://id.who.int/icd/entity/157616931,
630,2026-01,,http://id.who.int/icd/release/11/mms/157616931/unspecified,1D84.Z,,"- - - Viral conjunctivitis, unspecified","- - - Conjonctivite virale, sans précision",category,2,True,01,"=hyperlink(""https://icd.who.int/browse/latestrelease/mms/en#157616931/mms/unspecified"",""browser"")",True,False,BlockL1-1D8,,,,,,http://id.who.int/icd/entity/157616931,
631,2026-01,http://id.who.int/icd/entity/874478433,http://id.who.int/icd/release/11/mms/874478433,1D85,,- - Viral carditis,- - Cardite virale,category,1,False,01,"=hyperlink(""https://icd.who.int/browse/latestrelease/mms/en#874478433"",""browser"")",False,True,BlockL1-1D8,,,,,,http://id.who.int/icd/entity/1136802325,
632,2026-01,http://id.who.int/icd/entity/1485671112,http://id.who.int/icd/release/11/mms/1485671112,1D85.0,,- - - Dilated cardiomyopathy secondary to viral myocarditis,- - - Cardiomyopathie dilatée secondaire à une myocardite virale,category,2,False,01,"=hyperlink(""https://icd.who.int/browse/latestrelease/mms/en#1485671112"",""browser"")",True,True,BlockL1-1D8,,,,,,http://id.who.int/icd/entity/874478433,
633,2026-01,http://id.who.int/icd/entity/51885381,http://id.who.int/icd/release/11/mms/51885381,1D85.1,,- - - Acute viral carditis,- - - Cardite virale aigüe,category,2,False,01,"=hyperlink(""https://icd.who.int/browse/latestrelease/mms/en#51885381"",""browser"")",True,True,BlockL1-1D8,,,,,,http://id.who.int/icd/entity/874478433,
634,2026-01,http://id.who.int/icd/entity/326802563,http://id.who.int/icd/release/11/mms/326802563,1D85.2,,- - - Chronic viral carditis,- - - Cardite virale chronique,category,2,False,01,"=hyperlink(""https://icd.who.int/browse/latestrelease/mms/en#326802563"",""browser"")",True,True,BlockL1-1D8,,,,,,http://id.who.int/icd/entity/874478433,
635,2026-01,http://id.who.int/icd/entity/233520745,http://id.who.int/icd/release/11/mms/233520745,1D85.3,,- - - Aseptic myocarditis of newborn,- - - Myocardite aseptique du nouveau-né,category,2,False,01,"=hyperlink(""https://icd.who.int/browse/latestrelease/mms/en#233520745"",""browser"")",True,True,BlockL1-1D8,,,,,,http://id.who.int/icd/entity/874478433,
636,2026-01,http://id.who.int/icd/entity/856497185,http://id.who.int/icd/release/11/mms/856497185,1D85.4,,- - - Coxsackie carditis,- - - Cardite à Coxsackie,category,2,False,01,"=hyperlink(""https://icd.who.int/browse/latestrelease/mms/en#856497185"",""browser"")",True,True,BlockL1-1D8,,,,,,http://id.who.int/icd/entity/874478433,
637,2026-01,,http://id.who.int/icd/release/11/mms/874478433/other,1D85.Y,,- - - Other specified viral carditis,- - - Autres cardite virale,category,2,True,01,"=hyperlink(""https://icd.who.int/browse/latestrelease/mms/en#874478433/mms/other"",""browser"")",True,True,BlockL1-1D8,,,,,,http://id.who.int/icd/entity/874478433,
638,2026-01,,http://id.who.int/icd/release/11/mms/874478433/unspecified,1D85.Z,,"- - - Viral carditis, unspecified","- - - Cardite virale, sans précision",category,2,True,01,"=hyperlink(""https://icd.who.int/browse/latestrelease/mms/en#874478433/mms/unspecified"",""browser"")",True,True,BlockL1-1D8,,,,,,http://id.who.int/icd/entity/874478433,
639,2026-01,http://id.who.int/icd/entity/555874229,http://id.who.int/icd/release/11/mms/555874229,1D86,,"- - Viral haemorrhagic fever, not elsewhere classified","- - Fièvre hémorragique virale, non classée ailleurs",category,1,False,01,"=hyperlink(""https://icd.who.int/browse/latestrelease/mms/en#555874229"",""browser"")",True,True,BlockL1-1D8,,,,,,http://id.who.int/icd/entity/1136802325,
640,2026-01,http://id.who.int/icd/entity/237422666,http://id.who.int/icd/release/11/mms/237422666,,BlockL2-1D9,- - Viral infection of unspecified site,- - Infection virale de localisation non précisée,block,2,False,01,"=hyperlink(""https://icd.who.int/browse/latestrelease/mms/en#237422666"",""browser"")",False,,BlockL1-1D8,,,,,,http://id.who.int/icd/entity/1136802325,
641,2026-01,http://id.who.int/icd/entity/511743818,http://id.who.int/icd/release/11/mms/511743818,1D90,,- - - Adenovirus infection of unspecified site,- - - Infection à adénovirus de localisation non précisée,category,1,False,01,"=hyperlink(""https://icd.who.int/browse/latestrelease/mms/en#511743818"",""browser"")",True,True,BlockL1-1D8,BlockL2-1D9,,,,,http://id.who.int/icd/entity/237422666,
642,2026-01,http://id.who.int/icd/entity/2076924640,http://id.who.int/icd/release/11/mms/2076924640,1D91,,- - - Enterovirus infection of unspecified site,- - - Infection à entérovirus de localisation non précisée,category,1,False,01,"=hyperlink(""https://icd.who.int/browse/latestrelease/mms/en#2076924640"",""browser"")",True,True,BlockL1-1D8,BlockL2-1D9,,,,,http://id.who.int/icd/entity/237422666,
643,2026-01,http://id.who.int/icd/entity/258345505,http://id.who.int/icd/release/11/mms/258345505,1D92,,"- - - Coronavirus infection, unspecified site","- - - Infection à coronavirus, localisation non précisée",category,1,False,01,"=hyperlink(""https://icd.who.int/browse/latestrelease/mms/en#258345505"",""browser"")",True,True,BlockL1-1D8,BlockL2-1D9,,,,,http://id.who.int/icd/entity/237422666,
644,2026-01,http://id.who.int/icd/entity/1781385141,http://id.who.int/icd/release/11/mms/1781385141,1D93,,- - - Parvovirus infection of unspecified site,- - - Infection à un parvovirus de localisation non précisée,category,1,False,01,"=hyperlink(""https://icd.who.int/browse/latestrelease/mms/en#1781385141"",""browser"")",True,True,BlockL1-1D8,BlockL2-1D9,,,,,http://id.who.int/icd/entity/237422666,
645,2026-01,,http://id.who.int/icd/release/11/mms/1136802325/other,1E1Y,,- - Other specified viral diseases,- - Autres maladies virales précisées,category,1,True,01,"=hyperlink(""https://icd.who.int/browse/latestrelease/mms/en#1136802325/mms/other"",""browser"")",True,True,BlockL1-1D8,,,,,,http://id.who.int/icd/entity/1136802325,
646,2026-01,,http://id.who.int/icd/release/11/mms/1136802325/unspecified,1E1Z,,- - Unspecified viral disease,"- - Maladie virale, sans précision",category,1,True,01,"=hyperlink(""https://icd.who.int/browse/latestrelease/mms/en#1136802325/mms/unspecified"",""browser"")",True,True,BlockL1-1D8,,,,,,http://id.who.int/icd/entity/1136802325,
647,2026-01,http://id.who.int/icd/entity/145723401,http://id.who.int/icd/release/11/mms/145723401,,BlockL1-1E3,- Influenza,- Grippe,block,1,False,01,"=hyperlink(""https://icd.who.int/browse/latestrelease/mms/en#145723401"",""browser"")",False,,,,,,,,http://id.who.int/icd/entity/1435254666,
648,2026-01,http://id.who.int/icd/entity/753780243,http://id.who.int/icd/release/11/mms/753780243,1E30,,- - Influenza due to identified seasonal influenza virus,- - Grippe due à un virus grippal saisonnier identifié,category,1,False,01,"=hyperlink(""https://icd.who.int/browse/latestrelease/mms/en#753780243"",""browser"")",True,True,BlockL1-1E3,,,,,,http://id.who.int/icd/entity/145723401,
649,2026-01,http://id.who.int/icd/entity/283428170,http://id.who.int/icd/release/11/mms/283428170,1E31,,- - Influenza due to identified zoonotic or pandemic influenza virus,- - Grippe due à un virus de la grippe zoonotique ou pandémique identifié,category,1,False,01,"=hyperlink(""https://icd.who.int/browse/latestrelease/mms/en#283428170"",""browser"")",True,True,BlockL1-1E3,,,,,Grippe causée par des souches de virus de la grippe d'importance épidémiologique particulière avec une transmission animal-être humain ou interhumaine limitée aux inclusions,http://id.who.int/icd/entity/145723401,
650,2026-01,http://id.who.int/icd/entity/1235618695,http://id.who.int/icd/release/11/mms/1235618695,1E32,,"- - Influenza, virus not identified","- - Grippe, virus non identifié",category,1,False,01,"=hyperlink(""https://icd.who.int/browse/latestrelease/mms/en#1235618695"",""browser"")",True,True,BlockL1-1E3,,,,,,http://id.who.int/icd/entity/145723401,
651,2026-01,http://id.who.int/icd/entity/985510409,http://id.who.int/icd/release/11/mms/985510409,,BlockL1-1E5,- Viral hepatitis,- Hépatite virale,block,1,False,01,"=hyperlink(""https://icd.who.int/browse/latestrelease/mms/en#985510409"",""browser"")",False,,,,,,,,http://id.who.int/icd/entity/1435254666,
652,2026-01,http://id.who.int/icd/entity/1154736543,http://id.who.int/icd/release/11/mms/1154736543,1E50,,- - Acute viral hepatitis,- - Hépatite virale aigüe,category,1,False,01,"=hyperlink(""https://icd.who.int/browse/latestrelease/mms/en#1154736543"",""browser"")",False,True,BlockL1-1E5,,,,,,http://id.who.int/icd/entity/985510409,
653,2026-01,http://id.who.int/icd/entity/991455762,http://id.who.int/icd/release/11/mms/991455762,1E50.0,,- - - Acute hepatitis A,- - - Hépatite A aigüe,category,2,False,01,"=hyperlink(""https://icd.who.int/browse/latestrelease/mms/en#991455762"",""browser"")",True,True,BlockL1-1E5,,,,,,http://id.who.int/icd/entity/1154736543,
654,2026-01,http://id.who.int/icd/entity/1337277167,http://id.who.int/icd/release/11/mms/1337277167,1E50.1,,- - - Acute hepatitis B,- - - Hépatite B aigüe,category,2,False,01,"=hyperlink(""https://icd.who.int/browse/latestrelease/mms/en#1337277167"",""browser"")",True,True,BlockL1-1E5,,,,,,http://id.who.int/icd/entity/1154736543,
655,2026-01,http://id.who.int/icd/entity/1517862018,http://id.who.int/icd/release/11/mms/1517862018,1E50.2,,- - - Acute hepatitis C,- - - Hépatite C aigüe,category,2,False,01,"=hyperlink(""https://icd.who.int/browse/latestrelease/mms/en#1517862018"",""browser"")",True,True,BlockL1-1E5,,,,,,http://id.who.int/icd/entity/1154736543,
656,2026-01,http://id.who.int/icd/entity/1060335896,http://id.who.int/icd/release/11/mms/1060335896,1E50.3,,- - - Acute hepatitis D,- - - Hépatite D aigüe,category,2,False,01,"=hyperlink(""https://icd.who.int/browse/latestrelease/mms/en#1060335896"",""browser"")",True,True,BlockL1-1E5,,,,,,http://id.who.int/icd/entity/1154736543,
657,2026-01,http://id.who.int/icd/entity/785771645,http://id.who.int/icd/release/11/mms/785771645,1E50.4,,- - - Acute hepatitis E,- - - Hépatite E aigüe,category,2,False,01,"=hyperlink(""https://icd.who.int/browse/latestrelease/mms/en#785771645"",""browser"")",True,True,BlockL1-1E5,,,,,,http://id.who.int/icd/entity/1154736543,
658,2026-01,,http://id.who.int/icd/release/11/mms/1154736543/other,1E50.Y,,- - - Other specified acute viral hepatitis,- - - Autres hépatite virale aigüe,category,2,True,01,"=hyperlink(""https://icd.who.int/browse/latestrelease/mms/en#1154736543/mms/other"",""browser"")",True,True,BlockL1-1E5,,,,,,http://id.who.int/icd/entity/1154736543,
659,2026-01,,http://id.who.int/icd/release/11/mms/1154736543/unspecified,1E50.Z,,"- - - Acute viral hepatitis, unspecified","- - - Hépatite virale aigüe, sans précision",category,2,True,01,"=hyperlink(""https://icd.who.int/browse/latestrelease/mms/en#1154736543/mms/unspecified"",""browser"")",True,True,BlockL1-1E5,,,,,,http://id.who.int/icd/entity/1154736543,
660,2026-01,http://id.who.int/icd/entity/1469571641,http://id.who.int/icd/release/11/mms/1469571641,1E51,,- - Chronic viral hepatitis,- - Hépatite virale chronique,category,1,False,01,"=hyperlink(""https://icd.who.int/browse/latestrelease/mms/en#1469571641"",""browser"")",False,True,BlockL1-1E5,,,,,,http://id.who.int/icd/entity/985510409,
661,2026-01,http://id.who.int/icd/entity/352087872,http://id.who.int/icd/release/11/mms/352087872,1E51.0,,- - - Chronic hepatitis B,- - - Hépatite B chronique,category,2,False,01,"=hyperlink(""https://icd.who.int/browse/latestrelease/mms/en#352087872"",""browser"")",False,True,BlockL1-1E5,,,,,,http://id.who.int/icd/entity/1469571641,
662,2026-01,http://id.who.int/icd/entity/1994012056,http://id.who.int/icd/release/11/mms/1994012056,1E51.00,,- - - - Chronic hepatitis B with human immunodeficiency virus co-infection,- - - - Co-infection à l'hépatite B chronique et au virus de l'immunodéficience humaine,category,3,False,01,"=hyperlink(""https://icd.who.int/browse/latestrelease/mms/en#1994012056"",""browser"")",True,True,BlockL1-1E5,,,,,,http://id.who.int/icd/entity/352087872,
663,2026-01,,http://id.who.int/icd/release/11/mms/352087872/other,1E51.0Y,,- - - - Other specified chronic hepatitis B,- - - - Autres hépatite B chronique,category,3,True,01,"=hyperlink(""https://icd.who.int/browse/latestrelease/mms/en#352087872/mms/other"",""browser"")",True,True,BlockL1-1E5,,,,,,http://id.who.int/icd/entity/352087872,
664,2026-01,,http://id.who.int/icd/release/11/mms/352087872/unspecified,1E51.0Z,,"- - - - Chronic hepatitis B, unspecified","- - - - Hépatite B chronique, sans précision",category,3,True,01,"=hyperlink(""https://icd.who.int/browse/latestrelease/mms/en#352087872/mms/unspecified"",""browser"")",True,True,BlockL1-1E5,,,,,,http://id.who.int/icd/entity/352087872,
665,2026-01,http://id.who.int/icd/entity/1615937473,http://id.who.int/icd/release/11/mms/1615937473,1E51.1,,- - - Chronic hepatitis C,- - - Hépatite C chronique,category,2,False,01,"=hyperlink(""https://icd.who.int/browse/latestrelease/mms/en#1615937473"",""browser"")",True,True,BlockL1-1E5,,,,,,http://id.who.int/icd/entity/1469571641,
666,2026-01,http://id.who.int/icd/entity/1011250453,http://id.who.int/icd/release/11/mms/1011250453,1E51.2,,- - - Chronic hepatitis D,- - - Hépatite D chronique,category,2,False,01,"=hyperlink(""https://icd.who.int/browse/latestrelease/mms/en#1011250453"",""browser"")",True,True,BlockL1-1E5,,,,,,http://id.who.int/icd/entity/1469571641,
667,2026-01,http://id.who.int/icd/entity/1465996172,http://id.who.int/icd/release/11/mms/1465996172,1E51.3,,- - - Chronic hepatitis E,- - - Hépatite E chronique,category,2,False,01,"=hyperlink(""https://icd.who.int/browse/latestrelease/mms/en#1465996172"",""browser"")",True,True,BlockL1-1E5,,,,,,http://id.who.int/icd/entity/1469571641,
668,2026-01,,http://id.who.int/icd/release/11/mms/1469571641/other,1E51.Y,,- - - Other specified chronic viral hepatitis,- - - Autres hépatites virales chroniques précisées,category,2,True,01,"=hyperlink(""https://icd.who.int/browse/latestrelease/mms/en#1469571641/mms/other"",""browser"")",True,True,BlockL1-1E5,,,,,,http://id.who.int/icd/entity/1469571641,
669,2026-01,,http://id.who.int/icd/release/11/mms/1469571641/unspecified,1E51.Z,,"- - - Chronic viral hepatitis, unspecified","- - - Hépatite virale chronique, sans précision",category,2,True,01,"=hyperlink(""https://icd.who.int/browse/latestrelease/mms/en#1469571641/mms/unspecified"",""browser"")",True,True,BlockL1-1E5,,,,,,http://id.who.int/icd/entity/1469571641,
670,2026-01,,http://id.who.int/icd/release/11/mms/985510409/unspecified,1E5Z,,"- - Viral hepatitis, unspecified","- - Hépatite virale, sans précision",category,1,True,01,"=hyperlink(""https://icd.who.int/browse/latestrelease/mms/en#985510409/mms/unspecified"",""browser"")",True,True,BlockL1-1E5,,,,,,http://id.who.int/icd/entity/985510409,
671,2026-01,http://id.who.int/icd/entity/1646490591,http://id.who.int/icd/release/11/mms/1646490591,,BlockL1-1E7,- Viral infections characterised by skin or mucous membrane lesions,- Infections virales caractérisées par des lésions cutanées ou muqueuses,block,1,False,01,"=hyperlink(""https://icd.who.int/browse/latestrelease/mms/en#1646490591"",""browser"")",False,,,,,,,,http://id.who.int/icd/entity/1435254666,
672,2026-01,http://id.who.int/icd/entity/2080431678,http://id.who.int/icd/release/11/mms/2080431678,,BlockL2-1E7,- - Infections due to poxvirus,- - Infections due au poxvirus,block,2,False,01,"=hyperlink(""https://icd.who.int/browse/latestrelease/mms/en#2080431678"",""browser"")",False,,BlockL1-1E7,,,,,,http://id.who.int/icd/entity/1646490591,
673,2026-01,http://id.who.int/icd/entity/2054716425,http://id.who.int/icd/release/11/mms/2054716425,1E70,,- - - Smallpox,- - - Variole,category,1,False,01,"=hyperlink(""https://icd.who.int/browse/latestrelease/mms/en#2054716425"",""browser"")",True,True,BlockL1-1E7,BlockL2-1E7,,,,,http://id.who.int/icd/entity/2080431678,
674,2026-01,http://id.who.int/icd/entity/160886685,http://id.who.int/icd/release/11/mms/160886685,1E71,,- - - Mpox,- - - Variole B,category,1,False,01,"=hyperlink(""https://icd.who.int/browse/latestrelease/mms/en#160886685"",""browser"")",True,True,BlockL1-1E7,BlockL2-1E7,,,,,http://id.who.int/icd/entity/2080431678,
675,2026-01,http://id.who.int/icd/entity/1205745537,http://id.who.int/icd/release/11/mms/1205745537,1E72,,- - - Cowpox,- - - Cowpox,category,1,False,01,"=hyperlink(""https://icd.who.int/browse/latestrelease/mms/en#1205745537"",""browser"")",True,True,BlockL1-1E7,BlockL2-1E7,,,,,http://id.who.int/icd/entity/2080431678,
676,2026-01,http://id.who.int/icd/entity/1275065853,http://id.who.int/icd/release/11/mms/1275065853,1E73,,- - - Vaccinia,- - - Vaccine,category,1,False,01,"=hyperlink(""https://icd.who.int/browse/latestrelease/mms/en#1275065853"",""browser"")",True,True,BlockL1-1E7,BlockL2-1E7,,,,,http://id.who.int/icd/entity/2080431678,
677,2026-01,http://id.who.int/icd/entity/444002285,http://id.who.int/icd/release/11/mms/444002285,1E74,,- - - Buffalopox,- - - Variole du buffle,category,1,False,01,"=hyperlink(""https://icd.who.int/browse/latestrelease/mms/en#444002285"",""browser"")",True,True,BlockL1-1E7,BlockL2-1E7,,,,,http://id.who.int/icd/entity/2080431678,
678,2026-01,http://id.who.int/icd/entity/111540068,http://id.who.int/icd/release/11/mms/111540068,1E75,,- - - Orf,- - - Orf,category,1,False,01,"=hyperlink(""https://icd.who.int/browse/latestrelease/mms/en#111540068"",""browser"")",True,True,BlockL1-1E7,BlockL2-1E7,,,,,http://id.who.int/icd/entity/2080431678,
679,2026-01,http://id.who.int/icd/entity/82201615,http://id.who.int/icd/release/11/mms/82201615,1E76,,- - - Molluscum contagiosum,- - - Molluscum contagiosum,category,1,False,01,"=hyperlink(""https://icd.who.int/browse/latestrelease/mms/en#82201615"",""browser"")",True,True,BlockL1-1E7,BlockL2-1E7,,,,,http://id.who.int/icd/entity/2080431678,
680,2026-01,,http://id.who.int/icd/release/11/mms/2080431678/other,1E7Y,,- - - Other specified infections due to poxvirus,- - - Autres infections due au poxvirus,category,1,True,01,"=hyperlink(""https://icd.who.int/browse/latestrelease/mms/en#2080431678/mms/other"",""browser"")",True,True,BlockL1-1E7,BlockL2-1E7,,,,,http://id.who.int/icd/entity/2080431678,
681,2026-01,,http://id.who.int/icd/release/11/mms/2080431678/unspecified,1E7Z,,"- - - Infections due to poxvirus, unspecified","- - - Infections due au poxvirus, sans précision",category,1,True,01,"=hyperlink(""https://icd.who.int/browse/latestrelease/mms/en#2080431678/mms/unspecified"",""browser"")",True,True,BlockL1-1E7,BlockL2-1E7,,,,,http://id.who.int/icd/entity/2080431678,
682,2026-01,http://id.who.int/icd/entity/772982663,http://id.who.int/icd/release/11/mms/772982663,,BlockL2-1E8,- - Human papillomavirus infection of skin or mucous membrane,- - Infection à papillom virus de la peau ou des muqueuses,block,2,False,01,"=hyperlink(""https://icd.who.int/browse/latestrelease/mms/en#772982663"",""browser"")",False,,BlockL1-1E7,,,,,,http://id.who.int/icd/entity/1646490591,
683,2026-01,http://id.who.int/icd/entity/1074706780,http://id.who.int/icd/release/11/mms/1074706780,1E80,,- - - Common warts,- - - Verrues communes,category,1,False,01,"=hyperlink(""https://icd.who.int/browse/latestrelease/mms/en#1074706780"",""browser"")",False,True,BlockL1-1E7,BlockL2-1E8,,,,,http://id.who.int/icd/entity/772982663,
684,2026-01,http://id.who.int/icd/entity/1422437990,http://id.who.int/icd/release/11/mms/1422437990,1E80.0,,- - - - Digital or periungual warts,- - - - Verrues digitales ou péri-unguéales,category,2,False,01,"=hyperlink(""https://icd.who.int/browse/latestrelease/mms/en#1422437990"",""browser"")",True,True,BlockL1-1E7,BlockL2-1E8,,,,,http://id.who.int/icd/entity/1074706780,
685,2026-01,http://id.who.int/icd/entity/1076733559,http://id.who.int/icd/release/11/mms/1076733559,1E80.1,,- - - - Plantar warts,- - - - Verrues plantaires,category,2,False,01,"=hyperlink(""https://icd.who.int/browse/latestrelease/mms/en#1076733559"",""browser"")",True,True,BlockL1-1E7,BlockL2-1E8,,,,,http://id.who.int/icd/entity/1074706780,
686,2026-01,,http://id.who.int/icd/release/11/mms/1074706780/other,1E80.Y,,- - - - Other specified common warts,- - - - Autres verrues communes,category,2,True,01,"=hyperlink(""https://icd.who.int/browse/latestrelease/mms/en#1074706780/mms/other"",""browser"")",True,True,BlockL1-1E7,BlockL2-1E8,,,,,http://id.who.int/icd/entity/1074706780,
687,2026-01,,http://id.who.int/icd/release/11/mms/1074706780/unspecified,1E80.Z,,"- - - - Common warts, unspecified","- - - - Verrues communes, sans précision",category,2,True,01,"=hyperlink(""https://icd.who.int/browse/latestrelease/mms/en#1074706780/mms/unspecified"",""browser"")",True,True,BlockL1-1E7,BlockL2-1E8,,,,,http://id.who.int/icd/entity/1074706780,
688,2026-01,http://id.who.int/icd/entity/316643992,http://id.who.int/icd/release/11/mms/316643992,1E81,,- - - Plane warts,- - - Verrues planes,category,1,False,01,"=hyperlink(""https://icd.who.int/browse/latestrelease/mms/en#316643992"",""browser"")",True,True,BlockL1-1E7,BlockL2-1E8,,,,,http://id.who.int/icd/entity/772982663,
689,2026-01,http://id.who.int/icd/entity/1160781209,http://id.who.int/icd/release/11/mms/1160781209,1E82,,- - - Warts of lips or oral cavity,- - - Verrues des lèvres ou de la cavité buccale,category,1,False,01,"=hyperlink(""https://icd.who.int/browse/latestrelease/mms/en#1160781209"",""browser"")",False,True,BlockL1-1E7,BlockL2-1E8,,,,,http://id.who.int/icd/entity/772982663,
690,2026-01,http://id.who.int/icd/entity/155264956,http://id.who.int/icd/release/11/mms/155264956,1E82.0,,- - - - Focal epithelial hyperplasia of oral mucous membranes,- - - - Hyperplasie épithéliale focale des muqueuses buccales,category,2,False,01,"=hyperlink(""https://icd.who.int/browse/latestrelease/mms/en#155264956"",""browser"")",True,True,BlockL1-1E7,BlockL2-1E8,,,,,http://id.who.int/icd/entity/1160781209,
691,2026-01,,http://id.who.int/icd/release/11/mms/1160781209/unspecified,1E82.Z,,"- - - - Warts of lips or oral cavity, unspecified","- - - - Verrues des lèvres ou de la cavité buccale, sans précision",category,2,True,01,"=hyperlink(""https://icd.who.int/browse/latestrelease/mms/en#1160781209/mms/unspecified"",""browser"")",True,True,BlockL1-1E7,BlockL2-1E8,,,,,http://id.who.int/icd/entity/1160781209,
692,2026-01,http://id.who.int/icd/entity/519985380,http://id.who.int/icd/release/11/mms/519985380,1E83,,- - - Wart virus proliferation in immune-deficient states,- - - Prolifération du virus de la verrue chez les immunodéprimés,category,1,False,01,"=hyperlink(""https://icd.who.int/browse/latestrelease/mms/en#519985380"",""browser"")",True,True,BlockL1-1E7,BlockL2-1E8,,,,,http://id.who.int/icd/entity/772982663,
693,2026-01,,http://id.who.int/icd/release/11/mms/772982663/unspecified,1E8Z,,"- - - Viral warts, not elsewhere classified","- - - Verrues virales, non classées ailleurs",category,1,True,01,"=hyperlink(""https://icd.who.int/browse/latestrelease/mms/en#772982663/mms/unspecified"",""browser"")",True,True,BlockL1-1E7,BlockL2-1E8,,,,,http://id.who.int/icd/entity/772982663,
694,2026-01,http://id.who.int/icd/entity/80976093,http://id.who.int/icd/release/11/mms/80976093,,BlockL2-1E9,- - Varicella zoster virus infections,- - Infections à virus varicelle-zona,block,2,False,01,"=hyperlink(""https://icd.who.int/browse/latestrelease/mms/en#80976093"",""browser"")",False,,BlockL1-1E7,,,,,,http://id.who.int/icd/entity/1646490591,
695,2026-01,http://id.who.int/icd/entity/1805574500,http://id.who.int/icd/release/11/mms/1805574500,1E90,,- - - Varicella,- - - Varicelle,category,1,False,01,"=hyperlink(""https://icd.who.int/browse/latestrelease/mms/en#1805574500"",""browser"")",False,True,BlockL1-1E7,BlockL2-1E9,,,,,http://id.who.int/icd/entity/80976093,
696,2026-01,http://id.who.int/icd/entity/1667539108,http://id.who.int/icd/release/11/mms/1667539108,1E90.0,,- - - - Varicella without complication,- - - - Varicelle sans complication,category,2,False,01,"=hyperlink(""https://icd.who.int/browse/latestrelease/mms/en#1667539108"",""browser"")",True,True,BlockL1-1E7,BlockL2-1E9,,,,,http://id.who.int/icd/entity/1805574500,
697,2026-01,http://id.who.int/icd/entity/145288168,http://id.who.int/icd/release/11/mms/145288168,1E90.1,,- - - - Varicella meningitis,- - - - Méningite à varicelle,category,2,False,01,"=hyperlink(""https://icd.who.int/browse/latestrelease/mms/en#145288168"",""browser"")",True,True,BlockL1-1E7,BlockL2-1E9,,,,,http://id.who.int/icd/entity/1805574500,
698,2026-01,http://id.who.int/icd/entity/1843603058,http://id.who.int/icd/release/11/mms/1843603058,1E90.2,,- - - - Varicella encephalitis,- - - - Encéphalite à varicelle,category,2,False,01,"=hyperlink(""https://icd.who.int/browse/latestrelease/mms/en#1843603058"",""browser"")",True,True,BlockL1-1E7,BlockL2-1E9,,,,,http://id.who.int/icd/entity/1805574500,
699,2026-01,,http://id.who.int/icd/release/11/mms/1805574500/other,1E90.Y,,- - - - Varicella with other specified complication,- - - - Varicelle avec d'autres complications précisées,category,2,True,01,"=hyperlink(""https://icd.who.int/browse/latestrelease/mms/en#1805574500/mms/other"",""browser"")",True,True,BlockL1-1E7,BlockL2-1E9,,,,,http://id.who.int/icd/entity/1805574500,
700,2026-01,,http://id.who.int/icd/release/11/mms/1805574500/unspecified,1E90.Z,,"- - - - Varicella, unspecified","- - - - Varicelle, sans précision",category,2,True,01,"=hyperlink(""https://icd.who.int/browse/latestrelease/mms/en#1805574500/mms/unspecified"",""browser"")",True,True,BlockL1-1E7,BlockL2-1E9,,,,,http://id.who.int/icd/entity/1805574500,
701,2026-01,http://id.who.int/icd/entity/523481501,http://id.who.int/icd/release/11/mms/523481501,1E91,,- - - Zoster,- - - Zona,category,1,False,01,"=hyperlink(""https://icd.who.int/browse/latestrelease/mms/en#523481501"",""browser"")",False,True,BlockL1-1E7,BlockL2-1E9,,,,,http://id.who.int/icd/entity/80976093,
702,2026-01,http://id.who.int/icd/entity/1659043996,http://id.who.int/icd/release/11/mms/1659043996,1E91.0,,- - - - Zoster without complications,- - - - Zona sans complication,category,2,False,01,"=hyperlink(""https://icd.who.int/browse/latestrelease/mms/en#1659043996"",""browser"")",True,True,BlockL1-1E7,BlockL2-1E9,,,,,http://id.who.int/icd/entity/523481501,
703,2026-01,http://id.who.int/icd/entity/2105678631,http://id.who.int/icd/release/11/mms/2105678631,1E91.1,,- - - - Ophthalmic zoster,- - - - Zona ophtalmique,category,2,False,01,"=hyperlink(""https://icd.who.int/browse/latestrelease/mms/en#2105678631"",""browser"")",True,True,BlockL1-1E7,BlockL2-1E9,,,,,http://id.who.int/icd/entity/523481501,
704,2026-01,http://id.who.int/icd/entity/2059524172,http://id.who.int/icd/release/11/mms/2059524172,1E91.2,,- - - - Disseminated zoster,- - - - Zona disséminé,category,2,False,01,"=hyperlink(""https://icd.who.int/browse/latestrelease/mms/en#2059524172"",""browser"")",True,True,BlockL1-1E7,BlockL2-1E9,,,,,http://id.who.int/icd/entity/523481501,
705,2026-01,http://id.who.int/icd/entity/415880883,http://id.who.int/icd/release/11/mms/415880883,1E91.3,,- - - - Zoster with central nervous system involvement,- - - - Zona avec atteinte du système nerveux central,category,2,False,01,"=hyperlink(""https://icd.who.int/browse/latestrelease/mms/en#415880883"",""browser"")",True,True,BlockL1-1E7,BlockL2-1E9,,,,,http://id.who.int/icd/entity/523481501,
706,2026-01,http://id.who.int/icd/entity/1778898783,http://id.who.int/icd/release/11/mms/1778898783,1E91.4,,- - - - Acute neuropathy of cranial nerve due to zoster,- - - - Neuropathie zostérienne aigüe du nerf crânien,category,2,False,01,"=hyperlink(""https://icd.who.int/browse/latestrelease/mms/en#1778898783"",""browser"")",False,True,BlockL1-1E7,BlockL2-1E9,,,,,http://id.who.int/icd/entity/523481501,
707,2026-01,http://id.who.int/icd/entity/912466759,http://id.who.int/icd/release/11/mms/912466759,1E91.40,,- - - - - Acute trigeminal zoster neuropathy,- - - - - Neuropathie zostérienne aigüe du trijumeau,category,3,False,01,"=hyperlink(""https://icd.who.int/browse/latestrelease/mms/en#912466759"",""browser"")",True,True,BlockL1-1E7,BlockL2-1E9,,,,,http://id.who.int/icd/entity/1778898783,
708,2026-01,http://id.who.int/icd/entity/115616439,http://id.who.int/icd/release/11/mms/115616439,1E91.41,,- - - - - Acute herpetic geniculate ganglionitis,- - - - - Adénite géniculée herpétique aigüe,category,3,False,01,"=hyperlink(""https://icd.who.int/browse/latestrelease/mms/en#115616439"",""browser"")",True,True,BlockL1-1E7,BlockL2-1E9,,,,,http://id.who.int/icd/entity/1778898783,
709,2026-01,,http://id.who.int/icd/release/11/mms/1778898783/other,1E91.4Y,,- - - - - Other specified acute neuropathy of cranial nerve due to zoster,- - - - - Autre neuropathie zostérienne aigüe d'un nerf crânien précisée,category,3,True,01,"=hyperlink(""https://icd.who.int/browse/latestrelease/mms/en#1778898783/mms/other"",""browser"")",True,True,BlockL1-1E7,BlockL2-1E9,,,,,http://id.who.int/icd/entity/1778898783,
710,2026-01,,http://id.who.int/icd/release/11/mms/1778898783/unspecified,1E91.4Z,,"- - - - - Acute neuropathy of cranial nerve due to zoster, unspecified","- - - - - Neuropathie zostérienne aigüe d'un nerf crânien, sans précision",category,3,True,01,"=hyperlink(""https://icd.who.int/browse/latestrelease/mms/en#1778898783/mms/unspecified"",""browser"")",True,True,BlockL1-1E7,BlockL2-1E9,,,,,http://id.who.int/icd/entity/1778898783,
711,2026-01,http://id.who.int/icd/entity/321057933,http://id.who.int/icd/release/11/mms/321057933,1E91.5,,- - - - Postherpetic polyneuropathy,- - - - Polyneuropathie post-herpétique,category,2,False,01,"=hyperlink(""https://icd.who.int/browse/latestrelease/mms/en#321057933"",""browser"")",True,True,BlockL1-1E7,BlockL2-1E9,,,,,http://id.who.int/icd/entity/523481501,
712,2026-01,,http://id.who.int/icd/release/11/mms/523481501/other,1E91.Y,,- - - - Zoster with other specified complications,- - - - Zona avec d'autres complications précisées,category,2,True,01,"=hyperlink(""https://icd.who.int/browse/latestrelease/mms/en#523481501/mms/other"",""browser"")",True,True,BlockL1-1E7,BlockL2-1E9,,,,,http://id.who.int/icd/entity/523481501,
713,2026-01,,http://id.who.int/icd/release/11/mms/523481501/unspecified,1E91.Z,,"- - - - Zoster, unspecified","- - - - Zona, sans précision",category,2,True,01,"=hyperlink(""https://icd.who.int/browse/latestrelease/mms/en#523481501/mms/unspecified"",""browser"")",True,True,BlockL1-1E7,BlockL2-1E9,,,,,http://id.who.int/icd/entity/523481501,
714,2026-01,http://id.who.int/icd/entity/248851702,http://id.who.int/icd/release/11/mms/248851702,1F00,,- - Herpes simplex infections,- - Infections par le virus herpès simplex,category,1,False,01,"=hyperlink(""https://icd.who.int/browse/latestrelease/mms/en#248851702"",""browser"")",False,True,BlockL1-1E7,,,,,,http://id.who.int/icd/entity/1646490591,
715,2026-01,http://id.who.int/icd/entity/1897656051,http://id.who.int/icd/release/11/mms/1897656051,1F00.0,,- - - Herpes simplex infection of skin or mucous membrane,- - - Infection de la peau ou des muqueuses par le virus de l'herpès [herpes simplex],category,2,False,01,"=hyperlink(""https://icd.who.int/browse/latestrelease/mms/en#1897656051"",""browser"")",False,True,BlockL1-1E7,,,,,,http://id.who.int/icd/entity/248851702,
716,2026-01,http://id.who.int/icd/entity/1518322360,http://id.who.int/icd/release/11/mms/1518322360,1F00.00,,- - - - Herpes simplex infection of skin,- - - - Infection de la peau par le virus de l'herpès [herpes simplex],category,3,False,01,"=hyperlink(""https://icd.who.int/browse/latestrelease/mms/en#1518322360"",""browser"")",True,True,BlockL1-1E7,,,,,,http://id.who.int/icd/entity/1897656051,
717,2026-01,http://id.who.int/icd/entity/1720001875,http://id.who.int/icd/release/11/mms/1720001875,1F00.01,,- - - - Herpes simplex labialis,- - - - Herpès simplex labial,category,3,False,01,"=hyperlink(""https://icd.who.int/browse/latestrelease/mms/en#1720001875"",""browser"")",True,True,BlockL1-1E7,,,,,,http://id.who.int/icd/entity/1897656051,
718,2026-01,http://id.who.int/icd/entity/1086416908,http://id.who.int/icd/release/11/mms/1086416908,1F00.02,,- - - - Herpes simplex gingivostomatitis,- - - - Gingivostomatite due au virus herpès simplex,category,3,False,01,"=hyperlink(""https://icd.who.int/browse/latestrelease/mms/en#1086416908"",""browser"")",True,True,BlockL1-1E7,,,,,,http://id.who.int/icd/entity/1897656051,
719,2026-01,http://id.who.int/icd/entity/549327141,http://id.who.int/icd/release/11/mms/549327141,1F00.03,,- - - - Disseminated cutaneous herpes simplex infection complicating other skin diseases,- - - - Infection cutanée disséminée par herpès simplex compliquant d'autres maladies cutanées,category,3,False,01,"=hyperlink(""https://icd.who.int/browse/latestrelease/mms/en#549327141"",""browser"")",True,True,BlockL1-1E7,,,,,,http://id.who.int/icd/entity/1897656051,
720,2026-01,,http://id.who.int/icd/release/11/mms/1897656051/other,1F00.0Y,,- - - - Other specified herpes simplex infection of mucous membrane,- - - - Autres infections précisée de la peau ou des muqueuses par le virus de l'herpès,category,3,True,01,"=hyperlink(""https://icd.who.int/browse/latestrelease/mms/en#1897656051/mms/other"",""browser"")",True,True,BlockL1-1E7,,,,,,http://id.who.int/icd/entity/1897656051,
721,2026-01,,http://id.who.int/icd/release/11/mms/1897656051/unspecified,1F00.0Z,,"- - - - Herpes simplex infection of mucous membrane, unspecified","- - - - Infections de la peau ou des muqueuses par le virus de l'herpès, sans précision",category,3,True,01,"=hyperlink(""https://icd.who.int/browse/latestrelease/mms/en#1897656051/mms/unspecified"",""browser"")",True,True,BlockL1-1E7,,,,,,http://id.who.int/icd/entity/1897656051,
722,2026-01,http://id.who.int/icd/entity/1985490330,http://id.who.int/icd/release/11/mms/1985490330,1F00.1,,- - - Herpes simplex infection of the eye,- - - Affections oculaires dues au virus de l'herpès,category,2,False,01,"=hyperlink(""https://icd.who.int/browse/latestrelease/mms/en#1985490330"",""browser"")",False,True,BlockL1-1E7,,,,,,http://id.who.int/icd/entity/248851702,
723,2026-01,http://id.who.int/icd/entity/1188755650,http://id.who.int/icd/release/11/mms/1188755650,1F00.10,,- - - - Herpes simplex keratitis,- - - - Kératite due au virus de l'herpès,category,3,False,01,"=hyperlink(""https://icd.who.int/browse/latestrelease/mms/en#1188755650"",""browser"")",True,True,BlockL1-1E7,,,,,,http://id.who.int/icd/entity/1985490330,
724,2026-01,http://id.who.int/icd/entity/1847489994,http://id.who.int/icd/release/11/mms/1847489994,1F00.11,,- - - - Herpes simplex infection of eyelid,- - - - Infection de la paupière due au virus de l'herpès simplex,category,3,False,01,"=hyperlink(""https://icd.who.int/browse/latestrelease/mms/en#1847489994"",""browser"")",True,True,BlockL1-1E7,,,,,,http://id.who.int/icd/entity/1985490330,
725,2026-01,,http://id.who.int/icd/release/11/mms/1985490330/other,1F00.1Y,,- - - - Other specified herpes simplex infection of the eye,- - - - Autres affections oculaires dues au virus de l'herpès,category,3,True,01,"=hyperlink(""https://icd.who.int/browse/latestrelease/mms/en#1985490330/mms/other"",""browser"")",True,True,BlockL1-1E7,,,,,,http://id.who.int/icd/entity/1985490330,
726,2026-01,,http://id.who.int/icd/release/11/mms/1985490330/unspecified,1F00.1Z,,"- - - - Herpes simplex infection of the eye, unspecified","- - - - Affections oculaires dues au virus de l'herpès, sans précision",category,3,True,01,"=hyperlink(""https://icd.who.int/browse/latestrelease/mms/en#1985490330/mms/unspecified"",""browser"")",True,True,BlockL1-1E7,,,,,,http://id.who.int/icd/entity/1985490330,
727,2026-01,http://id.who.int/icd/entity/163693711,http://id.who.int/icd/release/11/mms/163693711,1F00.2,,- - - Herpes simplex infection of central nervous system,- - - Infection du système nerveux central due au virus de l'herpès simplex,category,2,False,01,"=hyperlink(""https://icd.who.int/browse/latestrelease/mms/en#163693711"",""browser"")",False,True,BlockL1-1E7,,,,,,http://id.who.int/icd/entity/248851702,
728,2026-01,http://id.who.int/icd/entity/1627222936,http://id.who.int/icd/release/11/mms/1627222936,1F00.20,,- - - - Herpes simplex meningitis,- - - - Méningite due au virus de l'herpès simplex,category,3,False,01,"=hyperlink(""https://icd.who.int/browse/latestrelease/mms/en#1627222936"",""browser"")",True,True,BlockL1-1E7,,,,,,http://id.who.int/icd/entity/163693711,
729,2026-01,http://id.who.int/icd/entity/320069644,http://id.who.int/icd/release/11/mms/320069644,1F00.21,,- - - - Encephalitis due to herpes simplex virus,- - - - Encéphalite due au virus de l'herpès simplex,category,3,False,01,"=hyperlink(""https://icd.who.int/browse/latestrelease/mms/en#320069644"",""browser"")",True,True,BlockL1-1E7,,,,,,http://id.who.int/icd/entity/163693711,
730,2026-01,,http://id.who.int/icd/release/11/mms/163693711/other,1F00.2Y,,- - - - Other specified herpes simplex infection of central nervous system,- - - - Autres infection du système nerveux central due au virus de l'herpès simplex,category,3,True,01,"=hyperlink(""https://icd.who.int/browse/latestrelease/mms/en#163693711/mms/other"",""browser"")",True,True,BlockL1-1E7,,,,,,http://id.who.int/icd/entity/163693711,
731,2026-01,,http://id.who.int/icd/release/11/mms/163693711/unspecified,1F00.2Z,,"- - - - Herpes simplex infection of central nervous system, unspecified","- - - - Infection du système nerveux central due au virus de l'herpès simplex, sans précision",category,3,True,01,"=hyperlink(""https://icd.who.int/browse/latestrelease/mms/en#163693711/mms/unspecified"",""browser"")",True,True,BlockL1-1E7,,,,,,http://id.who.int/icd/entity/163693711,
732,2026-01,http://id.who.int/icd/entity/1740550387,http://id.who.int/icd/release/11/mms/1740550387,1F00.3,,- - - Disseminated herpes simplex infection,- - - Maladie disséminée due au virus de l'herpès,category,2,False,01,"=hyperlink(""https://icd.who.int/browse/latestrelease/mms/en#1740550387"",""browser"")",True,True,BlockL1-1E7,,,,,,http://id.who.int/icd/entity/248851702,
733,2026-01,,http://id.who.int/icd/release/11/mms/248851702/other,1F00.Y,,- - - Other specified herpes simplex infections,- - - Autres infections par le virus herpès simplex,category,2,True,01,"=hyperlink(""https://icd.who.int/browse/latestrelease/mms/en#248851702/mms/other"",""browser"")",True,True,BlockL1-1E7,,,,,,http://id.who.int/icd/entity/248851702,
734,2026-01,,http://id.who.int/icd/release/11/mms/248851702/unspecified,1F00.Z,,"- - - Herpes simplex infections, unspecified","- - - Infections par le virus herpès simplex, sans précision",category,2,True,01,"=hyperlink(""https://icd.who.int/browse/latestrelease/mms/en#248851702/mms/unspecified"",""browser"")",True,True,BlockL1-1E7,,,,,,http://id.who.int/icd/entity/248851702,
735,2026-01,http://id.who.int/icd/entity/1883970802,http://id.who.int/icd/release/11/mms/1883970802,1F01,,- - Roseola infantum,- - Exanthème subit,category,1,False,01,"=hyperlink(""https://icd.who.int/browse/latestrelease/mms/en#1883970802"",""browser"")",True,True,BlockL1-1E7,,,,,,http://id.who.int/icd/entity/1646490591,
736,2026-01,http://id.who.int/icd/entity/410022648,http://id.who.int/icd/release/11/mms/410022648,1F02,,- - Rubella,- - Rubéole,category,1,False,01,"=hyperlink(""https://icd.who.int/browse/latestrelease/mms/en#410022648"",""browser"")",False,True,BlockL1-1E7,,,,,,http://id.who.int/icd/entity/1646490591,
737,2026-01,http://id.who.int/icd/entity/869374630,http://id.who.int/icd/release/11/mms/869374630,1F02.0,,- - - Rubella with neurological complications,- - - Rubéole avec complications neurologiques,category,2,False,01,"=hyperlink(""https://icd.who.int/browse/latestrelease/mms/en#869374630"",""browser"")",True,True,BlockL1-1E7,,,,,,http://id.who.int/icd/entity/410022648,
738,2026-01,http://id.who.int/icd/entity/2131502234,http://id.who.int/icd/release/11/mms/2131502234,1F02.1,,- - - Rubella arthritis,- - - Arthrite au cours de la rubéole,category,2,False,01,"=hyperlink(""https://icd.who.int/browse/latestrelease/mms/en#2131502234"",""browser"")",True,True,BlockL1-1E7,,,,,,http://id.who.int/icd/entity/410022648,
739,2026-01,http://id.who.int/icd/entity/1478349286,http://id.who.int/icd/release/11/mms/1478349286,1F02.2,,- - - Rubella without complication,- - - Rubéole sans complication,category,2,False,01,"=hyperlink(""https://icd.who.int/browse/latestrelease/mms/en#1478349286"",""browser"")",True,True,BlockL1-1E7,,,,,,http://id.who.int/icd/entity/410022648,
740,2026-01,,http://id.who.int/icd/release/11/mms/410022648/other,1F02.Y,,- - - Rubella with other specified complication,- - - Rubéole avec d'autres complications précisées,category,2,True,01,"=hyperlink(""https://icd.who.int/browse/latestrelease/mms/en#410022648/mms/other"",""browser"")",True,True,BlockL1-1E7,,,,,,http://id.who.int/icd/entity/410022648,
741,2026-01,http://id.who.int/icd/entity/1826431497,http://id.who.int/icd/release/11/mms/1826431497,1F03,,- - Measles,- - Rougeole,category,1,False,01,"=hyperlink(""https://icd.who.int/browse/latestrelease/mms/en#1826431497"",""browser"")",False,True,BlockL1-1E7,,,,,,http://id.who.int/icd/entity/1646490591,
742,2026-01,http://id.who.int/icd/entity/1503293914,http://id.who.int/icd/release/11/mms/1503293914,1F03.0,,- - - Measles without complication,- - - Rougeole sans complication,category,2,False,01,"=hyperlink(""https://icd.who.int/browse/latestrelease/mms/en#1503293914"",""browser"")",True,True,BlockL1-1E7,,,,,,http://id.who.int/icd/entity/1826431497,
743,2026-01,http://id.who.int/icd/entity/844511898,http://id.who.int/icd/release/11/mms/844511898,1F03.1,,- - - Measles complicated by encephalitis,- - - Rougeole compliquée d'une encéphalite,category,2,False,01,"=hyperlink(""https://icd.who.int/browse/latestrelease/mms/en#844511898"",""browser"")",True,True,BlockL1-1E7,,,,,,http://id.who.int/icd/entity/1826431497,
744,2026-01,http://id.who.int/icd/entity/1461581580,http://id.who.int/icd/release/11/mms/1461581580,1F03.2,,- - - Measles complicated by meningitis,- - - Rougeole compliquée d'une méningite,category,2,False,01,"=hyperlink(""https://icd.who.int/browse/latestrelease/mms/en#1461581580"",""browser"")",True,True,BlockL1-1E7,,,,,,http://id.who.int/icd/entity/1826431497,
745,2026-01,,http://id.who.int/icd/release/11/mms/1826431497/other,1F03.Y,,- - - Measles with other complications,- - - Rougeole avec d'autres complications,category,2,True,01,"=hyperlink(""https://icd.who.int/browse/latestrelease/mms/en#1826431497/mms/other"",""browser"")",True,True,BlockL1-1E7,,,,,,http://id.who.int/icd/entity/1826431497,
746,2026-01,http://id.who.int/icd/entity/352375140,http://id.who.int/icd/release/11/mms/352375140,1F04,,- - Erythema infectiosum,- - Mégalérythème épidémique,category,1,False,01,"=hyperlink(""https://icd.who.int/browse/latestrelease/mms/en#352375140"",""browser"")",True,True,BlockL1-1E7,,,,,,http://id.who.int/icd/entity/1646490591,
747,2026-01,http://id.who.int/icd/entity/299242184,http://id.who.int/icd/release/11/mms/299242184,1F05,,- - Picornavirus infections presenting in the skin or mucous membranes,- - Infections à Picornavirus se manifestant au niveau de la peau ou des muqueuses,category,1,False,01,"=hyperlink(""https://icd.who.int/browse/latestrelease/mms/en#299242184"",""browser"")",False,True,BlockL1-1E7,,,,,,http://id.who.int/icd/entity/1646490591,
748,2026-01,http://id.who.int/icd/entity/1726890736,http://id.who.int/icd/release/11/mms/1726890736,1F05.0,,- - - Enteroviral vesicular stomatitis,- - - Stomatite vésiculaire due à un entérovirus,category,2,False,01,"=hyperlink(""https://icd.who.int/browse/latestrelease/mms/en#1726890736"",""browser"")",True,True,BlockL1-1E7,,,,,,http://id.who.int/icd/entity/299242184,
749,2026-01,http://id.who.int/icd/entity/61181798,http://id.who.int/icd/release/11/mms/61181798,1F05.1,,- - - Enteroviral vesicular pharyngitis,- - - Pharyngite vésiculaire due à un entérovirus,category,2,False,01,"=hyperlink(""https://icd.who.int/browse/latestrelease/mms/en#61181798"",""browser"")",True,True,BlockL1-1E7,,,,,,http://id.who.int/icd/entity/299242184,
750,2026-01,http://id.who.int/icd/entity/1295135613,http://id.who.int/icd/release/11/mms/1295135613,1F05.2,,- - - Enteroviral exanthematous fever,- - - Fièvre exanthémateuse à entérovirus,category,2,False,01,"=hyperlink(""https://icd.who.int/browse/latestrelease/mms/en#1295135613"",""browser"")",True,True,BlockL1-1E7,,,,,,http://id.who.int/icd/entity/299242184,
751,2026-01,http://id.who.int/icd/entity/1008730501,http://id.who.int/icd/release/11/mms/1008730501,1F05.3,,- - - Foot and mouth disease,- - - Fièvre aphteuse,category,2,False,01,"=hyperlink(""https://icd.who.int/browse/latestrelease/mms/en#1008730501"",""browser"")",True,True,BlockL1-1E7,,,,,,http://id.who.int/icd/entity/299242184,
752,2026-01,,http://id.who.int/icd/release/11/mms/299242184/other,1F05.Y,,- - - Other specified picornavirus infections presenting in the skin or mucous membranes,- - - Autres infections à Picornavirus se manifestant au niveau de la peau ou des muqueuses,category,2,True,01,"=hyperlink(""https://icd.who.int/browse/latestrelease/mms/en#299242184/mms/other"",""browser"")",True,True,BlockL1-1E7,,,,,,http://id.who.int/icd/entity/299242184,
753,2026-01,,http://id.who.int/icd/release/11/mms/299242184/unspecified,1F05.Z,,"- - - Picornavirus infections presenting in the skin or mucous membranes, unspecified","- - - Infections à Picornavirus se manifestant au niveau de la peau ou des muqueuses, sans précision",category,2,True,01,"=hyperlink(""https://icd.who.int/browse/latestrelease/mms/en#299242184/mms/unspecified"",""browser"")",True,True,BlockL1-1E7,,,,,,http://id.who.int/icd/entity/299242184,
754,2026-01,,http://id.who.int/icd/release/11/mms/1646490591/other,1F0Y,,- - Other specified viral infections characterised by skin or mucous membrane lesions,- - Autres infections virales caractérisées par des lésions cutanées ou muqueuses,category,1,True,01,"=hyperlink(""https://icd.who.int/browse/latestrelease/mms/en#1646490591/mms/other"",""browser"")",True,True,BlockL1-1E7,,,,,,http://id.who.int/icd/entity/1646490591,
755,2026-01,,http://id.who.int/icd/release/11/mms/1646490591/unspecified,1F0Z,,"- - Viral infections characterised by skin or mucous membrane lesions, unspecified","- - Infections virales caractérisées par des lésions cutanées ou muqueuses, sans précision",category,1,True,01,"=hyperlink(""https://icd.who.int/browse/latestrelease/mms/en#1646490591/mms/unspecified"",""browser"")",True,True,BlockL1-1E7,,,,,,http://id.who.int/icd/entity/1646490591,
756,2026-01,http://id.who.int/icd/entity/1939815950,http://id.who.int/icd/release/11/mms/1939815950,,BlockL1-1F2,- Mycoses,- Mycoses,block,1,False,01,"=hyperlink(""https://icd.who.int/browse/latestrelease/mms/en#1939815950"",""browser"")",False,,,,,,,,http://id.who.int/icd/entity/1435254666,
757,2026-01,http://id.who.int/icd/entity/1913468488,http://id.who.int/icd/release/11/mms/1913468488,1F20,,- - Aspergillosis,- - Aspergillose,category,1,False,01,"=hyperlink(""https://icd.who.int/browse/latestrelease/mms/en#1913468488"",""browser"")",False,True,BlockL1-1F2,,,,,,http://id.who.int/icd/entity/1939815950,
758,2026-01,http://id.who.int/icd/entity/1314810340,http://id.who.int/icd/release/11/mms/1314810340,1F20.0,,- - - Invasive aspergillosis,- - - Aspergillose invasive,category,2,False,01,"=hyperlink(""https://icd.who.int/browse/latestrelease/mms/en#1314810340"",""browser"")",False,True,BlockL1-1F2,,,,,,http://id.who.int/icd/entity/1913468488,
759,2026-01,http://id.who.int/icd/entity/710893141,http://id.who.int/icd/release/11/mms/710893141,1F20.00,,- - - - Invasive aspergillosis of the digestive tract,- - - - Aspergillose invasive du tube digestif,category,3,False,01,"=hyperlink(""https://icd.who.int/browse/latestrelease/mms/en#710893141"",""browser"")",True,True,BlockL1-1F2,,,,,,http://id.who.int/icd/entity/1314810340,
760,2026-01,http://id.who.int/icd/entity/2019158769,http://id.who.int/icd/release/11/mms/2019158769,1F20.01,,- - - - Invasive cerebral aspergillosis,- - - - Aspergillose cérébrale invasive,category,3,False,01,"=hyperlink(""https://icd.who.int/browse/latestrelease/mms/en#2019158769"",""browser"")",True,True,BlockL1-1F2,,,,,,http://id.who.int/icd/entity/1314810340,
761,2026-01,http://id.who.int/icd/entity/489221449,http://id.who.int/icd/release/11/mms/489221449,1F20.02,,- - - - Disseminated aspergillosis,- - - - Aspergillose disséminée,category,3,False,01,"=hyperlink(""https://icd.who.int/browse/latestrelease/mms/en#489221449"",""browser"")",True,True,BlockL1-1F2,,,,,,http://id.who.int/icd/entity/1314810340,
762,2026-01,,http://id.who.int/icd/release/11/mms/1314810340/other,1F20.0Y,,- - - - Invasive aspergillosis of other specified site,- - - - Aspergillose invasive d'autres localisations précisés,category,3,True,01,"=hyperlink(""https://icd.who.int/browse/latestrelease/mms/en#1314810340/mms/other"",""browser"")",True,True,BlockL1-1F2,,,,,,http://id.who.int/icd/entity/1314810340,
763,2026-01,,http://id.who.int/icd/release/11/mms/1314810340/unspecified,1F20.0Z,,"- - - - Invasive aspergillosis, unspecified","- - - - Aspergillose invasive, sans précision",category,3,True,01,"=hyperlink(""https://icd.who.int/browse/latestrelease/mms/en#1314810340/mms/unspecified"",""browser"")",True,True,BlockL1-1F2,,,,,,http://id.who.int/icd/entity/1314810340,
764,2026-01,http://id.who.int/icd/entity/2043496606,http://id.who.int/icd/release/11/mms/2043496606,1F20.1,,- - - Non-invasive aspergillosis,- - - Aspergillose non-invasive,category,2,False,01,"=hyperlink(""https://icd.who.int/browse/latestrelease/mms/en#2043496606"",""browser"")",False,True,BlockL1-1F2,,,,,,http://id.who.int/icd/entity/1913468488,
765,2026-01,http://id.who.int/icd/entity/942630604,http://id.who.int/icd/release/11/mms/942630604,1F20.10,,- - - - Aspergillus otomycosis,- - - - Otomycose à Aspergillus,category,3,False,01,"=hyperlink(""https://icd.who.int/browse/latestrelease/mms/en#942630604"",""browser"")",True,True,BlockL1-1F2,,,,,,http://id.who.int/icd/entity/2043496606,
766,2026-01,http://id.who.int/icd/entity/1355660816,http://id.who.int/icd/release/11/mms/1355660816,1F20.11,,- - - - Chronic aspergillosis of the paranasal sinuses,- - - - Aspergillose chronique des sinus paranasaux,category,3,False,01,"=hyperlink(""https://icd.who.int/browse/latestrelease/mms/en#1355660816"",""browser"")",True,True,BlockL1-1F2,,,,,,http://id.who.int/icd/entity/2043496606,
767,2026-01,http://id.who.int/icd/entity/86747759,http://id.who.int/icd/release/11/mms/86747759,1F20.12,,- - - - Chronic pulmonary aspergillosis,- - - - Aspergillose pulmonaire chronique,category,3,False,01,"=hyperlink(""https://icd.who.int/browse/latestrelease/mms/en#86747759"",""browser"")",True,True,BlockL1-1F2,,,,,,http://id.who.int/icd/entity/2043496606,
768,2026-01,http://id.who.int/icd/entity/2132861880,http://id.who.int/icd/release/11/mms/2132861880,1F20.13,,- - - - Tonsillar aspergillosis,- - - - Aspergillose amygdalienne,category,3,False,01,"=hyperlink(""https://icd.who.int/browse/latestrelease/mms/en#2132861880"",""browser"")",True,True,BlockL1-1F2,,,,,,http://id.who.int/icd/entity/2043496606,
769,2026-01,http://id.who.int/icd/entity/107634429,http://id.who.int/icd/release/11/mms/107634429,1F20.14,,- - - - Aspergillus bronchitis,- - - - Bronchite à Aspergillus,category,3,False,01,"=hyperlink(""https://icd.who.int/browse/latestrelease/mms/en#107634429"",""browser"")",True,True,BlockL1-1F2,,,,,,http://id.who.int/icd/entity/2043496606,
770,2026-01,http://id.who.int/icd/entity/1478604320,http://id.who.int/icd/release/11/mms/1478604320,1F20.15,,- - - - Obstructing aspergillus tracheobronchitis,- - - - Trachéobronchite obstructive à Aspergillus,category,3,False,01,"=hyperlink(""https://icd.who.int/browse/latestrelease/mms/en#1478604320"",""browser"")",True,True,BlockL1-1F2,,,,,,http://id.who.int/icd/entity/2043496606,
771,2026-01,,http://id.who.int/icd/release/11/mms/2043496606/other,1F20.1Y,,- - - - Other specified non-invasive aspergillosis,- - - - Autres aspergilloses non-invasives précisées,category,3,True,01,"=hyperlink(""https://icd.who.int/browse/latestrelease/mms/en#2043496606/mms/other"",""browser"")",True,True,BlockL1-1F2,,,,,,http://id.who.int/icd/entity/2043496606,
772,2026-01,,http://id.who.int/icd/release/11/mms/2043496606/unspecified,1F20.1Z,,"- - - - Non-invasive aspergillosis, unspecified","- - - - Aspergillose non-invasive, sans précision",category,3,True,01,"=hyperlink(""https://icd.who.int/browse/latestrelease/mms/en#2043496606/mms/unspecified"",""browser"")",True,True,BlockL1-1F2,,,,,,http://id.who.int/icd/entity/2043496606,
773,2026-01,,http://id.who.int/icd/release/11/mms/1913468488/unspecified,1F20.Z,,"- - - Aspergillosis, unspecified","- - - Aspergillose, sans précision",category,2,True,01,"=hyperlink(""https://icd.who.int/browse/latestrelease/mms/en#1913468488/mms/unspecified"",""browser"")",True,True,BlockL1-1F2,,,,,,http://id.who.int/icd/entity/1913468488,
774,2026-01,http://id.who.int/icd/entity/2087283296,http://id.who.int/icd/release/11/mms/2087283296,1F21,,- - Basidiobolomycosis,- - Basidiobolomycose,category,1,False,01,"=hyperlink(""https://icd.who.int/browse/latestrelease/mms/en#2087283296"",""browser"")",True,True,BlockL1-1F2,,,,,,http://id.who.int/icd/entity/1939815950,
775,2026-01,http://id.who.int/icd/entity/1968108845,http://id.who.int/icd/release/11/mms/1968108845,1F22,,- - Blastomycosis,- - Blastomycose,category,1,False,01,"=hyperlink(""https://icd.who.int/browse/latestrelease/mms/en#1968108845"",""browser"")",True,True,BlockL1-1F2,,,,,,http://id.who.int/icd/entity/1939815950,
776,2026-01,http://id.who.int/icd/entity/2055968951,http://id.who.int/icd/release/11/mms/2055968951,1F23,,- - Candidosis,- - Candidose,category,1,False,01,"=hyperlink(""https://icd.who.int/browse/latestrelease/mms/en#2055968951"",""browser"")",False,True,BlockL1-1F2,,,,,,http://id.who.int/icd/entity/1939815950,
777,2026-01,http://id.who.int/icd/entity/520566646,http://id.who.int/icd/release/11/mms/520566646,1F23.0,,- - - Candidosis of lips or oral mucous membranes,- - - Candidose des lèvres ou de la muqueuse buccale,category,2,False,01,"=hyperlink(""https://icd.who.int/browse/latestrelease/mms/en#520566646"",""browser"")",True,True,BlockL1-1F2,,,,,,http://id.who.int/icd/entity/2055968951,
778,2026-01,http://id.who.int/icd/entity/284380638,http://id.who.int/icd/release/11/mms/284380638,1F23.1,,- - - Candidosis of skin or mucous membranes,- - - Candidose de la peau ou des muqueuses,category,2,False,01,"=hyperlink(""https://icd.who.int/browse/latestrelease/mms/en#284380638"",""browser"")",False,True,BlockL1-1F2,,,,,,http://id.who.int/icd/entity/2055968951,
779,2026-01,http://id.who.int/icd/entity/1806329739,http://id.who.int/icd/release/11/mms/1806329739,1F23.10,,- - - - Vulvovaginal candidosis,- - - - Candidose vulvovaginale,category,3,False,01,"=hyperlink(""https://icd.who.int/browse/latestrelease/mms/en#1806329739"",""browser"")",True,True,BlockL1-1F2,,,,,,http://id.who.int/icd/entity/284380638,
780,2026-01,http://id.who.int/icd/entity/407172127,http://id.who.int/icd/release/11/mms/407172127,1F23.11,,- - - - Candida balanoposthitis,- - - - Balanoposthite à Candida,category,3,False,01,"=hyperlink(""https://icd.who.int/browse/latestrelease/mms/en#407172127"",""browser"")",True,True,BlockL1-1F2,,,,,,http://id.who.int/icd/entity/284380638,
781,2026-01,http://id.who.int/icd/entity/357498950,http://id.who.int/icd/release/11/mms/357498950,1F23.12,,- - - - Flexural or intertriginous candidosis,- - - - Candidose des plis de flexion ou intertrigineuse,category,3,False,01,"=hyperlink(""https://icd.who.int/browse/latestrelease/mms/en#357498950"",""browser"")",True,True,BlockL1-1F2,,,,,,http://id.who.int/icd/entity/284380638,
782,2026-01,http://id.who.int/icd/entity/828693449,http://id.who.int/icd/release/11/mms/828693449,1F23.13,,- - - - Candidosis of nail or paronychium,- - - - Candidose de l'ongle ou du paronychium,category,3,False,01,"=hyperlink(""https://icd.who.int/browse/latestrelease/mms/en#828693449"",""browser"")",True,True,BlockL1-1F2,,,,,,http://id.who.int/icd/entity/284380638,
783,2026-01,http://id.who.int/icd/entity/2120780687,http://id.who.int/icd/release/11/mms/2120780687,1F23.14,,- - - - Chronic mucocutaneous candidosis,- - - - Candidose cutanéomuqueuse chronique,category,3,False,01,"=hyperlink(""https://icd.who.int/browse/latestrelease/mms/en#2120780687"",""browser"")",True,True,BlockL1-1F2,,,,,,http://id.who.int/icd/entity/284380638,
784,2026-01,http://id.who.int/icd/entity/92452740,http://id.who.int/icd/release/11/mms/92452740,1F23.15,,- - - - Disseminated cutaneous candidosis,- - - - Candidose cutanée disséminée,category,3,False,01,"=hyperlink(""https://icd.who.int/browse/latestrelease/mms/en#92452740"",""browser"")",True,True,BlockL1-1F2,,,,,,http://id.who.int/icd/entity/284380638,
785,2026-01,http://id.who.int/icd/entity/1064943355,http://id.who.int/icd/release/11/mms/1064943355,1F23.16,,- - - - Candida otomycosis,- - - - Otomycose à Candida,category,3,False,01,"=hyperlink(""https://icd.who.int/browse/latestrelease/mms/en#1064943355"",""browser"")",True,True,BlockL1-1F2,,,,,,http://id.who.int/icd/entity/284380638,
786,2026-01,,http://id.who.int/icd/release/11/mms/284380638/other,1F23.1Y,,- - - - Candidosis of skin or mucous membrane of other specified site,- - - - Candidose de la peau ou des muqueuses d'autres localisations précisés,category,3,True,01,"=hyperlink(""https://icd.who.int/browse/latestrelease/mms/en#284380638/mms/other"",""browser"")",True,True,BlockL1-1F2,,,,,,http://id.who.int/icd/entity/284380638,
787,2026-01,,http://id.who.int/icd/release/11/mms/284380638/unspecified,1F23.1Z,,"- - - - Candidosis of skin or mucous membranes, unspecified","- - - - Candidose de la peau ou des muqueuses, sans précision",category,3,True,01,"=hyperlink(""https://icd.who.int/browse/latestrelease/mms/en#284380638/mms/unspecified"",""browser"")",True,True,BlockL1-1F2,,,,,,http://id.who.int/icd/entity/284380638,
788,2026-01,http://id.who.int/icd/entity/1229869827,http://id.who.int/icd/release/11/mms/1229869827,1F23.2,,- - - Candidosis of gastrointestinal tract,- - - Candidose du tractus gastro-intestinal,category,2,False,01,"=hyperlink(""https://icd.who.int/browse/latestrelease/mms/en#1229869827"",""browser"")",True,True,BlockL1-1F2,,,,,,http://id.who.int/icd/entity/2055968951,
789,2026-01,http://id.who.int/icd/entity/2096491408,http://id.who.int/icd/release/11/mms/2096491408,1F23.3,,- - - Systemic or invasive candidosis,- - - Candidose systémique ou invasive,category,2,False,01,"=hyperlink(""https://icd.who.int/browse/latestrelease/mms/en#2096491408"",""browser"")",False,True,BlockL1-1F2,,,,,,http://id.who.int/icd/entity/2055968951,
790,2026-01,http://id.who.int/icd/entity/2098149771,http://id.who.int/icd/release/11/mms/2098149771,1F23.30,,- - - - Candida meningitis,- - - - Méningite à Candida,category,3,False,01,"=hyperlink(""https://icd.who.int/browse/latestrelease/mms/en#2098149771"",""browser"")",True,True,BlockL1-1F2,,,,,,http://id.who.int/icd/entity/2096491408,
791,2026-01,http://id.who.int/icd/entity/2051865312,http://id.who.int/icd/release/11/mms/2051865312,1F23.31,,- - - - Pulmonary candidosis,- - - - Candidose pulmonaire,category,3,False,01,"=hyperlink(""https://icd.who.int/browse/latestrelease/mms/en#2051865312"",""browser"")",True,True,BlockL1-1F2,,,,,,http://id.who.int/icd/entity/2096491408,
792,2026-01,,http://id.who.int/icd/release/11/mms/2096491408/other,1F23.3Y,,- - - - Other specified systemic or invasive candidosis,- - - - Autres candidose systémique ou invasive,category,3,True,01,"=hyperlink(""https://icd.who.int/browse/latestrelease/mms/en#2096491408/mms/other"",""browser"")",True,True,BlockL1-1F2,,,,,,http://id.who.int/icd/entity/2096491408,
793,2026-01,,http://id.who.int/icd/release/11/mms/2096491408/unspecified,1F23.3Z,,"- - - - Systemic or invasive candidosis, unspecified","- - - - Candidose systémique ou invasive, sans précision",category,3,True,01,"=hyperlink(""https://icd.who.int/browse/latestrelease/mms/en#2096491408/mms/unspecified"",""browser"")",True,True,BlockL1-1F2,,,,,,http://id.who.int/icd/entity/2096491408,
794,2026-01,,http://id.who.int/icd/release/11/mms/2055968951/other,1F23.Y,,- - - Other specified candidosis,- - - Autres candidose,category,2,True,01,"=hyperlink(""https://icd.who.int/browse/latestrelease/mms/en#2055968951/mms/other"",""browser"")",True,True,BlockL1-1F2,,,,,,http://id.who.int/icd/entity/2055968951,
795,2026-01,,http://id.who.int/icd/release/11/mms/2055968951/unspecified,1F23.Z,,"- - - Candidosis, unspecified","- - - Candidose, sans précision",category,2,True,01,"=hyperlink(""https://icd.who.int/browse/latestrelease/mms/en#2055968951/mms/unspecified"",""browser"")",True,True,BlockL1-1F2,,,,,,http://id.who.int/icd/entity/2055968951,
796,2026-01,http://id.who.int/icd/entity/1438584733,http://id.who.int/icd/release/11/mms/1438584733,1F24,,- - Chromoblastomycosis,- - Chromoblastomycose,category,1,False,01,"=hyperlink(""https://icd.who.int/browse/latestrelease/mms/en#1438584733"",""browser"")",True,True,BlockL1-1F2,,,,,,http://id.who.int/icd/entity/1939815950,
797,2026-01,http://id.who.int/icd/entity/132287989,http://id.who.int/icd/release/11/mms/132287989,1F25,,- - Coccidioidomycosis,- - Coccidioïdomycose,category,1,False,01,"=hyperlink(""https://icd.who.int/browse/latestrelease/mms/en#132287989"",""browser"")",False,True,BlockL1-1F2,,,,,,http://id.who.int/icd/entity/1939815950,
798,2026-01,http://id.who.int/icd/entity/1080392099,http://id.who.int/icd/release/11/mms/1080392099,1F25.0,,- - - Pulmonary coccidioidomycosis,- - - Coccidioïdomycose pulmonaire,category,2,False,01,"=hyperlink(""https://icd.who.int/browse/latestrelease/mms/en#1080392099"",""browser"")",False,True,BlockL1-1F2,,,,,,http://id.who.int/icd/entity/132287989,
799,2026-01,http://id.who.int/icd/entity/1367598280,http://id.who.int/icd/release/11/mms/1367598280,1F25.00,,- - - - Acute pulmonary coccidioidomycosis,- - - - Coccidioïdomycose pulmonaire aigüe,category,3,False,01,"=hyperlink(""https://icd.who.int/browse/latestrelease/mms/en#1367598280"",""browser"")",True,True,BlockL1-1F2,,,,,,http://id.who.int/icd/entity/1080392099,
800,2026-01,http://id.who.int/icd/entity/885533022,http://id.who.int/icd/release/11/mms/885533022,1F25.01,,- - - - Chronic pulmonary coccidioidomycosis,- - - - Coccidioïdomycose pulmonaire chronique,category,3,False,01,"=hyperlink(""https://icd.who.int/browse/latestrelease/mms/en#885533022"",""browser"")",True,True,BlockL1-1F2,,,,,,http://id.who.int/icd/entity/1080392099,
801,2026-01,http://id.who.int/icd/entity/71079562,http://id.who.int/icd/release/11/mms/71079562,1F25.1,,- - - Extrathoracic coccidioidomycosis,- - - Coccidioïdomycose extrathoracique,category,2,False,01,"=hyperlink(""https://icd.who.int/browse/latestrelease/mms/en#71079562"",""browser"")",False,True,BlockL1-1F2,,,,,,http://id.who.int/icd/entity/132287989,
802,2026-01,http://id.who.int/icd/entity/577599324,http://id.who.int/icd/release/11/mms/577599324,1F25.10,,- - - - Disseminated coccidioidomycosis,- - - - Coccidioïdomycose disséminée,category,3,False,01,"=hyperlink(""https://icd.who.int/browse/latestrelease/mms/en#577599324"",""browser"")",True,True,BlockL1-1F2,,,,,,http://id.who.int/icd/entity/71079562,
803,2026-01,http://id.who.int/icd/entity/623817783,http://id.who.int/icd/release/11/mms/623817783,1F25.11,,- - - - Primary cutaneous coccidioidomycosis,- - - - Coccidioïdomycose cutanée primaire,category,3,False,01,"=hyperlink(""https://icd.who.int/browse/latestrelease/mms/en#623817783"",""browser"")",True,True,BlockL1-1F2,,,,,,http://id.who.int/icd/entity/71079562,
804,2026-01,http://id.who.int/icd/entity/1455433635,http://id.who.int/icd/release/11/mms/1455433635,1F25.12,,- - - - Coccidioides meningitis,- - - - Méningite à Coccidioides,category,3,False,01,"=hyperlink(""https://icd.who.int/browse/latestrelease/mms/en#1455433635"",""browser"")",True,True,BlockL1-1F2,,,,,,http://id.who.int/icd/entity/71079562,
805,2026-01,,http://id.who.int/icd/release/11/mms/71079562/other,1F25.1Y,,- - - - Other specified extrathoracic coccidioidomycosis,- - - - Autres coccidioïdomycoses extrathoraciques précisées,category,3,True,01,"=hyperlink(""https://icd.who.int/browse/latestrelease/mms/en#71079562/mms/other"",""browser"")",True,True,BlockL1-1F2,,,,,,http://id.who.int/icd/entity/71079562,
806,2026-01,,http://id.who.int/icd/release/11/mms/71079562/unspecified,1F25.1Z,,"- - - - Extrathoracic coccidioidomycosis, unspecified","- - - - Coccidioïdomycose extrathoracique, sans précision",category,3,True,01,"=hyperlink(""https://icd.who.int/browse/latestrelease/mms/en#71079562/mms/unspecified"",""browser"")",True,True,BlockL1-1F2,,,,,,http://id.who.int/icd/entity/71079562,
807,2026-01,,http://id.who.int/icd/release/11/mms/132287989/unspecified,1F25.Z,,"- - - Coccidioidomycosis, unspecified","- - - Coccidioïdomycose, sans précision",category,2,True,01,"=hyperlink(""https://icd.who.int/browse/latestrelease/mms/en#132287989/mms/unspecified"",""browser"")",True,True,BlockL1-1F2,,,,,,http://id.who.int/icd/entity/132287989,
808,2026-01,http://id.who.int/icd/entity/1326582778,http://id.who.int/icd/release/11/mms/1326582778,1F26,,- - Conidiobolomycosis,- - Conidiobolomycose,category,1,False,01,"=hyperlink(""https://icd.who.int/browse/latestrelease/mms/en#1326582778"",""browser"")",True,True,BlockL1-1F2,,,,,,http://id.who.int/icd/entity/1939815950,
809,2026-01,http://id.who.int/icd/entity/390527954,http://id.who.int/icd/release/11/mms/390527954,1F27,,- - Cryptococcosis,- - Cryptococcose,category,1,False,01,"=hyperlink(""https://icd.who.int/browse/latestrelease/mms/en#390527954"",""browser"")",False,True,BlockL1-1F2,,,,,,http://id.who.int/icd/entity/1939815950,
810,2026-01,http://id.who.int/icd/entity/1916712542,http://id.who.int/icd/release/11/mms/1916712542,1F27.0,,- - - Pulmonary cryptococcosis,- - - Cryptococcose pulmonaire,category,2,False,01,"=hyperlink(""https://icd.who.int/browse/latestrelease/mms/en#1916712542"",""browser"")",True,True,BlockL1-1F2,,,,,,http://id.who.int/icd/entity/390527954,
811,2026-01,http://id.who.int/icd/entity/393575368,http://id.who.int/icd/release/11/mms/393575368,1F27.1,,- - - Cerebral cryptococcosis,- - - Cryptococcose cérébrale,category,2,False,01,"=hyperlink(""https://icd.who.int/browse/latestrelease/mms/en#393575368"",""browser"")",False,True,BlockL1-1F2,,,,,,http://id.who.int/icd/entity/390527954,
812,2026-01,http://id.who.int/icd/entity/738912364,http://id.who.int/icd/release/11/mms/738912364,1F27.10,,- - - - Meningitis due to Cryptococcus neoformans,- - - - Méningite due à Cryptococcus neoformans,category,3,False,01,"=hyperlink(""https://icd.who.int/browse/latestrelease/mms/en#738912364"",""browser"")",True,False,BlockL1-1F2,,,,,,http://id.who.int/icd/entity/393575368,
813,2026-01,,http://id.who.int/icd/release/11/mms/393575368/unspecified,1F27.1Z,,"- - - - Cerebral cryptococcosis, unspecified","- - - - Cryptococcose cérébrale, sans précision",category,3,True,01,"=hyperlink(""https://icd.who.int/browse/latestrelease/mms/en#393575368/mms/unspecified"",""browser"")",True,True,BlockL1-1F2,,,,,,http://id.who.int/icd/entity/393575368,
814,2026-01,http://id.who.int/icd/entity/30418378,http://id.who.int/icd/release/11/mms/30418378,1F27.2,,- - - Disseminated cryptococcosis,- - - Cryptococcose disséminée,category,2,False,01,"=hyperlink(""https://icd.who.int/browse/latestrelease/mms/en#30418378"",""browser"")",True,True,BlockL1-1F2,,,,,,http://id.who.int/icd/entity/390527954,
815,2026-01,,http://id.who.int/icd/release/11/mms/390527954/other,1F27.Y,,- - - Other specified cryptococcosis,- - - Autres cryptococcose,category,2,True,01,"=hyperlink(""https://icd.who.int/browse/latestrelease/mms/en#390527954/mms/other"",""browser"")",True,True,BlockL1-1F2,,,,,,http://id.who.int/icd/entity/390527954,
816,2026-01,,http://id.who.int/icd/release/11/mms/390527954/unspecified,1F27.Z,,"- - - Cryptococcosis, unspecified","- - - Cryptococcose, sans précision",category,2,True,01,"=hyperlink(""https://icd.who.int/browse/latestrelease/mms/en#390527954/mms/unspecified"",""browser"")",True,True,BlockL1-1F2,,,,,,http://id.who.int/icd/entity/390527954,
817,2026-01,http://id.who.int/icd/entity/1802307036,http://id.who.int/icd/release/11/mms/1802307036,1F28,,- - Dermatophytosis,- - Dermatophytose,category,1,False,01,"=hyperlink(""https://icd.who.int/browse/latestrelease/mms/en#1802307036"",""browser"")",False,True,BlockL1-1F2,,,,,,http://id.who.int/icd/entity/1939815950,
818,2026-01,http://id.who.int/icd/entity/1380450203,http://id.who.int/icd/release/11/mms/1380450203,1F28.0,,- - - Dermatophytosis of scalp,- - - Dermatophytose du cuir chevelu,category,2,False,01,"=hyperlink(""https://icd.who.int/browse/latestrelease/mms/en#1380450203"",""browser"")",True,True,BlockL1-1F2,,,,,,http://id.who.int/icd/entity/1802307036,
819,2026-01,http://id.who.int/icd/entity/1731433055,http://id.who.int/icd/release/11/mms/1731433055,1F28.1,,- - - Dermatophytosis of nail,- - - Dermatophytose de l'ongle,category,2,False,01,"=hyperlink(""https://icd.who.int/browse/latestrelease/mms/en#1731433055"",""browser"")",True,True,BlockL1-1F2,,,,,,http://id.who.int/icd/entity/1802307036,
820,2026-01,http://id.who.int/icd/entity/1993674550,http://id.who.int/icd/release/11/mms/1993674550,1F28.2,,- - - Dermatophytosis of foot,- - - Dermatophytose du pied,category,2,False,01,"=hyperlink(""https://icd.who.int/browse/latestrelease/mms/en#1993674550"",""browser"")",True,True,BlockL1-1F2,,,,,,http://id.who.int/icd/entity/1802307036,
821,2026-01,http://id.who.int/icd/entity/350028235,http://id.who.int/icd/release/11/mms/350028235,1F28.3,,- - - Genitocrural dermatophytosis,- - - Dermatophytose inguinocrurale,category,2,False,01,"=hyperlink(""https://icd.who.int/browse/latestrelease/mms/en#350028235"",""browser"")",True,True,BlockL1-1F2,,,,,,http://id.who.int/icd/entity/1802307036,
822,2026-01,http://id.who.int/icd/entity/1449494917,http://id.who.int/icd/release/11/mms/1449494917,1F28.4,,- - - Kerion,- - - Kérion,category,2,False,01,"=hyperlink(""https://icd.who.int/browse/latestrelease/mms/en#1449494917"",""browser"")",True,True,BlockL1-1F2,,,,,,http://id.who.int/icd/entity/1802307036,
823,2026-01,http://id.who.int/icd/entity/2003167397,http://id.who.int/icd/release/11/mms/2003167397,1F28.5,,- - - Disseminated dermatophytosis,- - - Dermatophytose disséminée,category,2,False,01,"=hyperlink(""https://icd.who.int/browse/latestrelease/mms/en#2003167397"",""browser"")",True,True,BlockL1-1F2,,,,,,http://id.who.int/icd/entity/1802307036,
824,2026-01,,http://id.who.int/icd/release/11/mms/1802307036/other,1F28.Y,,- - - Other specified dermatophytosis,- - - Autres dermatophytoses précisées,category,2,True,01,"=hyperlink(""https://icd.who.int/browse/latestrelease/mms/en#1802307036/mms/other"",""browser"")",True,True,BlockL1-1F2,,,,,,http://id.who.int/icd/entity/1802307036,
825,2026-01,,http://id.who.int/icd/release/11/mms/1802307036/unspecified,1F28.Z,,"- - - Dermatophytosis, unspecified","- - - Dermatophytose, sans précision",category,2,True,01,"=hyperlink(""https://icd.who.int/browse/latestrelease/mms/en#1802307036/mms/unspecified"",""browser"")",True,True,BlockL1-1F2,,,,,,http://id.who.int/icd/entity/1802307036,
826,2026-01,http://id.who.int/icd/entity/1866587875,http://id.who.int/icd/release/11/mms/1866587875,1F29,,- - Eumycetoma,- - Eumycétome,category,1,False,01,"=hyperlink(""https://icd.who.int/browse/latestrelease/mms/en#1866587875"",""browser"")",True,True,BlockL1-1F2,,,,,,http://id.who.int/icd/entity/1939815950,
827,2026-01,http://id.who.int/icd/entity/1303003466,http://id.who.int/icd/release/11/mms/1303003466,1F2A,,- - Histoplasmosis,- - Histoplasmose,category,1,False,01,"=hyperlink(""https://icd.who.int/browse/latestrelease/mms/en#1303003466"",""browser"")",False,True,BlockL1-1F2,,,,,,http://id.who.int/icd/entity/1939815950,
828,2026-01,http://id.who.int/icd/entity/1553838370,http://id.who.int/icd/release/11/mms/1553838370,1F2A.0,,- - - Pulmonary histoplasmosis capsulati,- - - Histoplasmose pulmonaire à Histoplasma capsulatum,category,2,False,01,"=hyperlink(""https://icd.who.int/browse/latestrelease/mms/en#1553838370"",""browser"")",True,True,BlockL1-1F2,,,,,,http://id.who.int/icd/entity/1303003466,
829,2026-01,http://id.who.int/icd/entity/997943937,http://id.who.int/icd/release/11/mms/997943937,1F2A.1,,- - - Histoplasmosis due to Histoplasma duboisii,- - - Histoplasmose due au Histoplasma duboisii,category,2,False,01,"=hyperlink(""https://icd.who.int/browse/latestrelease/mms/en#997943937"",""browser"")",True,True,BlockL1-1F2,,,,,,http://id.who.int/icd/entity/1303003466,
830,2026-01,,http://id.who.int/icd/release/11/mms/1303003466/other,1F2A.Y,,- - - Other specified histoplasmosis,- - - Autres histoplasmose,category,2,True,01,"=hyperlink(""https://icd.who.int/browse/latestrelease/mms/en#1303003466/mms/other"",""browser"")",True,True,BlockL1-1F2,,,,,,http://id.who.int/icd/entity/1303003466,
831,2026-01,,http://id.who.int/icd/release/11/mms/1303003466/unspecified,1F2A.Z,,"- - - Histoplasmosis, unspecified","- - - Histoplasmose, sans précision",category,2,True,01,"=hyperlink(""https://icd.who.int/browse/latestrelease/mms/en#1303003466/mms/unspecified"",""browser"")",True,True,BlockL1-1F2,,,,,,http://id.who.int/icd/entity/1303003466,
832,2026-01,http://id.who.int/icd/entity/566562143,http://id.who.int/icd/release/11/mms/566562143,1F2B,,- - Lobomycosis,- - Lobomycose,category,1,False,01,"=hyperlink(""https://icd.who.int/browse/latestrelease/mms/en#566562143"",""browser"")",True,True,BlockL1-1F2,,,,,,http://id.who.int/icd/entity/1939815950,
833,2026-01,http://id.who.int/icd/entity/1676389165,http://id.who.int/icd/release/11/mms/1676389165,1F2C,,- - Mucormycosis,- - Mucormycose,category,1,False,01,"=hyperlink(""https://icd.who.int/browse/latestrelease/mms/en#1676389165"",""browser"")",True,True,BlockL1-1F2,,,,,,http://id.who.int/icd/entity/1939815950,
834,2026-01,http://id.who.int/icd/entity/532698403,http://id.who.int/icd/release/11/mms/532698403,1F2D,,- - Non-dermatophyte superficial dermatomycoses,- - Dermatomycoses superficielles non dermatophytiques,category,1,False,01,"=hyperlink(""https://icd.who.int/browse/latestrelease/mms/en#532698403"",""browser"")",False,True,BlockL1-1F2,,,,,,http://id.who.int/icd/entity/1939815950,
835,2026-01,http://id.who.int/icd/entity/67108853,http://id.who.int/icd/release/11/mms/67108853,1F2D.0,,- - - Pityriasis versicolor,- - - Pityriasis versicolor,category,2,False,01,"=hyperlink(""https://icd.who.int/browse/latestrelease/mms/en#67108853"",""browser"")",True,True,BlockL1-1F2,,,,,,http://id.who.int/icd/entity/532698403,
836,2026-01,http://id.who.int/icd/entity/12958750,http://id.who.int/icd/release/11/mms/12958750,1F2D.1,,- - - Malassezia folliculitis,- - - Folliculite à Malassezia,category,2,False,01,"=hyperlink(""https://icd.who.int/browse/latestrelease/mms/en#12958750"",""browser"")",True,True,BlockL1-1F2,,,,,,http://id.who.int/icd/entity/532698403,
837,2026-01,http://id.who.int/icd/entity/303653536,http://id.who.int/icd/release/11/mms/303653536,1F2D.2,,- - - White piedra,- - - Piedra blanche,category,2,False,01,"=hyperlink(""https://icd.who.int/browse/latestrelease/mms/en#303653536"",""browser"")",True,True,BlockL1-1F2,,,,,,http://id.who.int/icd/entity/532698403,
838,2026-01,http://id.who.int/icd/entity/1990974193,http://id.who.int/icd/release/11/mms/1990974193,1F2D.3,,- - - Black piedra,- - - Piedra noire,category,2,False,01,"=hyperlink(""https://icd.who.int/browse/latestrelease/mms/en#1990974193"",""browser"")",True,True,BlockL1-1F2,,,,,,http://id.who.int/icd/entity/532698403,
839,2026-01,http://id.who.int/icd/entity/1723085409,http://id.who.int/icd/release/11/mms/1723085409,1F2D.4,,- - - Tinea nigra,- - - Tinea nigra,category,2,False,01,"=hyperlink(""https://icd.who.int/browse/latestrelease/mms/en#1723085409"",""browser"")",True,True,BlockL1-1F2,,,,,,http://id.who.int/icd/entity/532698403,
840,2026-01,http://id.who.int/icd/entity/1414602212,http://id.who.int/icd/release/11/mms/1414602212,1F2D.5,,- - - Onychomycosis due to non-dermatophyte mould,- - - Onychomycose due à une moisissure non dermatophytique,category,2,False,01,"=hyperlink(""https://icd.who.int/browse/latestrelease/mms/en#1414602212"",""browser"")",True,True,BlockL1-1F2,,,,,,http://id.who.int/icd/entity/532698403,
841,2026-01,,http://id.who.int/icd/release/11/mms/532698403/other,1F2D.Y,,- - - Other specified non-dermatophyte superficial dermatomycoses,- - - Autres dermatomycoses superficielles non dermatophytiques,category,2,True,01,"=hyperlink(""https://icd.who.int/browse/latestrelease/mms/en#532698403/mms/other"",""browser"")",True,True,BlockL1-1F2,,,,,,http://id.who.int/icd/entity/532698403,
842,2026-01,,http://id.who.int/icd/release/11/mms/532698403/unspecified,1F2D.Z,,"- - - Non-dermatophyte superficial dermatomycoses, unspecified","- - - Dermatomycoses superficielles non dermatophytiques, sans précision",category,2,True,01,"=hyperlink(""https://icd.who.int/browse/latestrelease/mms/en#532698403/mms/unspecified"",""browser"")",True,True,BlockL1-1F2,,,,,,http://id.who.int/icd/entity/532698403,
843,2026-01,http://id.who.int/icd/entity/268777657,http://id.who.int/icd/release/11/mms/268777657,1F2E,,- - Paracoccidioidomycosis,- - Paracoccidioïdomycose,category,1,False,01,"=hyperlink(""https://icd.who.int/browse/latestrelease/mms/en#268777657"",""browser"")",False,True,BlockL1-1F2,,,,,,http://id.who.int/icd/entity/1939815950,
844,2026-01,http://id.who.int/icd/entity/1220568868,http://id.who.int/icd/release/11/mms/1220568868,1F2E.0,,- - - Pulmonary paracoccidioidomycosis,- - - Paracoccidioïdomycose pulmonaire,category,2,False,01,"=hyperlink(""https://icd.who.int/browse/latestrelease/mms/en#1220568868"",""browser"")",True,True,BlockL1-1F2,,,,,,http://id.who.int/icd/entity/268777657,
845,2026-01,http://id.who.int/icd/entity/992933048,http://id.who.int/icd/release/11/mms/992933048,1F2E.1,,- - - Disseminated paracoccidioidomycosis,- - - Paracoccidioïdomycose disséminée,category,2,False,01,"=hyperlink(""https://icd.who.int/browse/latestrelease/mms/en#992933048"",""browser"")",True,True,BlockL1-1F2,,,,,,http://id.who.int/icd/entity/268777657,
846,2026-01,,http://id.who.int/icd/release/11/mms/268777657/other,1F2E.Y,,- - - Other specified paracoccidioidomycosis,- - - Autres paracoccidioïdomycoses,category,2,True,01,"=hyperlink(""https://icd.who.int/browse/latestrelease/mms/en#268777657/mms/other"",""browser"")",True,True,BlockL1-1F2,,,,,,http://id.who.int/icd/entity/268777657,
847,2026-01,,http://id.who.int/icd/release/11/mms/268777657/unspecified,1F2E.Z,,"- - - Paracoccidioidomycosis, unspecified","- - - Paracoccidioïdomycose, sans précision",category,2,True,01,"=hyperlink(""https://icd.who.int/browse/latestrelease/mms/en#268777657/mms/unspecified"",""browser"")",True,True,BlockL1-1F2,,,,,,http://id.who.int/icd/entity/268777657,
848,2026-01,http://id.who.int/icd/entity/547567937,http://id.who.int/icd/release/11/mms/547567937,1F2F,,- - Phaeohyphomycosis,- - Phæohyphomycose,category,1,False,01,"=hyperlink(""https://icd.who.int/browse/latestrelease/mms/en#547567937"",""browser"")",True,True,BlockL1-1F2,,,,,,http://id.who.int/icd/entity/1939815950,
849,2026-01,http://id.who.int/icd/entity/404370038,http://id.who.int/icd/release/11/mms/404370038,1F2G,,- - Pneumocystosis,- - Pneumocystose,category,1,False,01,"=hyperlink(""https://icd.who.int/browse/latestrelease/mms/en#404370038"",""browser"")",False,True,BlockL1-1F2,,,,,,http://id.who.int/icd/entity/1939815950,
850,2026-01,http://id.who.int/icd/entity/2014927218,http://id.who.int/icd/release/11/mms/2014927218,1F2G.0,,- - - Pulmonary pneumocystosis,- - - Pneumocystose pulmonaire,category,2,False,01,"=hyperlink(""https://icd.who.int/browse/latestrelease/mms/en#2014927218"",""browser"")",True,True,BlockL1-1F2,,,,,,http://id.who.int/icd/entity/404370038,
851,2026-01,,http://id.who.int/icd/release/11/mms/404370038/unspecified,1F2G.Z,,"- - - Pneumocystosis, unspecified","- - - Pneumocystose, sans précision",category,2,True,01,"=hyperlink(""https://icd.who.int/browse/latestrelease/mms/en#404370038/mms/unspecified"",""browser"")",True,True,BlockL1-1F2,,,,,,http://id.who.int/icd/entity/404370038,
852,2026-01,http://id.who.int/icd/entity/807637046,http://id.who.int/icd/release/11/mms/807637046,1F2H,,- - Scedosporiosis,- - Scédosporiose,category,1,False,01,"=hyperlink(""https://icd.who.int/browse/latestrelease/mms/en#807637046"",""browser"")",True,True,BlockL1-1F2,,,,,,http://id.who.int/icd/entity/1939815950,
853,2026-01,http://id.who.int/icd/entity/579570784,http://id.who.int/icd/release/11/mms/579570784,1F2J,,- - Sporotrichosis,- - Sporotrichose,category,1,False,01,"=hyperlink(""https://icd.who.int/browse/latestrelease/mms/en#579570784"",""browser"")",False,True,BlockL1-1F2,,,,,,http://id.who.int/icd/entity/1939815950,
854,2026-01,http://id.who.int/icd/entity/768312788,http://id.who.int/icd/release/11/mms/768312788,1F2J.0,,- - - Lymphocutaneous sporotrichosis,- - - Sporotrichose lymphocutanée,category,2,False,01,"=hyperlink(""https://icd.who.int/browse/latestrelease/mms/en#768312788"",""browser"")",True,True,BlockL1-1F2,,,,,,http://id.who.int/icd/entity/579570784,
855,2026-01,http://id.who.int/icd/entity/1370512518,http://id.who.int/icd/release/11/mms/1370512518,1F2J.1,,- - - Fixed cutaneous sporotrichosis,- - - Sporotrichose cutanée fixe,category,2,False,01,"=hyperlink(""https://icd.who.int/browse/latestrelease/mms/en#1370512518"",""browser"")",True,True,BlockL1-1F2,,,,,,http://id.who.int/icd/entity/579570784,
856,2026-01,http://id.who.int/icd/entity/1229440796,http://id.who.int/icd/release/11/mms/1229440796,1F2J.2,,- - - Pulmonary sporotrichosis,- - - Sporotrichose pulmonaire,category,2,False,01,"=hyperlink(""https://icd.who.int/browse/latestrelease/mms/en#1229440796"",""browser"")",True,True,BlockL1-1F2,,,,,,http://id.who.int/icd/entity/579570784,
857,2026-01,http://id.who.int/icd/entity/984175752,http://id.who.int/icd/release/11/mms/984175752,1F2J.3,,- - - Disseminated sporotrichosis,- - - Sporotrichose disséminée,category,2,False,01,"=hyperlink(""https://icd.who.int/browse/latestrelease/mms/en#984175752"",""browser"")",True,True,BlockL1-1F2,,,,,,http://id.who.int/icd/entity/579570784,
858,2026-01,,http://id.who.int/icd/release/11/mms/579570784/other,1F2J.Y,,- - - Other specified sporotrichosis,- - - Autres sporotrichose,category,2,True,01,"=hyperlink(""https://icd.who.int/browse/latestrelease/mms/en#579570784/mms/other"",""browser"")",True,True,BlockL1-1F2,,,,,,http://id.who.int/icd/entity/579570784,
859,2026-01,,http://id.who.int/icd/release/11/mms/579570784/unspecified,1F2J.Z,,"- - - Sporotrichosis, unspecified","- - - Sporotrichose, sans précision",category,2,True,01,"=hyperlink(""https://icd.who.int/browse/latestrelease/mms/en#579570784/mms/unspecified"",""browser"")",True,True,BlockL1-1F2,,,,,,http://id.who.int/icd/entity/579570784,
860,2026-01,http://id.who.int/icd/entity/646368820,http://id.who.int/icd/release/11/mms/646368820,1F2K,,- - Talaromycosis,- - Talaromycose,category,1,False,01,"=hyperlink(""https://icd.who.int/browse/latestrelease/mms/en#646368820"",""browser"")",True,True,BlockL1-1F2,,,,,,http://id.who.int/icd/entity/1939815950,
861,2026-01,http://id.who.int/icd/entity/1357848258,http://id.who.int/icd/release/11/mms/1357848258,1F2L,,- - Emmonsiosis,- - Emmonsiose,category,1,False,01,"=hyperlink(""https://icd.who.int/browse/latestrelease/mms/en#1357848258"",""browser"")",False,True,BlockL1-1F2,,,,,,http://id.who.int/icd/entity/1939815950,
862,2026-01,http://id.who.int/icd/entity/210760879,http://id.who.int/icd/release/11/mms/210760879,1F2L.0,,- - - Disseminated adiaspiromycosis,- - - Adiaspiromycose disséminée,category,2,False,01,"=hyperlink(""https://icd.who.int/browse/latestrelease/mms/en#210760879"",""browser"")",True,True,BlockL1-1F2,,,,,,http://id.who.int/icd/entity/1357848258,
863,2026-01,http://id.who.int/icd/entity/1111587867,http://id.who.int/icd/release/11/mms/1111587867,1F2L.1,,- - - Pulmonary adiaspiromycosis,- - - Adiaspiromycose pulmonaire,category,2,False,01,"=hyperlink(""https://icd.who.int/browse/latestrelease/mms/en#1111587867"",""browser"")",True,True,BlockL1-1F2,,,,,,http://id.who.int/icd/entity/1357848258,
864,2026-01,,http://id.who.int/icd/release/11/mms/1357848258/other,1F2L.Y,,- - - Other specified emmonsiosis,- - - Autres emmonsiose,category,2,True,01,"=hyperlink(""https://icd.who.int/browse/latestrelease/mms/en#1357848258/mms/other"",""browser"")",True,True,BlockL1-1F2,,,,,,http://id.who.int/icd/entity/1357848258,
865,2026-01,,http://id.who.int/icd/release/11/mms/1357848258/unspecified,1F2L.Z,,"- - - Emmonsiosis, unspecified","- - - Emmonsiose, sans précision",category,2,True,01,"=hyperlink(""https://icd.who.int/browse/latestrelease/mms/en#1357848258/mms/unspecified"",""browser"")",True,True,BlockL1-1F2,,,,,,http://id.who.int/icd/entity/1357848258,
866,2026-01,,http://id.who.int/icd/release/11/mms/1939815950/other,1F2Y,,- - Other specified mycoses,- - Autres mycoses précisées,category,1,True,01,"=hyperlink(""https://icd.who.int/browse/latestrelease/mms/en#1939815950/mms/other"",""browser"")",True,True,BlockL1-1F2,,,,,,http://id.who.int/icd/entity/1939815950,
867,2026-01,,http://id.who.int/icd/release/11/mms/1939815950/unspecified,1F2Z,,"- - Mycoses, unspecified","- - Mycoses, sans précision",category,1,True,01,"=hyperlink(""https://icd.who.int/browse/latestrelease/mms/en#1939815950/mms/unspecified"",""browser"")",True,True,BlockL1-1F2,,,,,,http://id.who.int/icd/entity/1939815950,
868,2026-01,http://id.who.int/icd/entity/255141529,http://id.who.int/icd/release/11/mms/255141529,,BlockL1-1F4,- Parasitic diseases,- Maladies parasitaires,block,1,False,01,"=hyperlink(""https://icd.who.int/browse/latestrelease/mms/en#255141529"",""browser"")",False,,,,,,,,http://id.who.int/icd/entity/1435254666,
869,2026-01,http://id.who.int/icd/entity/1439886552,http://id.who.int/icd/release/11/mms/1439886552,,BlockL2-1F4,- - Malaria,- - Paludisme,block,2,False,01,"=hyperlink(""https://icd.who.int/browse/latestrelease/mms/en#1439886552"",""browser"")",False,,BlockL1-1F4,,,,,Dans les cas de paludisme mixte coder séparément tous les types correspondants.,http://id.who.int/icd/entity/255141529,
870,2026-01,http://id.who.int/icd/entity/579583286,http://id.who.int/icd/release/11/mms/579583286,1F40,,- - - Malaria due to Plasmodium falciparum,- - -,category,1,False,01,"=hyperlink(""https://icd.who.int/browse/latestrelease/mms/en#579583286"",""browser"")",False,True,BlockL1-1F4,BlockL2-1F4,,,,Comprend les infections mixtes à Plasmodium falciparum et autres espèces de Plasmodium.,http://id.who.int/icd/entity/1439886552,
871,2026-01,http://id.who.int/icd/entity/1143114898,http://id.who.int/icd/release/11/mms/1143114898,1F40.0,,- - - - Plasmodium falciparum malaria with cerebral complications,- - - - Paludisme à Plasmodium falciparum avec complications cérébrales,category,2,False,01,"=hyperlink(""https://icd.who.int/browse/latestrelease/mms/en#1143114898"",""browser"")",True,True,BlockL1-1F4,BlockL2-1F4,,,,,http://id.who.int/icd/entity/579583286,
872,2026-01,,http://id.who.int/icd/release/11/mms/579583286/other,1F40.Y,,- - - - Other severe or complicated Plasmodium falciparum malaria,- - - - Autres paludismes à Plasmodium falciparum sévères et compliqués,category,2,True,01,"=hyperlink(""https://icd.who.int/browse/latestrelease/mms/en#579583286/mms/other"",""browser"")",True,True,BlockL1-1F4,BlockL2-1F4,,,,,http://id.who.int/icd/entity/579583286,
873,2026-01,,http://id.who.int/icd/release/11/mms/579583286/unspecified,1F40.Z,,"- - - - Malaria due to Plasmodium falciparum, unspecified","- - - - Paludisme à Plasmodium falciparum, sans précision",category,2,True,01,"=hyperlink(""https://icd.who.int/browse/latestrelease/mms/en#579583286/mms/unspecified"",""browser"")",True,True,BlockL1-1F4,BlockL2-1F4,,,,,http://id.who.int/icd/entity/579583286,
874,2026-01,http://id.who.int/icd/entity/1203794080,http://id.who.int/icd/release/11/mms/1203794080,1F41,,- - - Malaria due to Plasmodium vivax,- - - Paludisme à Plasmodium vivax,category,1,False,01,"=hyperlink(""https://icd.who.int/browse/latestrelease/mms/en#1203794080"",""browser"")",False,True,BlockL1-1F4,BlockL2-1F4,,,,,http://id.who.int/icd/entity/1439886552,
875,2026-01,http://id.who.int/icd/entity/1490699283,http://id.who.int/icd/release/11/mms/1490699283,1F41.0,,- - - - Plasmodium vivax malaria with rupture of spleen,"- - - - Paludisme à Plasmodium vivax, avec rupture de la rate",category,2,False,01,"=hyperlink(""https://icd.who.int/browse/latestrelease/mms/en#1490699283"",""browser"")",True,True,BlockL1-1F4,BlockL2-1F4,,,,,http://id.who.int/icd/entity/1203794080,
876,2026-01,,http://id.who.int/icd/release/11/mms/1203794080/other,1F41.Y,,- - - - Malaria due to Plasmodium vivax with other complications,"- - - - Paludisme à Plasmodium vivax, avec autres complications",category,2,True,01,"=hyperlink(""https://icd.who.int/browse/latestrelease/mms/en#1203794080/mms/other"",""browser"")",True,True,BlockL1-1F4,BlockL2-1F4,,,,,http://id.who.int/icd/entity/1203794080,
877,2026-01,,http://id.who.int/icd/release/11/mms/1203794080/unspecified,1F41.Z,,- - - - Plasmodium vivax malaria without complication,"- - - - Paludisme à Plasmodium vivax, sans complication",category,2,True,01,"=hyperlink(""https://icd.who.int/browse/latestrelease/mms/en#1203794080/mms/unspecified"",""browser"")",True,True,BlockL1-1F4,BlockL2-1F4,,,,,http://id.who.int/icd/entity/1203794080,
878,2026-01,http://id.who.int/icd/entity/862789727,http://id.who.int/icd/release/11/mms/862789727,1F42,,- - - Malaria due to Plasmodium malariae,- - - Paludisme à Plasmodium malariae,category,1,False,01,"=hyperlink(""https://icd.who.int/browse/latestrelease/mms/en#862789727"",""browser"")",False,True,BlockL1-1F4,BlockL2-1F4,,,,,http://id.who.int/icd/entity/1439886552,
879,2026-01,http://id.who.int/icd/entity/1499325485,http://id.who.int/icd/release/11/mms/1499325485,1F42.0,,- - - - Plasmodium malariae malaria with nephropathy,"- - - - Paludisme à Plasmodium malariæ, avec atteinte rénale",category,2,False,01,"=hyperlink(""https://icd.who.int/browse/latestrelease/mms/en#1499325485"",""browser"")",True,True,BlockL1-1F4,BlockL2-1F4,,,,,http://id.who.int/icd/entity/862789727,
880,2026-01,,http://id.who.int/icd/release/11/mms/862789727/other,1F42.Y,,- - - - Malaria due to Plasmodium malariae with other complications,"- - - - Paludisme à Plasmodium malariae, avec d'autres complications",category,2,True,01,"=hyperlink(""https://icd.who.int/browse/latestrelease/mms/en#862789727/mms/other"",""browser"")",True,True,BlockL1-1F4,BlockL2-1F4,,,,,http://id.who.int/icd/entity/862789727,
881,2026-01,,http://id.who.int/icd/release/11/mms/862789727/unspecified,1F42.Z,,- - - - Plasmodium malariae malaria without complication,- - - - Paludisme à Plasmodium malariae sans complication,category,2,True,01,"=hyperlink(""https://icd.who.int/browse/latestrelease/mms/en#862789727/mms/unspecified"",""browser"")",True,True,BlockL1-1F4,BlockL2-1F4,,,,,http://id.who.int/icd/entity/862789727,
882,2026-01,http://id.who.int/icd/entity/1168452782,http://id.who.int/icd/release/11/mms/1168452782,1F43,,- - - Malaria due to Plasmodium ovale,- - - Paludisme à Plasmodium ovale,category,1,False,01,"=hyperlink(""https://icd.who.int/browse/latestrelease/mms/en#1168452782"",""browser"")",True,True,BlockL1-1F4,BlockL2-1F4,,,,,http://id.who.int/icd/entity/1439886552,
883,2026-01,http://id.who.int/icd/entity/1260563068,http://id.who.int/icd/release/11/mms/1260563068,1F44,,- - - Other parasitologically confirmed malaria,- - - Autres paludismes confirmés par examen parasitologique,category,1,False,01,"=hyperlink(""https://icd.who.int/browse/latestrelease/mms/en#1260563068"",""browser"")",True,True,BlockL1-1F4,BlockL2-1F4,,,,,http://id.who.int/icd/entity/1439886552,
884,2026-01,http://id.who.int/icd/entity/633896543,http://id.who.int/icd/release/11/mms/633896543,1F45,,- - - Malaria without parasitological confirmation,- - - Paludisme sans confirmation parasitologique,category,1,False,01,"=hyperlink(""https://icd.who.int/browse/latestrelease/mms/en#633896543"",""browser"")",True,True,BlockL1-1F4,BlockL2-1F4,,,,,http://id.who.int/icd/entity/1439886552,
885,2026-01,,http://id.who.int/icd/release/11/mms/1439886552/unspecified,1F4Z,,"- - - Malaria, unspecified","- - - Paludisme, sans précision",category,1,True,01,"=hyperlink(""https://icd.who.int/browse/latestrelease/mms/en#1439886552/mms/unspecified"",""browser"")",True,True,BlockL1-1F4,BlockL2-1F4,,,,,http://id.who.int/icd/entity/1439886552,
886,2026-01,http://id.who.int/icd/entity/817691561,http://id.who.int/icd/release/11/mms/817691561,,BlockL2-1F5,- - Nonintestinal protozoal diseases,- - Maladies non-intestinales à protozoaires,block,2,False,01,"=hyperlink(""https://icd.who.int/browse/latestrelease/mms/en#817691561"",""browser"")",False,,BlockL1-1F4,,,,,,http://id.who.int/icd/entity/255141529,
887,2026-01,http://id.who.int/icd/entity/289875029,http://id.who.int/icd/release/11/mms/289875029,1F50,,- - - Acanthamoebiasis,- - - Acanthamœbiose,category,1,False,01,"=hyperlink(""https://icd.who.int/browse/latestrelease/mms/en#289875029"",""browser"")",True,True,BlockL1-1F4,BlockL2-1F5,,,,,http://id.who.int/icd/entity/817691561,
888,2026-01,http://id.who.int/icd/entity/875488052,http://id.who.int/icd/release/11/mms/875488052,1F51,,- - - African trypanosomiasis,- - - Trypanosomiase africaine,category,1,False,01,"=hyperlink(""https://icd.who.int/browse/latestrelease/mms/en#875488052"",""browser"")",False,True,BlockL1-1F4,BlockL2-1F5,,,,,http://id.who.int/icd/entity/817691561,
889,2026-01,http://id.who.int/icd/entity/1671640403,http://id.who.int/icd/release/11/mms/1671640403,1F51.0,,- - - - Gambiense trypanosomiasis,- - - - Trypanosomiase gambienne,category,2,False,01,"=hyperlink(""https://icd.who.int/browse/latestrelease/mms/en#1671640403"",""browser"")",False,True,BlockL1-1F4,BlockL2-1F5,,,,,http://id.who.int/icd/entity/875488052,
890,2026-01,http://id.who.int/icd/entity/1842725899,http://id.who.int/icd/release/11/mms/1842725899,1F51.00,,- - - - - Meningitis in Gambiense trypanosomiasis,- - - - - Méningite à trypanosomiase gambienne,category,3,False,01,"=hyperlink(""https://icd.who.int/browse/latestrelease/mms/en#1842725899"",""browser"")",True,True,BlockL1-1F4,BlockL2-1F5,,,,,http://id.who.int/icd/entity/1671640403,
891,2026-01,,http://id.who.int/icd/release/11/mms/1671640403/other,1F51.0Y,,- - - - - Other specified gambiense trypanosomiasis,- - - - - Autres trypanosomiase gambienne,category,3,True,01,"=hyperlink(""https://icd.who.int/browse/latestrelease/mms/en#1671640403/mms/other"",""browser"")",True,True,BlockL1-1F4,BlockL2-1F5,,,,,http://id.who.int/icd/entity/1671640403,
892,2026-01,,http://id.who.int/icd/release/11/mms/1671640403/unspecified,1F51.0Z,,"- - - - - Gambiense trypanosomiasis, unspecified","- - - - - Trypanosomiase gambienne, sans précision",category,3,True,01,"=hyperlink(""https://icd.who.int/browse/latestrelease/mms/en#1671640403/mms/unspecified"",""browser"")",True,True,BlockL1-1F4,BlockL2-1F5,,,,,http://id.who.int/icd/entity/1671640403,
893,2026-01,http://id.who.int/icd/entity/115931335,http://id.who.int/icd/release/11/mms/115931335,1F51.1,,- - - - Rhodesiense trypanosomiasis,- - - - Trypanosomiase Rhodesiense,category,2,False,01,"=hyperlink(""https://icd.who.int/browse/latestrelease/mms/en#115931335"",""browser"")",False,True,BlockL1-1F4,BlockL2-1F5,,,,,http://id.who.int/icd/entity/875488052,
894,2026-01,http://id.who.int/icd/entity/1630119630,http://id.who.int/icd/release/11/mms/1630119630,1F51.10,,- - - - - Meningitis in Rhodesiense trypanosomiasis,- - - - - Méningite de la trypanosomose à Rhodesiense,category,3,False,01,"=hyperlink(""https://icd.who.int/browse/latestrelease/mms/en#1630119630"",""browser"")",True,True,BlockL1-1F4,BlockL2-1F5,,,,,http://id.who.int/icd/entity/115931335,
895,2026-01,,http://id.who.int/icd/release/11/mms/115931335/other,1F51.1Y,,- - - - - Other specified rhodesiense trypanosomiasis,- - - - - Autres trypanosomiase Rhodesiense,category,3,True,01,"=hyperlink(""https://icd.who.int/browse/latestrelease/mms/en#115931335/mms/other"",""browser"")",True,True,BlockL1-1F4,BlockL2-1F5,,,,,http://id.who.int/icd/entity/115931335,
896,2026-01,,http://id.who.int/icd/release/11/mms/115931335/unspecified,1F51.1Z,,"- - - - - Rhodesiense trypanosomiasis, unspecified","- - - - - Trypanosomiase Rhodesiense, sans précision",category,3,True,01,"=hyperlink(""https://icd.who.int/browse/latestrelease/mms/en#115931335/mms/unspecified"",""browser"")",True,True,BlockL1-1F4,BlockL2-1F5,,,,,http://id.who.int/icd/entity/115931335,
897,2026-01,,http://id.who.int/icd/release/11/mms/875488052/other,1F51.Y,,- - - - Other specified african trypanosomiasis,- - - - Autres trypanosomiase africaine,category,2,True,01,"=hyperlink(""https://icd.who.int/browse/latestrelease/mms/en#875488052/mms/other"",""browser"")",True,True,BlockL1-1F4,BlockL2-1F5,,,,,http://id.who.int/icd/entity/875488052,
898,2026-01,,http://id.who.int/icd/release/11/mms/875488052/unspecified,1F51.Z,,"- - - - African trypanosomiasis, unspecified","- - - - Trypanosomiase africaine, sans précision",category,2,True,01,"=hyperlink(""https://icd.who.int/browse/latestrelease/mms/en#875488052/mms/unspecified"",""browser"")",True,True,BlockL1-1F4,BlockL2-1F5,,,,,http://id.who.int/icd/entity/875488052,
899,2026-01,http://id.who.int/icd/entity/1947003329,http://id.who.int/icd/release/11/mms/1947003329,1F52,,- - - Babesiosis,- - - Babésiose,category,1,False,01,"=hyperlink(""https://icd.who.int/browse/latestrelease/mms/en#1947003329"",""browser"")",True,True,BlockL1-1F4,BlockL2-1F5,,,,,http://id.who.int/icd/entity/817691561,
900,2026-01,http://id.who.int/icd/entity/1365585570,http://id.who.int/icd/release/11/mms/1365585570,1F53,,- - - Chagas disease,- - - Maladie de Chagas,category,1,False,01,"=hyperlink(""https://icd.who.int/browse/latestrelease/mms/en#1365585570"",""browser"")",False,True,BlockL1-1F4,BlockL2-1F5,,,,,http://id.who.int/icd/entity/817691561,
901,2026-01,http://id.who.int/icd/entity/437268550,http://id.who.int/icd/release/11/mms/437268550,1F53.1,,- - - - Acute Chagas disease without heart involvement,- - - - Maladie de Chagas aigüe sans atteinte cardiaque,category,2,False,01,"=hyperlink(""https://icd.who.int/browse/latestrelease/mms/en#437268550"",""browser"")",True,True,BlockL1-1F4,BlockL2-1F5,,,,,http://id.who.int/icd/entity/1365585570,
902,2026-01,http://id.who.int/icd/entity/1857904825,http://id.who.int/icd/release/11/mms/1857904825,1F53.2,,- - - - Chronic Chagas disease with heart involvement,- - - - Maladie de Chagas chronique avec atteinte cardiaque,category,2,False,01,"=hyperlink(""https://icd.who.int/browse/latestrelease/mms/en#1857904825"",""browser"")",True,True,BlockL1-1F4,BlockL2-1F5,,,,,http://id.who.int/icd/entity/1365585570,
903,2026-01,http://id.who.int/icd/entity/200715565,http://id.who.int/icd/release/11/mms/200715565,1F53.3,,- - - - Chagas disease with digestive system involvement,- - - - Maladie de Chagas avec atteinte du système digestif,category,2,False,01,"=hyperlink(""https://icd.who.int/browse/latestrelease/mms/en#200715565"",""browser"")",True,True,BlockL1-1F4,BlockL2-1F5,,,,,http://id.who.int/icd/entity/1365585570,
904,2026-01,http://id.who.int/icd/entity/1279577094,http://id.who.int/icd/release/11/mms/1279577094,1F53.4,,- - - - Meningitis in Chagas disease,- - - - Méningite au cours de la maladie de Chagas,category,2,False,01,"=hyperlink(""https://icd.who.int/browse/latestrelease/mms/en#1279577094"",""browser"")",True,True,BlockL1-1F4,BlockL2-1F5,,,,,http://id.who.int/icd/entity/1365585570,
905,2026-01,,http://id.who.int/icd/release/11/mms/1365585570/other,1F53.Y,,- - - - Other specified Chagas disease,- - - - Autres maladie de Chagas,category,2,True,01,"=hyperlink(""https://icd.who.int/browse/latestrelease/mms/en#1365585570/mms/other"",""browser"")",True,True,BlockL1-1F4,BlockL2-1F5,,,,,http://id.who.int/icd/entity/1365585570,
906,2026-01,,http://id.who.int/icd/release/11/mms/1365585570/unspecified,1F53.Z,,"- - - - Chagas disease, unspecified","- - - - Maladie de Chagas, sans précision",category,2,True,01,"=hyperlink(""https://icd.who.int/browse/latestrelease/mms/en#1365585570/mms/unspecified"",""browser"")",True,True,BlockL1-1F4,BlockL2-1F5,,,,,http://id.who.int/icd/entity/1365585570,
907,2026-01,http://id.who.int/icd/entity/1082373067,http://id.who.int/icd/release/11/mms/1082373067,1F54,,- - - Leishmaniasis,- - - Leishmaniose,category,1,False,01,"=hyperlink(""https://icd.who.int/browse/latestrelease/mms/en#1082373067"",""browser"")",False,True,BlockL1-1F4,BlockL2-1F5,,,,,http://id.who.int/icd/entity/817691561,
908,2026-01,http://id.who.int/icd/entity/1646564717,http://id.who.int/icd/release/11/mms/1646564717,1F54.0,,- - - - Visceral leishmaniasis,- - - - Leishmaniose viscérale,category,2,False,01,"=hyperlink(""https://icd.who.int/browse/latestrelease/mms/en#1646564717"",""browser"")",True,True,BlockL1-1F4,BlockL2-1F5,,,,,http://id.who.int/icd/entity/1082373067,
909,2026-01,http://id.who.int/icd/entity/124737785,http://id.who.int/icd/release/11/mms/124737785,1F54.1,,- - - - Cutaneous leishmaniasis,- - - - Leishmaniose cutanée,category,2,False,01,"=hyperlink(""https://icd.who.int/browse/latestrelease/mms/en#124737785"",""browser"")",True,True,BlockL1-1F4,BlockL2-1F5,,,,,http://id.who.int/icd/entity/1082373067,
910,2026-01,http://id.who.int/icd/entity/1942095878,http://id.who.int/icd/release/11/mms/1942095878,1F54.2,,- - - - Mucocutaneous leishmaniasis,- - - - Leishmaniose cutanéomuqueuse,category,2,False,01,"=hyperlink(""https://icd.who.int/browse/latestrelease/mms/en#1942095878"",""browser"")",True,True,BlockL1-1F4,BlockL2-1F5,,,,,http://id.who.int/icd/entity/1082373067,
911,2026-01,,http://id.who.int/icd/release/11/mms/1082373067/unspecified,1F54.Z,,"- - - - Leishmaniasis, unspecified","- - - - Leishmaniose, sans précision",category,2,True,01,"=hyperlink(""https://icd.who.int/browse/latestrelease/mms/en#1082373067/mms/unspecified"",""browser"")",True,True,BlockL1-1F4,BlockL2-1F5,,,,,http://id.who.int/icd/entity/1082373067,
912,2026-01,http://id.who.int/icd/entity/1709864108,http://id.who.int/icd/release/11/mms/1709864108,1F55,,- - - Naegleriasis,- - - Næglériose,category,1,False,01,"=hyperlink(""https://icd.who.int/browse/latestrelease/mms/en#1709864108"",""browser"")",True,True,BlockL1-1F4,BlockL2-1F5,,,,,http://id.who.int/icd/entity/817691561,
913,2026-01,http://id.who.int/icd/entity/1150206155,http://id.who.int/icd/release/11/mms/1150206155,1F56,,- - - Rhinosporidiosis,- - - Rhinosporidiose,category,1,False,01,"=hyperlink(""https://icd.who.int/browse/latestrelease/mms/en#1150206155"",""browser"")",True,True,BlockL1-1F4,BlockL2-1F5,,,,,http://id.who.int/icd/entity/817691561,
914,2026-01,http://id.who.int/icd/entity/738999268,http://id.who.int/icd/release/11/mms/738999268,1F57,,- - - Toxoplasmosis,- - - Toxoplasmose,category,1,False,01,"=hyperlink(""https://icd.who.int/browse/latestrelease/mms/en#738999268"",""browser"")",False,True,BlockL1-1F4,BlockL2-1F5,,,,,http://id.who.int/icd/entity/817691561,
915,2026-01,http://id.who.int/icd/entity/1419043836,http://id.who.int/icd/release/11/mms/1419043836,1F57.0,,- - - - Hepatitis due to Toxoplasma gondii,- - - - Hépatite due à Toxoplasma gondii,category,2,False,01,"=hyperlink(""https://icd.who.int/browse/latestrelease/mms/en#1419043836"",""browser"")",True,True,BlockL1-1F4,BlockL2-1F5,,,,,http://id.who.int/icd/entity/738999268,
916,2026-01,http://id.who.int/icd/entity/540652293,http://id.who.int/icd/release/11/mms/540652293,1F57.1,,- - - - Meningoencephalitis due to Toxoplasma gondii,- - - - Méningoencéphalite due à Toxoplasma gondii,category,2,False,01,"=hyperlink(""https://icd.who.int/browse/latestrelease/mms/en#540652293"",""browser"")",True,True,BlockL1-1F4,BlockL2-1F5,,,,,http://id.who.int/icd/entity/738999268,
917,2026-01,http://id.who.int/icd/entity/1165131409,http://id.who.int/icd/release/11/mms/1165131409,1F57.2,,- - - - Pulmonary toxoplasmosis due to Toxoplasma gondii,- - - - Toxoplasmose pulmonaire due à Toxoplasma gondii,category,2,False,01,"=hyperlink(""https://icd.who.int/browse/latestrelease/mms/en#1165131409"",""browser"")",True,True,BlockL1-1F4,BlockL2-1F5,,,,,http://id.who.int/icd/entity/738999268,
918,2026-01,http://id.who.int/icd/entity/836709998,http://id.who.int/icd/release/11/mms/836709998,1F57.3,,- - - - Eye disease due to Toxoplasma gondii,- - - - Maladie des yeux due à Toxoplasma gondii,category,2,False,01,"=hyperlink(""https://icd.who.int/browse/latestrelease/mms/en#836709998"",""browser"")",True,True,BlockL1-1F4,BlockL2-1F5,,,,,http://id.who.int/icd/entity/738999268,
919,2026-01,,http://id.who.int/icd/release/11/mms/738999268/other,1F57.Y,,- - - - Other specified toxoplasmosis,- - - - Autres toxoplasmose,category,2,True,01,"=hyperlink(""https://icd.who.int/browse/latestrelease/mms/en#738999268/mms/other"",""browser"")",True,True,BlockL1-1F4,BlockL2-1F5,,,,,http://id.who.int/icd/entity/738999268,
920,2026-01,,http://id.who.int/icd/release/11/mms/738999268/unspecified,1F57.Z,,"- - - - Toxoplasmosis, unspecified","- - - - Toxoplasmose, sans précision",category,2,True,01,"=hyperlink(""https://icd.who.int/browse/latestrelease/mms/en#738999268/mms/unspecified"",""browser"")",True,True,BlockL1-1F4,BlockL2-1F5,,,,,http://id.who.int/icd/entity/738999268,
921,2026-01,http://id.who.int/icd/entity/1021483422,http://id.who.int/icd/release/11/mms/1021483422,1F58,,- - - Microsporidiosis,- - - Microsporidiose,category,1,False,01,"=hyperlink(""https://icd.who.int/browse/latestrelease/mms/en#1021483422"",""browser"")",True,True,BlockL1-1F4,BlockL2-1F5,,,,,http://id.who.int/icd/entity/817691561,
922,2026-01,,http://id.who.int/icd/release/11/mms/817691561/unspecified,1F5Z,,- - - Unspecified protozoal disease,"- - - Maladies non-intestinales à protozoaires, sans précision",category,1,True,01,"=hyperlink(""https://icd.who.int/browse/latestrelease/mms/en#817691561/mms/unspecified"",""browser"")",True,True,BlockL1-1F4,BlockL2-1F5,,,,,http://id.who.int/icd/entity/817691561,
923,2026-01,http://id.who.int/icd/entity/1786908147,http://id.who.int/icd/release/11/mms/1786908147,,BlockL2-1F6,- - Helminthiases,- - Helminthiases,block,2,False,01,"=hyperlink(""https://icd.who.int/browse/latestrelease/mms/en#1786908147"",""browser"")",False,,BlockL1-1F4,,,,,,http://id.who.int/icd/entity/255141529,
924,2026-01,http://id.who.int/icd/entity/574051646,http://id.who.int/icd/release/11/mms/574051646,,BlockL3-1F6,- - - Diseases due to nematodes,- - - Maladies dues aux nématodes,block,3,False,01,"=hyperlink(""https://icd.who.int/browse/latestrelease/mms/en#574051646"",""browser"")",False,,BlockL1-1F4,BlockL2-1F6,,,,,http://id.who.int/icd/entity/1786908147,
925,2026-01,http://id.who.int/icd/entity/1768378720,http://id.who.int/icd/release/11/mms/1768378720,1F60,,- - - - Angiostrongyliasis,- - - - Angiostrongylose,category,1,False,01,"=hyperlink(""https://icd.who.int/browse/latestrelease/mms/en#1768378720"",""browser"")",False,True,BlockL1-1F4,BlockL2-1F6,BlockL3-1F6,,,,http://id.who.int/icd/entity/574051646,
926,2026-01,http://id.who.int/icd/entity/1884500763,http://id.who.int/icd/release/11/mms/1884500763,1F60.0,,- - - - - Eosinophilic meningitis due to Angiostrongylus cantonensis,- - - - - Méningite à éosinophiles due à Angiostrongylus cantonensis,category,2,False,01,"=hyperlink(""https://icd.who.int/browse/latestrelease/mms/en#1884500763"",""browser"")",True,True,BlockL1-1F4,BlockL2-1F6,BlockL3-1F6,,,,http://id.who.int/icd/entity/1768378720,
927,2026-01,http://id.who.int/icd/entity/53173615,http://id.who.int/icd/release/11/mms/53173615,1F60.1,,- - - - - Intestinal angiostrongyliasis,- - - - - Angiostrongylose intestinale,category,2,False,01,"=hyperlink(""https://icd.who.int/browse/latestrelease/mms/en#53173615"",""browser"")",True,True,BlockL1-1F4,BlockL2-1F6,BlockL3-1F6,,,,http://id.who.int/icd/entity/1768378720,
928,2026-01,,http://id.who.int/icd/release/11/mms/1768378720/other,1F60.Y,,- - - - - Other specified angiostrongyliasis,- - - - - Autres angiostrongylose,category,2,True,01,"=hyperlink(""https://icd.who.int/browse/latestrelease/mms/en#1768378720/mms/other"",""browser"")",True,True,BlockL1-1F4,BlockL2-1F6,BlockL3-1F6,,,,http://id.who.int/icd/entity/1768378720,
929,2026-01,,http://id.who.int/icd/release/11/mms/1768378720/unspecified,1F60.Z,,"- - - - - Angiostrongyliasis, unspecified","- - - - - Angiostrongylose, sans précision",category,2,True,01,"=hyperlink(""https://icd.who.int/browse/latestrelease/mms/en#1768378720/mms/unspecified"",""browser"")",True,True,BlockL1-1F4,BlockL2-1F6,BlockL3-1F6,,,,http://id.who.int/icd/entity/1768378720,
930,2026-01,http://id.who.int/icd/entity/2005274000,http://id.who.int/icd/release/11/mms/2005274000,1F61,,- - - - Anisakiasis,- - - - Anisakiase,category,1,False,01,"=hyperlink(""https://icd.who.int/browse/latestrelease/mms/en#2005274000"",""browser"")",True,True,BlockL1-1F4,BlockL2-1F6,BlockL3-1F6,,,,http://id.who.int/icd/entity/574051646,
931,2026-01,http://id.who.int/icd/entity/17842540,http://id.who.int/icd/release/11/mms/17842540,1F62,,- - - - Ascariasis,- - - - Ascaridiose,category,1,False,01,"=hyperlink(""https://icd.who.int/browse/latestrelease/mms/en#17842540"",""browser"")",True,True,BlockL1-1F4,BlockL2-1F6,BlockL3-1F6,,,,http://id.who.int/icd/entity/574051646,
932,2026-01,http://id.who.int/icd/entity/839653996,http://id.who.int/icd/release/11/mms/839653996,1F63,,- - - - Capillariasis,- - - - Capillariose,category,1,False,01,"=hyperlink(""https://icd.who.int/browse/latestrelease/mms/en#839653996"",""browser"")",False,True,BlockL1-1F4,BlockL2-1F6,BlockL3-1F6,,,,http://id.who.int/icd/entity/574051646,
933,2026-01,http://id.who.int/icd/entity/315473926,http://id.who.int/icd/release/11/mms/315473926,1F63.0,,- - - - - Capillariasis of the intestine,- - - - - Capillariose de l'intestin,category,2,False,01,"=hyperlink(""https://icd.who.int/browse/latestrelease/mms/en#315473926"",""browser"")",True,True,BlockL1-1F4,BlockL2-1F6,BlockL3-1F6,,,,http://id.who.int/icd/entity/839653996,
934,2026-01,,http://id.who.int/icd/release/11/mms/839653996/other,1F63.Y,,- - - - - Other specified capillariasis,- - - - - Autres capillariose,category,2,True,01,"=hyperlink(""https://icd.who.int/browse/latestrelease/mms/en#839653996/mms/other"",""browser"")",True,True,BlockL1-1F4,BlockL2-1F6,BlockL3-1F6,,,,http://id.who.int/icd/entity/839653996,
935,2026-01,,http://id.who.int/icd/release/11/mms/839653996/unspecified,1F63.Z,,"- - - - - Capillariasis, unspecified","- - - - - Capillariose, sans précision",category,2,True,01,"=hyperlink(""https://icd.who.int/browse/latestrelease/mms/en#839653996/mms/unspecified"",""browser"")",True,True,BlockL1-1F4,BlockL2-1F6,BlockL3-1F6,,,,http://id.who.int/icd/entity/839653996,
936,2026-01,http://id.who.int/icd/entity/1662537619,http://id.who.int/icd/release/11/mms/1662537619,1F64,,- - - - Dracunculiasis,- - - - Dracunculose,category,1,False,01,"=hyperlink(""https://icd.who.int/browse/latestrelease/mms/en#1662537619"",""browser"")",True,True,BlockL1-1F4,BlockL2-1F6,BlockL3-1F6,,,,http://id.who.int/icd/entity/574051646,
937,2026-01,http://id.who.int/icd/entity/580098307,http://id.who.int/icd/release/11/mms/580098307,1F65,,- - - - Enterobiasis,- - - - Entérobiase,category,1,False,01,"=hyperlink(""https://icd.who.int/browse/latestrelease/mms/en#580098307"",""browser"")",True,True,BlockL1-1F4,BlockL2-1F6,BlockL3-1F6,,,,http://id.who.int/icd/entity/574051646,
938,2026-01,http://id.who.int/icd/entity/1975325075,http://id.who.int/icd/release/11/mms/1975325075,1F66,,- - - - Filariasis,- - - - Filariose,category,1,False,01,"=hyperlink(""https://icd.who.int/browse/latestrelease/mms/en#1975325075"",""browser"")",False,True,BlockL1-1F4,BlockL2-1F6,BlockL3-1F6,,,,http://id.who.int/icd/entity/574051646,
939,2026-01,http://id.who.int/icd/entity/709184369,http://id.who.int/icd/release/11/mms/709184369,1F66.0,,- - - - - Loiasis,- - - - - Loase,category,2,False,01,"=hyperlink(""https://icd.who.int/browse/latestrelease/mms/en#709184369"",""browser"")",True,True,BlockL1-1F4,BlockL2-1F6,BlockL3-1F6,,,,http://id.who.int/icd/entity/1975325075,
940,2026-01,http://id.who.int/icd/entity/1504434405,http://id.who.int/icd/release/11/mms/1504434405,1F66.1,,- - - - - Mansonelliasis,- - - - - Mansonellose,category,2,False,01,"=hyperlink(""https://icd.who.int/browse/latestrelease/mms/en#1504434405"",""browser"")",True,True,BlockL1-1F4,BlockL2-1F6,BlockL3-1F6,,,,http://id.who.int/icd/entity/1975325075,
941,2026-01,http://id.who.int/icd/entity/1373005257,http://id.who.int/icd/release/11/mms/1373005257,1F66.2,,- - - - - Filariasis due to Brugia species,- - - - - Filariose due à l'espèce Brugia,category,2,False,01,"=hyperlink(""https://icd.who.int/browse/latestrelease/mms/en#1373005257"",""browser"")",True,True,BlockL1-1F4,BlockL2-1F6,BlockL3-1F6,,,,http://id.who.int/icd/entity/1975325075,
942,2026-01,http://id.who.int/icd/entity/247221550,http://id.who.int/icd/release/11/mms/247221550,1F66.3,,- - - - - Lymphatic filariasis,- - - - - Filariose lymphatique,category,2,False,01,"=hyperlink(""https://icd.who.int/browse/latestrelease/mms/en#247221550"",""browser"")",False,True,BlockL1-1F4,BlockL2-1F6,BlockL3-1F6,,,,http://id.who.int/icd/entity/1975325075,
943,2026-01,http://id.who.int/icd/entity/1592269710,http://id.who.int/icd/release/11/mms/1592269710,1F66.30,,- - - - - - Filariasis due to Wuchereria bancrofti,- - - - - - Filariose due à Wuchereria bancrofti,category,3,False,01,"=hyperlink(""https://icd.who.int/browse/latestrelease/mms/en#1592269710"",""browser"")",True,True,BlockL1-1F4,BlockL2-1F6,BlockL3-1F6,,,,http://id.who.int/icd/entity/247221550,
944,2026-01,http://id.who.int/icd/entity/1000592924,http://id.who.int/icd/release/11/mms/1000592924,1F66.31,,- - - - - - Filariasis due to Brugia malayi,- - - - - - Filariose due à Brugia malayi,category,3,False,01,"=hyperlink(""https://icd.who.int/browse/latestrelease/mms/en#1000592924"",""browser"")",True,True,BlockL1-1F4,BlockL2-1F6,BlockL3-1F6,,,,http://id.who.int/icd/entity/247221550,
945,2026-01,http://id.who.int/icd/entity/1326352101,http://id.who.int/icd/release/11/mms/1326352101,1F66.32,,- - - - - - Filariasis due to Brugia timori,- - - - - - Filariose due à Brugia timori,category,3,False,01,"=hyperlink(""https://icd.who.int/browse/latestrelease/mms/en#1326352101"",""browser"")",True,True,BlockL1-1F4,BlockL2-1F6,BlockL3-1F6,,,,http://id.who.int/icd/entity/247221550,
946,2026-01,,http://id.who.int/icd/release/11/mms/247221550/unspecified,1F66.3Z,,"- - - - - - Lymphatic filariasis, unspecified","- - - - - - Filariose lymphatique, sans précision",category,3,True,01,"=hyperlink(""https://icd.who.int/browse/latestrelease/mms/en#247221550/mms/unspecified"",""browser"")",True,True,BlockL1-1F4,BlockL2-1F6,BlockL3-1F6,,,,http://id.who.int/icd/entity/247221550,
947,2026-01,http://id.who.int/icd/entity/813571137,http://id.who.int/icd/release/11/mms/813571137,1F66.4,,- - - - - Subcutaneous dirofilariasis,- - - - - Dirofilariose souscutanée,category,2,False,01,"=hyperlink(""https://icd.who.int/browse/latestrelease/mms/en#813571137"",""browser"")",True,True,BlockL1-1F4,BlockL2-1F6,BlockL3-1F6,,,,http://id.who.int/icd/entity/1975325075,
948,2026-01,,http://id.who.int/icd/release/11/mms/1975325075/other,1F66.Y,,- - - - - Other specified filariasis,- - - - - Autres filariose,category,2,True,01,"=hyperlink(""https://icd.who.int/browse/latestrelease/mms/en#1975325075/mms/other"",""browser"")",True,True,BlockL1-1F4,BlockL2-1F6,BlockL3-1F6,,,,http://id.who.int/icd/entity/1975325075,
949,2026-01,,http://id.who.int/icd/release/11/mms/1975325075/unspecified,1F66.Z,,"- - - - - Filariasis, unspecified","- - - - - Filariose, sans précision",category,2,True,01,"=hyperlink(""https://icd.who.int/browse/latestrelease/mms/en#1975325075/mms/unspecified"",""browser"")",True,True,BlockL1-1F4,BlockL2-1F6,BlockL3-1F6,,,,http://id.who.int/icd/entity/1975325075,
950,2026-01,http://id.who.int/icd/entity/263366843,http://id.who.int/icd/release/11/mms/263366843,1F67,,- - - - Gnathostomiasis,- - - - Gnathostomose,category,1,False,01,"=hyperlink(""https://icd.who.int/browse/latestrelease/mms/en#263366843"",""browser"")",True,True,BlockL1-1F4,BlockL2-1F6,BlockL3-1F6,,,,http://id.who.int/icd/entity/574051646,
951,2026-01,http://id.who.int/icd/entity/1133998897,http://id.who.int/icd/release/11/mms/1133998897,1F68,,- - - - Hookworm diseases,- - - - Maladies des ankylostomes,category,1,False,01,"=hyperlink(""https://icd.who.int/browse/latestrelease/mms/en#1133998897"",""browser"")",False,True,BlockL1-1F4,BlockL2-1F6,BlockL3-1F6,,,,http://id.who.int/icd/entity/574051646,
952,2026-01,http://id.who.int/icd/entity/1542252776,http://id.who.int/icd/release/11/mms/1542252776,1F68.0,,- - - - - Ancylostomiasis,- - - - - Ancylostomose,category,2,False,01,"=hyperlink(""https://icd.who.int/browse/latestrelease/mms/en#1542252776"",""browser"")",True,True,BlockL1-1F4,BlockL2-1F6,BlockL3-1F6,,,,http://id.who.int/icd/entity/1133998897,
953,2026-01,http://id.who.int/icd/entity/652000933,http://id.who.int/icd/release/11/mms/652000933,1F68.1,,- - - - - Necatoriasis,- - - - - Nécatorose,category,2,False,01,"=hyperlink(""https://icd.who.int/browse/latestrelease/mms/en#652000933"",""browser"")",True,True,BlockL1-1F4,BlockL2-1F6,BlockL3-1F6,,,,http://id.who.int/icd/entity/1133998897,
954,2026-01,http://id.who.int/icd/entity/657025682,http://id.who.int/icd/release/11/mms/657025682,1F68.2,,- - - - - Cutaneous larva migrans,- - - - - Larva migrans cutanée,category,2,False,01,"=hyperlink(""https://icd.who.int/browse/latestrelease/mms/en#657025682"",""browser"")",True,True,BlockL1-1F4,BlockL2-1F6,BlockL3-1F6,,,,http://id.who.int/icd/entity/1133998897,
955,2026-01,,http://id.who.int/icd/release/11/mms/1133998897/other,1F68.Y,,- - - - - Other specified hookworm diseases,- - - - - Autres maladies des ankylostomes,category,2,True,01,"=hyperlink(""https://icd.who.int/browse/latestrelease/mms/en#1133998897/mms/other"",""browser"")",True,True,BlockL1-1F4,BlockL2-1F6,BlockL3-1F6,,,,http://id.who.int/icd/entity/1133998897,
956,2026-01,,http://id.who.int/icd/release/11/mms/1133998897/unspecified,1F68.Z,,"- - - - - Hookworm diseases, unspecified","- - - - - Maladies des ankylostomes, sans précision",category,2,True,01,"=hyperlink(""https://icd.who.int/browse/latestrelease/mms/en#1133998897/mms/unspecified"",""browser"")",True,True,BlockL1-1F4,BlockL2-1F6,BlockL3-1F6,,,,http://id.who.int/icd/entity/1133998897,
957,2026-01,http://id.who.int/icd/entity/1664841973,http://id.who.int/icd/release/11/mms/1664841973,1F69,,- - - - Oesophagostomiasis,- - - - Œsophagostomiase,category,1,False,01,"=hyperlink(""https://icd.who.int/browse/latestrelease/mms/en#1664841973"",""browser"")",True,True,BlockL1-1F4,BlockL2-1F6,BlockL3-1F6,,,,http://id.who.int/icd/entity/574051646,
958,2026-01,http://id.who.int/icd/entity/106136071,http://id.who.int/icd/release/11/mms/106136071,1F6A,,- - - - Onchocerciasis,- - - - Onchocercose,category,1,False,01,"=hyperlink(""https://icd.who.int/browse/latestrelease/mms/en#106136071"",""browser"")",False,True,BlockL1-1F4,BlockL2-1F6,BlockL3-1F6,,,,http://id.who.int/icd/entity/574051646,
959,2026-01,http://id.who.int/icd/entity/125842620,http://id.who.int/icd/release/11/mms/125842620,1F6A.0,,- - - - - Onchocerciasis of the eye,- - - - - Onchocercose de l'œil,category,2,False,01,"=hyperlink(""https://icd.who.int/browse/latestrelease/mms/en#125842620"",""browser"")",True,True,BlockL1-1F4,BlockL2-1F6,BlockL3-1F6,,,,http://id.who.int/icd/entity/106136071,
960,2026-01,http://id.who.int/icd/entity/195163840,http://id.who.int/icd/release/11/mms/195163840,1F6A.1,,- - - - - Onchocerciasis of the skin,- - - - - Onchocercose de la peau,category,2,False,01,"=hyperlink(""https://icd.who.int/browse/latestrelease/mms/en#195163840"",""browser"")",True,True,BlockL1-1F4,BlockL2-1F6,BlockL3-1F6,,,,http://id.who.int/icd/entity/106136071,
961,2026-01,,http://id.who.int/icd/release/11/mms/106136071/other,1F6A.Y,,- - - - - Other specified onchocerciasis,- - - - - Autres onchocercose,category,2,True,01,"=hyperlink(""https://icd.who.int/browse/latestrelease/mms/en#106136071/mms/other"",""browser"")",True,True,BlockL1-1F4,BlockL2-1F6,BlockL3-1F6,,,,http://id.who.int/icd/entity/106136071,
962,2026-01,,http://id.who.int/icd/release/11/mms/106136071/unspecified,1F6A.Z,,"- - - - - Onchocerciasis, unspecified","- - - - - Onchocercose, sans précision",category,2,True,01,"=hyperlink(""https://icd.who.int/browse/latestrelease/mms/en#106136071/mms/unspecified"",""browser"")",True,True,BlockL1-1F4,BlockL2-1F6,BlockL3-1F6,,,,http://id.who.int/icd/entity/106136071,
963,2026-01,http://id.who.int/icd/entity/2088326190,http://id.who.int/icd/release/11/mms/2088326190,1F6B,,- - - - Strongyloidiasis,- - - - Anguillulose,category,1,False,01,"=hyperlink(""https://icd.who.int/browse/latestrelease/mms/en#2088326190"",""browser"")",True,True,BlockL1-1F4,BlockL2-1F6,BlockL3-1F6,,,,http://id.who.int/icd/entity/574051646,
964,2026-01,http://id.who.int/icd/entity/508835280,http://id.who.int/icd/release/11/mms/508835280,1F6C,,- - - - Syngamosis,- - - - Syngamose,category,1,False,01,"=hyperlink(""https://icd.who.int/browse/latestrelease/mms/en#508835280"",""browser"")",True,True,BlockL1-1F4,BlockL2-1F6,BlockL3-1F6,,,,http://id.who.int/icd/entity/574051646,
965,2026-01,http://id.who.int/icd/entity/1794729263,http://id.who.int/icd/release/11/mms/1794729263,1F6D,,- - - - Toxocariasis,- - - - Toxocarose,category,1,False,01,"=hyperlink(""https://icd.who.int/browse/latestrelease/mms/en#1794729263"",""browser"")",True,True,BlockL1-1F4,BlockL2-1F6,BlockL3-1F6,,,,http://id.who.int/icd/entity/574051646,
966,2026-01,http://id.who.int/icd/entity/284613639,http://id.who.int/icd/release/11/mms/284613639,1F6E,,- - - - Trichinosis,- - - - Trichinose,category,1,False,01,"=hyperlink(""https://icd.who.int/browse/latestrelease/mms/en#284613639"",""browser"")",True,True,BlockL1-1F4,BlockL2-1F6,BlockL3-1F6,,,,http://id.who.int/icd/entity/574051646,
967,2026-01,http://id.who.int/icd/entity/1717604603,http://id.who.int/icd/release/11/mms/1717604603,1F6F,,- - - - Trichostrongyliasis,- - - - Trichostrongylose,category,1,False,01,"=hyperlink(""https://icd.who.int/browse/latestrelease/mms/en#1717604603"",""browser"")",True,True,BlockL1-1F4,BlockL2-1F6,BlockL3-1F6,,,,http://id.who.int/icd/entity/574051646,
968,2026-01,http://id.who.int/icd/entity/422746556,http://id.who.int/icd/release/11/mms/422746556,1F6G,,- - - - Trichuriasis,- - - - Trichuriase,category,1,False,01,"=hyperlink(""https://icd.who.int/browse/latestrelease/mms/en#422746556"",""browser"")",True,True,BlockL1-1F4,BlockL2-1F6,BlockL3-1F6,,,,http://id.who.int/icd/entity/574051646,
969,2026-01,http://id.who.int/icd/entity/1430447638,http://id.who.int/icd/release/11/mms/1430447638,1F6H,,- - - - Uncinariosis,- - - - Uncinariose,category,1,False,01,"=hyperlink(""https://icd.who.int/browse/latestrelease/mms/en#1430447638"",""browser"")",True,True,BlockL1-1F4,BlockL2-1F6,BlockL3-1F6,,,,http://id.who.int/icd/entity/574051646,
970,2026-01,,http://id.who.int/icd/release/11/mms/574051646/other,1F6Y,,- - - - Other specified diseases due to nematodes,- - - - Autres maladies dues aux nématodes,category,1,True,01,"=hyperlink(""https://icd.who.int/browse/latestrelease/mms/en#574051646/mms/other"",""browser"")",True,True,BlockL1-1F4,BlockL2-1F6,BlockL3-1F6,,,,http://id.who.int/icd/entity/574051646,
971,2026-01,,http://id.who.int/icd/release/11/mms/574051646/unspecified,1F6Z,,"- - - - Diseases due to nematodes, unspecified","- - - - Maladies dues aux nématodes, sans précision",category,1,True,01,"=hyperlink(""https://icd.who.int/browse/latestrelease/mms/en#574051646/mms/unspecified"",""browser"")",True,True,BlockL1-1F4,BlockL2-1F6,BlockL3-1F6,,,,http://id.who.int/icd/entity/574051646,
972,2026-01,http://id.who.int/icd/entity/1193296631,http://id.who.int/icd/release/11/mms/1193296631,,BlockL3-1F7,- - - Diseases due to cestodes,- - - Maladies dues aux cestodes,block,3,False,01,"=hyperlink(""https://icd.who.int/browse/latestrelease/mms/en#1193296631"",""browser"")",False,,BlockL1-1F4,BlockL2-1F6,,,,,http://id.who.int/icd/entity/1786908147,
973,2026-01,http://id.who.int/icd/entity/1324863907,http://id.who.int/icd/release/11/mms/1324863907,1F70,,- - - - Cysticercosis,- - - - Cysticercose,category,1,False,01,"=hyperlink(""https://icd.who.int/browse/latestrelease/mms/en#1324863907"",""browser"")",False,True,BlockL1-1F4,BlockL2-1F6,BlockL3-1F7,,,,http://id.who.int/icd/entity/1193296631,
974,2026-01,http://id.who.int/icd/entity/487162814,http://id.who.int/icd/release/11/mms/487162814,1F70.0,,- - - - - Cysticercosis of central nervous system,- - - - - Cysticercose du système nerveux central,category,2,False,01,"=hyperlink(""https://icd.who.int/browse/latestrelease/mms/en#487162814"",""browser"")",False,True,BlockL1-1F4,BlockL2-1F6,BlockL3-1F7,,,,http://id.who.int/icd/entity/1324863907,
975,2026-01,http://id.who.int/icd/entity/501370275,http://id.who.int/icd/release/11/mms/501370275,1F70.00,,- - - - - - Meningitis due to Cysticercosis,- - - - - - Méningite due à cysticercose,category,3,False,01,"=hyperlink(""https://icd.who.int/browse/latestrelease/mms/en#501370275"",""browser"")",True,True,BlockL1-1F4,BlockL2-1F6,BlockL3-1F7,,,,http://id.who.int/icd/entity/487162814,
976,2026-01,,http://id.who.int/icd/release/11/mms/487162814/other,1F70.0Y,,- - - - - - Other specified cysticercosis of central nervous system,- - - - - - Autres cysticercose du système nerveux central,category,3,True,01,"=hyperlink(""https://icd.who.int/browse/latestrelease/mms/en#487162814/mms/other"",""browser"")",True,True,BlockL1-1F4,BlockL2-1F6,BlockL3-1F7,,,,http://id.who.int/icd/entity/487162814,
977,2026-01,,http://id.who.int/icd/release/11/mms/487162814/unspecified,1F70.0Z,,"- - - - - - Cysticercosis of central nervous system, unspecified","- - - - - - Cysticercose du système nerveux central, sans précision",category,3,True,01,"=hyperlink(""https://icd.who.int/browse/latestrelease/mms/en#487162814/mms/unspecified"",""browser"")",True,True,BlockL1-1F4,BlockL2-1F6,BlockL3-1F7,,,,http://id.who.int/icd/entity/487162814,
978,2026-01,http://id.who.int/icd/entity/2017611304,http://id.who.int/icd/release/11/mms/2017611304,1F70.1,,- - - - - Cysticercosis of eye,- - - - - Cysticercose de l'œil,category,2,False,01,"=hyperlink(""https://icd.who.int/browse/latestrelease/mms/en#2017611304"",""browser"")",True,True,BlockL1-1F4,BlockL2-1F6,BlockL3-1F7,,,,http://id.who.int/icd/entity/1324863907,
979,2026-01,,http://id.who.int/icd/release/11/mms/1324863907/other,1F70.Y,,- - - - - Other specified cysticercosis,- - - - - Autres cysticercose,category,2,True,01,"=hyperlink(""https://icd.who.int/browse/latestrelease/mms/en#1324863907/mms/other"",""browser"")",True,True,BlockL1-1F4,BlockL2-1F6,BlockL3-1F7,,,,http://id.who.int/icd/entity/1324863907,
980,2026-01,,http://id.who.int/icd/release/11/mms/1324863907/unspecified,1F70.Z,,"- - - - - Cysticercosis, unspecified","- - - - - Cysticercose, sans précision",category,2,True,01,"=hyperlink(""https://icd.who.int/browse/latestrelease/mms/en#1324863907/mms/unspecified"",""browser"")",True,True,BlockL1-1F4,BlockL2-1F6,BlockL3-1F7,,,,http://id.who.int/icd/entity/1324863907,
981,2026-01,http://id.who.int/icd/entity/1679215344,http://id.who.int/icd/release/11/mms/1679215344,1F71,,- - - - Diphyllobothriasis,- - - - Diphyllobothriose,category,1,False,01,"=hyperlink(""https://icd.who.int/browse/latestrelease/mms/en#1679215344"",""browser"")",True,True,BlockL1-1F4,BlockL2-1F6,BlockL3-1F7,,,,http://id.who.int/icd/entity/1193296631,
982,2026-01,http://id.who.int/icd/entity/497405925,http://id.who.int/icd/release/11/mms/497405925,1F72,,- - - - Dipylidiasis,- - - - Dipylidose,category,1,False,01,"=hyperlink(""https://icd.who.int/browse/latestrelease/mms/en#497405925"",""browser"")",True,True,BlockL1-1F4,BlockL2-1F6,BlockL3-1F7,,,,http://id.who.int/icd/entity/1193296631,
983,2026-01,http://id.who.int/icd/entity/1456802165,http://id.who.int/icd/release/11/mms/1456802165,1F73,,- - - - Echinococcosis,- - - - Échinococcose,category,1,False,01,"=hyperlink(""https://icd.who.int/browse/latestrelease/mms/en#1456802165"",""browser"")",False,True,BlockL1-1F4,BlockL2-1F6,BlockL3-1F7,,,,http://id.who.int/icd/entity/1193296631,
984,2026-01,http://id.who.int/icd/entity/295339888,http://id.who.int/icd/release/11/mms/295339888,1F73.0,,- - - - - Echinococcus infection of liver,- - - - - Infection hépatique à Echinococcus,category,2,False,01,"=hyperlink(""https://icd.who.int/browse/latestrelease/mms/en#295339888"",""browser"")",True,True,BlockL1-1F4,BlockL2-1F6,BlockL3-1F7,,,,http://id.who.int/icd/entity/1456802165,
985,2026-01,http://id.who.int/icd/entity/1339125651,http://id.who.int/icd/release/11/mms/1339125651,1F73.1,,- - - - - Echinococcus infection of lung,- - - - - Infection pulmonaire à Echinococcus,category,2,False,01,"=hyperlink(""https://icd.who.int/browse/latestrelease/mms/en#1339125651"",""browser"")",True,True,BlockL1-1F4,BlockL2-1F6,BlockL3-1F7,,,,http://id.who.int/icd/entity/1456802165,
986,2026-01,http://id.who.int/icd/entity/1899449819,http://id.who.int/icd/release/11/mms/1899449819,1F73.2,,- - - - - Echinococcus infection of bone,- - - - - Infection osseuse à Echinococcus,category,2,False,01,"=hyperlink(""https://icd.who.int/browse/latestrelease/mms/en#1899449819"",""browser"")",True,True,BlockL1-1F4,BlockL2-1F6,BlockL3-1F7,,,,http://id.who.int/icd/entity/1456802165,
987,2026-01,http://id.who.int/icd/entity/1359119769,http://id.who.int/icd/release/11/mms/1359119769,1F73.3,,- - - - - Echinococcus infection of central nervous system,- - - - - Infection à Echinococcusdu système nerveux central,category,2,False,01,"=hyperlink(""https://icd.who.int/browse/latestrelease/mms/en#1359119769"",""browser"")",True,True,BlockL1-1F4,BlockL2-1F6,BlockL3-1F7,,,,http://id.who.int/icd/entity/1456802165,
988,2026-01,,http://id.who.int/icd/release/11/mms/1456802165/other,1F73.Y,,- - - - - Other specified echinococcosis,- - - - - Autres échinococcoses précisées,category,2,True,01,"=hyperlink(""https://icd.who.int/browse/latestrelease/mms/en#1456802165/mms/other"",""browser"")",True,True,BlockL1-1F4,BlockL2-1F6,BlockL3-1F7,,,,http://id.who.int/icd/entity/1456802165,
989,2026-01,,http://id.who.int/icd/release/11/mms/1456802165/unspecified,1F73.Z,,"- - - - - Echinococcosis, unspecified","- - - - - Échinococcose, sans précision",category,2,True,01,"=hyperlink(""https://icd.who.int/browse/latestrelease/mms/en#1456802165/mms/unspecified"",""browser"")",True,True,BlockL1-1F4,BlockL2-1F6,BlockL3-1F7,,,,http://id.who.int/icd/entity/1456802165,
990,2026-01,http://id.who.int/icd/entity/2028864113,http://id.who.int/icd/release/11/mms/2028864113,1F74,,- - - - Hymenolepiasis,- - - - Hyménolépiase,category,1,False,01,"=hyperlink(""https://icd.who.int/browse/latestrelease/mms/en#2028864113"",""browser"")",True,True,BlockL1-1F4,BlockL2-1F6,BlockL3-1F7,,,,http://id.who.int/icd/entity/1193296631,
991,2026-01,http://id.who.int/icd/entity/22873958,http://id.who.int/icd/release/11/mms/22873958,1F75,,- - - - Sparganosis,- - - - Sparganose,category,1,False,01,"=hyperlink(""https://icd.who.int/browse/latestrelease/mms/en#22873958"",""browser"")",True,True,BlockL1-1F4,BlockL2-1F6,BlockL3-1F7,,,,http://id.who.int/icd/entity/1193296631,
992,2026-01,http://id.who.int/icd/entity/733748279,http://id.who.int/icd/release/11/mms/733748279,1F76,,- - - - Taeniasis,- - - - Tæniase,category,1,False,01,"=hyperlink(""https://icd.who.int/browse/latestrelease/mms/en#733748279"",""browser"")",False,True,BlockL1-1F4,BlockL2-1F6,BlockL3-1F7,,,,http://id.who.int/icd/entity/1193296631,
993,2026-01,http://id.who.int/icd/entity/32590653,http://id.who.int/icd/release/11/mms/32590653,1F76.0,,- - - - - Taeniasis due to Taenia solium,- - - - - Tæniase due à Tænia solium,category,2,False,01,"=hyperlink(""https://icd.who.int/browse/latestrelease/mms/en#32590653"",""browser"")",True,True,BlockL1-1F4,BlockL2-1F6,BlockL3-1F7,,,,http://id.who.int/icd/entity/733748279,
994,2026-01,http://id.who.int/icd/entity/1689945769,http://id.who.int/icd/release/11/mms/1689945769,1F76.1,,- - - - - Taeniasis due to Taenia saginata,- - - - - Tæniase due à Tænia saginata,category,2,False,01,"=hyperlink(""https://icd.who.int/browse/latestrelease/mms/en#1689945769"",""browser"")",True,True,BlockL1-1F4,BlockL2-1F6,BlockL3-1F7,,,,http://id.who.int/icd/entity/733748279,
995,2026-01,,http://id.who.int/icd/release/11/mms/733748279/other,1F76.Y,,- - - - - Other specified taeniasis,- - - - - Autres tæniases précisées,category,2,True,01,"=hyperlink(""https://icd.who.int/browse/latestrelease/mms/en#733748279/mms/other"",""browser"")",True,True,BlockL1-1F4,BlockL2-1F6,BlockL3-1F7,,,,http://id.who.int/icd/entity/733748279,
996,2026-01,,http://id.who.int/icd/release/11/mms/733748279/unspecified,1F76.Z,,"- - - - - Taeniasis, unspecified","- - - - - Tæniase, sans précision",category,2,True,01,"=hyperlink(""https://icd.who.int/browse/latestrelease/mms/en#733748279/mms/unspecified"",""browser"")",True,True,BlockL1-1F4,BlockL2-1F6,BlockL3-1F7,,,,http://id.who.int/icd/entity/733748279,
997,2026-01,,http://id.who.int/icd/release/11/mms/1193296631/other,1F7Y,,- - - - Other specified diseases due to cestodes,- - - - Autres maladies dues aux cestodes,category,1,True,01,"=hyperlink(""https://icd.who.int/browse/latestrelease/mms/en#1193296631/mms/other"",""browser"")",True,True,BlockL1-1F4,BlockL2-1F6,BlockL3-1F7,,,,http://id.who.int/icd/entity/1193296631,
998,2026-01,,http://id.who.int/icd/release/11/mms/1193296631/unspecified,1F7Z,,"- - - - Diseases due to cestodes, unspecified","- - - - Maladies dues aux cestodes, sans précision",category,1,True,01,"=hyperlink(""https://icd.who.int/browse/latestrelease/mms/en#1193296631/mms/unspecified"",""browser"")",True,True,BlockL1-1F4,BlockL2-1F6,BlockL3-1F7,,,,http://id.who.int/icd/entity/1193296631,
999,2026-01,http://id.who.int/icd/entity/234446094,http://id.who.int/icd/release/11/mms/234446094,,BlockL3-1F8,- - - Diseases due to trematodes,- - - Maladies dues aux trématodes,block,3,False,01,"=hyperlink(""https://icd.who.int/browse/latestrelease/mms/en#234446094"",""browser"")",False,,BlockL1-1F4,BlockL2-1F6,,,,,http://id.who.int/icd/entity/1786908147,
1000,2026-01,http://id.who.int/icd/entity/918986134,http://id.who.int/icd/release/11/mms/918986134,1F80,,- - - - Clonorchiasis,- - - - Clonorchiase,category,1,False,01,"=hyperlink(""https://icd.who.int/browse/latestrelease/mms/en#918986134"",""browser"")",True,True,BlockL1-1F4,BlockL2-1F6,BlockL3-1F8,,,,http://id.who.int/icd/entity/234446094,
1001,2026-01,http://id.who.int/icd/entity/1114361195,http://id.who.int/icd/release/11/mms/1114361195,1F81,,- - - - Dicrocoeliasis,- - - - Dicrocoeliose,category,1,False,01,"=hyperlink(""https://icd.who.int/browse/latestrelease/mms/en#1114361195"",""browser"")",True,True,BlockL1-1F4,BlockL2-1F6,BlockL3-1F8,,,,http://id.who.int/icd/entity/234446094,
1002,2026-01,http://id.who.int/icd/entity/656408831,http://id.who.int/icd/release/11/mms/656408831,1F82,,- - - - Fascioliasis,- - - - Fasciolose,category,1,False,01,"=hyperlink(""https://icd.who.int/browse/latestrelease/mms/en#656408831"",""browser"")",True,True,BlockL1-1F4,BlockL2-1F6,BlockL3-1F8,,,,http://id.who.int/icd/entity/234446094,
1003,2026-01,http://id.who.int/icd/entity/830824191,http://id.who.int/icd/release/11/mms/830824191,1F83,,- - - - Fasciolopsiasis,- - - - Fasciolopsiase,category,1,False,01,"=hyperlink(""https://icd.who.int/browse/latestrelease/mms/en#830824191"",""browser"")",True,True,BlockL1-1F4,BlockL2-1F6,BlockL3-1F8,,,,http://id.who.int/icd/entity/234446094,
1004,2026-01,http://id.who.int/icd/entity/1401769984,http://id.who.int/icd/release/11/mms/1401769984,1F84,,- - - - Opisthorchiasis,- - - - Opisthorchiase,category,1,False,01,"=hyperlink(""https://icd.who.int/browse/latestrelease/mms/en#1401769984"",""browser"")",True,True,BlockL1-1F4,BlockL2-1F6,BlockL3-1F8,,,,http://id.who.int/icd/entity/234446094,
1005,2026-01,http://id.who.int/icd/entity/1422824299,http://id.who.int/icd/release/11/mms/1422824299,1F85,,- - - - Paragonimiasis,- - - - Paragonimiase,category,1,False,01,"=hyperlink(""https://icd.who.int/browse/latestrelease/mms/en#1422824299"",""browser"")",True,True,BlockL1-1F4,BlockL2-1F6,BlockL3-1F8,,,,http://id.who.int/icd/entity/234446094,
1006,2026-01,http://id.who.int/icd/entity/1194562592,http://id.who.int/icd/release/11/mms/1194562592,1F86,,- - - - Schistosomiasis,- - - - Schistosomiase,category,1,False,01,"=hyperlink(""https://icd.who.int/browse/latestrelease/mms/en#1194562592"",""browser"")",False,True,BlockL1-1F4,BlockL2-1F6,BlockL3-1F8,,,,http://id.who.int/icd/entity/234446094,
1007,2026-01,http://id.who.int/icd/entity/1376448576,http://id.who.int/icd/release/11/mms/1376448576,1F86.0,,- - - - - Schistosomiasis due to Schistosoma haematobium,- - - - - Schistosomiase due à Schistosoma hæmatobium,category,2,False,01,"=hyperlink(""https://icd.who.int/browse/latestrelease/mms/en#1376448576"",""browser"")",True,True,BlockL1-1F4,BlockL2-1F6,BlockL3-1F8,,,,http://id.who.int/icd/entity/1194562592,
1008,2026-01,http://id.who.int/icd/entity/927022506,http://id.who.int/icd/release/11/mms/927022506,1F86.1,,- - - - - Schistosomiasis due to Schistosoma mansoni,- - - - - Schistosomiase due à Schistosoma mansoni,category,2,False,01,"=hyperlink(""https://icd.who.int/browse/latestrelease/mms/en#927022506"",""browser"")",True,True,BlockL1-1F4,BlockL2-1F6,BlockL3-1F8,,,,http://id.who.int/icd/entity/1194562592,
1009,2026-01,http://id.who.int/icd/entity/1139567957,http://id.who.int/icd/release/11/mms/1139567957,1F86.2,,- - - - - Schistosomiasis due to Schistosoma japonicum,- - - - - Schistosomiase due à Schistosoma japonicum,category,2,False,01,"=hyperlink(""https://icd.who.int/browse/latestrelease/mms/en#1139567957"",""browser"")",True,True,BlockL1-1F4,BlockL2-1F6,BlockL3-1F8,,,,http://id.who.int/icd/entity/1194562592,
1010,2026-01,http://id.who.int/icd/entity/1552774890,http://id.who.int/icd/release/11/mms/1552774890,1F86.3,,- - - - - Other schistosomiases,- - - - - Autres schistosomiases,category,2,False,01,"=hyperlink(""https://icd.who.int/browse/latestrelease/mms/en#1552774890"",""browser"")",True,True,BlockL1-1F4,BlockL2-1F6,BlockL3-1F8,,,,http://id.who.int/icd/entity/1194562592,
1011,2026-01,http://id.who.int/icd/entity/648519873,http://id.who.int/icd/release/11/mms/648519873,1F86.4,,- - - - - Cercarial dermatitis,- - - - - Dermatite cercarienne,category,2,False,01,"=hyperlink(""https://icd.who.int/browse/latestrelease/mms/en#648519873"",""browser"")",True,True,BlockL1-1F4,BlockL2-1F6,BlockL3-1F8,,,,http://id.who.int/icd/entity/1194562592,
1012,2026-01,http://id.who.int/icd/entity/1131395957,http://id.who.int/icd/release/11/mms/1131395957,1F86.5,,- - - - - Schistosomal pneumonitis,- - - - - Pneumopathie schistosomiale,category,2,False,01,"=hyperlink(""https://icd.who.int/browse/latestrelease/mms/en#1131395957"",""browser"")",True,True,BlockL1-1F4,BlockL2-1F6,BlockL3-1F8,,,,http://id.who.int/icd/entity/1194562592,
1013,2026-01,,http://id.who.int/icd/release/11/mms/1194562592/unspecified,1F86.Z,,- - - - - Schistosomiasis due to unspecified or unknown Schistosoma species,- - - - - Schitosomiase due à des espèces de schistosomes non précisées ou inconnues,category,2,True,01,"=hyperlink(""https://icd.who.int/browse/latestrelease/mms/en#1194562592/mms/unspecified"",""browser"")",True,True,BlockL1-1F4,BlockL2-1F6,BlockL3-1F8,,,,http://id.who.int/icd/entity/1194562592,
1014,2026-01,,http://id.who.int/icd/release/11/mms/234446094/other,1F8Y,,- - - - Other specified diseases due to trematodes,- - - - Autres maladies dues aux trématodes,category,1,True,01,"=hyperlink(""https://icd.who.int/browse/latestrelease/mms/en#234446094/mms/other"",""browser"")",True,True,BlockL1-1F4,BlockL2-1F6,BlockL3-1F8,,,,http://id.who.int/icd/entity/234446094,
1015,2026-01,,http://id.who.int/icd/release/11/mms/234446094/unspecified,1F8Z,,"- - - - Diseases due to trematodes, unspecified","- - - - Maladies dues aux trématodes, sans précision",category,1,True,01,"=hyperlink(""https://icd.who.int/browse/latestrelease/mms/en#234446094/mms/unspecified"",""browser"")",True,True,BlockL1-1F4,BlockL2-1F6,BlockL3-1F8,,,,http://id.who.int/icd/entity/234446094,
1016,2026-01,http://id.who.int/icd/entity/863306856,http://id.who.int/icd/release/11/mms/863306856,1F90,,- - - Other or unspecified infestation by parasitic worms,- - - Infestation autre ou non précisée par des vers parasites,category,1,False,01,"=hyperlink(""https://icd.who.int/browse/latestrelease/mms/en#863306856"",""browser"")",False,True,BlockL1-1F4,BlockL2-1F6,,,,,http://id.who.int/icd/entity/1786908147,
1017,2026-01,http://id.who.int/icd/entity/1892011771,http://id.who.int/icd/release/11/mms/1892011771,1F90.0,,- - - - Mixed intestinal helminthiases,- - - - Helminthiases intestinales mixtes,category,2,False,01,"=hyperlink(""https://icd.who.int/browse/latestrelease/mms/en#1892011771"",""browser"")",True,True,BlockL1-1F4,BlockL2-1F6,,,,,http://id.who.int/icd/entity/863306856,
1018,2026-01,http://id.who.int/icd/entity/500033260,http://id.who.int/icd/release/11/mms/500033260,1F90.1,,- - - - Intestinal parasitic infestation not otherwise specified,- - - - Infestation parasitaire intestinale sans autre indication,category,2,False,01,"=hyperlink(""https://icd.who.int/browse/latestrelease/mms/en#500033260"",""browser"")",True,True,BlockL1-1F4,BlockL2-1F6,,,,,http://id.who.int/icd/entity/863306856,
1019,2026-01,http://id.who.int/icd/entity/1979821488,http://id.who.int/icd/release/11/mms/1979821488,1F90.2,,"- - - - Intestinal helminthiasis, unspecified","- - - - Helminthiases intestinales, sans précision",category,2,False,01,"=hyperlink(""https://icd.who.int/browse/latestrelease/mms/en#1979821488"",""browser"")",True,True,BlockL1-1F4,BlockL2-1F6,,,,,http://id.who.int/icd/entity/863306856,
1020,2026-01,,http://id.who.int/icd/release/11/mms/863306856/other,1F90.Y,,- - - - Other specified infestation by parasitic worms,- - - - Autres infestations précisées par des vers parasites,category,2,True,01,"=hyperlink(""https://icd.who.int/browse/latestrelease/mms/en#863306856/mms/other"",""browser"")",True,True,BlockL1-1F4,BlockL2-1F6,,,,,http://id.who.int/icd/entity/863306856,
1021,2026-01,,http://id.who.int/icd/release/11/mms/863306856/unspecified,1F90.Z,,"- - - - Infestation by parasitic worms, unspecified","- - - - Infestations par des vers parasites, sans précision",category,2,True,01,"=hyperlink(""https://icd.who.int/browse/latestrelease/mms/en#863306856/mms/unspecified"",""browser"")",True,True,BlockL1-1F4,BlockL2-1F6,,,,,http://id.who.int/icd/entity/863306856,
1022,2026-01,http://id.who.int/icd/entity/1929302776,http://id.who.int/icd/release/11/mms/1929302776,1F91,,- - - Diphyllobothriasis and sparganosis,- - - Diphyllobothriase et sparganose,category,1,False,01,"=hyperlink(""https://icd.who.int/browse/latestrelease/mms/en#1929302776"",""browser"")",True,True,BlockL1-1F4,BlockL2-1F6,,,,,http://id.who.int/icd/entity/1786908147,
1023,2026-01,,http://id.who.int/icd/release/11/mms/1786908147/unspecified,1F9Z,,"- - - Helminthiases, unspecified","- - - Helminthiases, sans précision",category,1,True,01,"=hyperlink(""https://icd.who.int/browse/latestrelease/mms/en#1786908147/mms/unspecified"",""browser"")",True,True,BlockL1-1F4,BlockL2-1F6,,,,,http://id.who.int/icd/entity/1786908147,
1024,2026-01,http://id.who.int/icd/entity/793136270,http://id.who.int/icd/release/11/mms/793136270,,BlockL2-1G0,- - Infestations by ectoparasites,- - Infestations par des ectoparasites,block,2,False,01,"=hyperlink(""https://icd.who.int/browse/latestrelease/mms/en#793136270"",""browser"")",False,,BlockL1-1F4,,,,,,http://id.who.int/icd/entity/255141529,
1025,2026-01,http://id.who.int/icd/entity/1083938812,http://id.who.int/icd/release/11/mms/1083938812,1G00,,- - - Pediculosis,- - - Pédiculose,category,1,False,01,"=hyperlink(""https://icd.who.int/browse/latestrelease/mms/en#1083938812"",""browser"")",False,True,BlockL1-1F4,BlockL2-1G0,,,,,http://id.who.int/icd/entity/793136270,
1026,2026-01,http://id.who.int/icd/entity/1299766510,http://id.who.int/icd/release/11/mms/1299766510,1G00.0,,- - - - Pediculosis capitis,- - - - Pédiculose capitis,category,2,False,01,"=hyperlink(""https://icd.who.int/browse/latestrelease/mms/en#1299766510"",""browser"")",True,True,BlockL1-1F4,BlockL2-1G0,,,,,http://id.who.int/icd/entity/1083938812,
1027,2026-01,http://id.who.int/icd/entity/674435452,http://id.who.int/icd/release/11/mms/674435452,1G00.1,,- - - - Pediculosis corporis,- - - - Pédiculose corporis,category,2,False,01,"=hyperlink(""https://icd.who.int/browse/latestrelease/mms/en#674435452"",""browser"")",True,True,BlockL1-1F4,BlockL2-1G0,,,,,http://id.who.int/icd/entity/1083938812,
1028,2026-01,,http://id.who.int/icd/release/11/mms/1083938812/unspecified,1G00.Z,,- - - - Pediculosis of unspecified site or type,- - - - Pédiculose de localisation ou de type non précisé,category,2,True,01,"=hyperlink(""https://icd.who.int/browse/latestrelease/mms/en#1083938812/mms/unspecified"",""browser"")",True,True,BlockL1-1F4,BlockL2-1G0,,,,,http://id.who.int/icd/entity/1083938812,
1029,2026-01,http://id.who.int/icd/entity/1367149207,http://id.who.int/icd/release/11/mms/1367149207,1G01,,- - - Myiasis,- - - Myiase,category,1,False,01,"=hyperlink(""https://icd.who.int/browse/latestrelease/mms/en#1367149207"",""browser"")",False,True,BlockL1-1F4,BlockL2-1G0,,,,,http://id.who.int/icd/entity/793136270,
1030,2026-01,http://id.who.int/icd/entity/1105275196,http://id.who.int/icd/release/11/mms/1105275196,1G01.0,,- - - - Ocular myiasis,- - - - Myiase oculaire,category,2,False,01,"=hyperlink(""https://icd.who.int/browse/latestrelease/mms/en#1105275196"",""browser"")",True,True,BlockL1-1F4,BlockL2-1G0,,,,,http://id.who.int/icd/entity/1367149207,
1031,2026-01,http://id.who.int/icd/entity/615179438,http://id.who.int/icd/release/11/mms/615179438,1G01.1,,- - - - Nasopharyngeal myiasis,- - - - Myiase rhinopharyngée,category,2,False,01,"=hyperlink(""https://icd.who.int/browse/latestrelease/mms/en#615179438"",""browser"")",True,True,BlockL1-1F4,BlockL2-1G0,,,,,http://id.who.int/icd/entity/1367149207,
1032,2026-01,http://id.who.int/icd/entity/1171166323,http://id.who.int/icd/release/11/mms/1171166323,1G01.2,,- - - - Laryngeal myiasis,- - - - Myiase laryngée,category,2,False,01,"=hyperlink(""https://icd.who.int/browse/latestrelease/mms/en#1171166323"",""browser"")",True,True,BlockL1-1F4,BlockL2-1G0,,,,,http://id.who.int/icd/entity/1367149207,
1033,2026-01,http://id.who.int/icd/entity/1342682193,http://id.who.int/icd/release/11/mms/1342682193,1G01.3,,- - - - Cutaneous myiasis,- - - - Myiase cutanée,category,2,False,01,"=hyperlink(""https://icd.who.int/browse/latestrelease/mms/en#1342682193"",""browser"")",True,True,BlockL1-1F4,BlockL2-1G0,,,,,http://id.who.int/icd/entity/1367149207,
1034,2026-01,,http://id.who.int/icd/release/11/mms/1367149207/other,1G01.Y,,- - - - Other specified myiasis,- - - - Autres myiase,category,2,True,01,"=hyperlink(""https://icd.who.int/browse/latestrelease/mms/en#1367149207/mms/other"",""browser"")",True,True,BlockL1-1F4,BlockL2-1G0,,,,,http://id.who.int/icd/entity/1367149207,
1035,2026-01,,http://id.who.int/icd/release/11/mms/1367149207/unspecified,1G01.Z,,"- - - - Myiasis, unspecified","- - - - Myiase, sans précision",category,2,True,01,"=hyperlink(""https://icd.who.int/browse/latestrelease/mms/en#1367149207/mms/unspecified"",""browser"")",True,True,BlockL1-1F4,BlockL2-1G0,,,,,http://id.who.int/icd/entity/1367149207,
1036,2026-01,http://id.who.int/icd/entity/1781413652,http://id.who.int/icd/release/11/mms/1781413652,1G02,,- - - External hirudiniasis,- - - Hirudiniase externe,category,1,False,01,"=hyperlink(""https://icd.who.int/browse/latestrelease/mms/en#1781413652"",""browser"")",True,True,BlockL1-1F4,BlockL2-1G0,,,,,http://id.who.int/icd/entity/793136270,
1037,2026-01,http://id.who.int/icd/entity/970296337,http://id.who.int/icd/release/11/mms/970296337,1G03,,- - - Pthiriasis,- - - Phtiriase,category,1,False,01,"=hyperlink(""https://icd.who.int/browse/latestrelease/mms/en#970296337"",""browser"")",True,True,BlockL1-1F4,BlockL2-1G0,,,,,http://id.who.int/icd/entity/793136270,
1038,2026-01,http://id.who.int/icd/entity/876005123,http://id.who.int/icd/release/11/mms/876005123,1G04,,- - - Scabies,- - - Gale,category,1,False,01,"=hyperlink(""https://icd.who.int/browse/latestrelease/mms/en#876005123"",""browser"")",False,True,BlockL1-1F4,BlockL2-1G0,,,,,http://id.who.int/icd/entity/793136270,
1039,2026-01,http://id.who.int/icd/entity/1827301146,http://id.who.int/icd/release/11/mms/1827301146,1G04.0,,- - - - Classical scabies,- - - - Gale classique,category,2,False,01,"=hyperlink(""https://icd.who.int/browse/latestrelease/mms/en#1827301146"",""browser"")",True,True,BlockL1-1F4,BlockL2-1G0,,,,,http://id.who.int/icd/entity/876005123,
1040,2026-01,http://id.who.int/icd/entity/860564502,http://id.who.int/icd/release/11/mms/860564502,1G04.1,,- - - - Crusted scabies,- - - - Gale croûteuse,category,2,False,01,"=hyperlink(""https://icd.who.int/browse/latestrelease/mms/en#860564502"",""browser"")",True,True,BlockL1-1F4,BlockL2-1G0,,,,,http://id.who.int/icd/entity/876005123,
1041,2026-01,,http://id.who.int/icd/release/11/mms/876005123/other,1G04.Y,,- - - - Other specified scabies,- - - - Autres gales précisées,category,2,True,01,"=hyperlink(""https://icd.who.int/browse/latestrelease/mms/en#876005123/mms/other"",""browser"")",True,True,BlockL1-1F4,BlockL2-1G0,,,,,http://id.who.int/icd/entity/876005123,
1042,2026-01,,http://id.who.int/icd/release/11/mms/876005123/unspecified,1G04.Z,,"- - - - Scabies, unspecified","- - - - Gale, sans précision",category,2,True,01,"=hyperlink(""https://icd.who.int/browse/latestrelease/mms/en#876005123/mms/unspecified"",""browser"")",True,True,BlockL1-1F4,BlockL2-1G0,,,,,http://id.who.int/icd/entity/876005123,
1043,2026-01,http://id.who.int/icd/entity/2076748409,http://id.who.int/icd/release/11/mms/2076748409,1G05,,- - - Tungiasis,- - - Tungose,category,1,False,01,"=hyperlink(""https://icd.who.int/browse/latestrelease/mms/en#2076748409"",""browser"")",True,True,BlockL1-1F4,BlockL2-1G0,,,,,http://id.who.int/icd/entity/793136270,
1044,2026-01,http://id.who.int/icd/entity/1743601322,http://id.who.int/icd/release/11/mms/1743601322,1G06,,- - - Cimicosis,- - - Cimicose,category,1,False,01,"=hyperlink(""https://icd.who.int/browse/latestrelease/mms/en#1743601322"",""browser"")",True,True,BlockL1-1F4,BlockL2-1G0,,,,,http://id.who.int/icd/entity/793136270,
1045,2026-01,http://id.who.int/icd/entity/1747531460,http://id.who.int/icd/release/11/mms/1747531460,1G07,,- - - Infestation by mites,- - - Infestation par les acariens,category,1,False,01,"=hyperlink(""https://icd.who.int/browse/latestrelease/mms/en#1747531460"",""browser"")",False,True,BlockL1-1F4,BlockL2-1G0,,,,,http://id.who.int/icd/entity/793136270,
1046,2026-01,http://id.who.int/icd/entity/1473144548,http://id.who.int/icd/release/11/mms/1473144548,1G07.0,,- - - - Infestation by Demodex,- - - - Infestation par Demodex,category,2,False,01,"=hyperlink(""https://icd.who.int/browse/latestrelease/mms/en#1473144548"",""browser"")",True,True,BlockL1-1F4,BlockL2-1G0,,,,,http://id.who.int/icd/entity/1747531460,
1047,2026-01,,http://id.who.int/icd/release/11/mms/1747531460/other,1G07.Y,,- - - - Infestation of the skin by other specified parasitic mites,- - - - Infestations cutanées par d'autres acariens parasites précisés,category,2,True,01,"=hyperlink(""https://icd.who.int/browse/latestrelease/mms/en#1747531460/mms/other"",""browser"")",True,True,BlockL1-1F4,BlockL2-1G0,,,,,http://id.who.int/icd/entity/1747531460,
1048,2026-01,,http://id.who.int/icd/release/11/mms/1747531460/unspecified,1G07.Z,,- - - - Infestation of the skin by unspecified parasitic mites,"- - - - Infestations cutanées par des acariens parasites, sans précision",category,2,True,01,"=hyperlink(""https://icd.who.int/browse/latestrelease/mms/en#1747531460/mms/unspecified"",""browser"")",True,True,BlockL1-1F4,BlockL2-1G0,,,,,http://id.who.int/icd/entity/1747531460,
1049,2026-01,,http://id.who.int/icd/release/11/mms/793136270/other,1G0Y,,- - - Infestation by other specified ectoparasite,- - - Infestations par d'autres ectoparasites précisés,category,1,True,01,"=hyperlink(""https://icd.who.int/browse/latestrelease/mms/en#793136270/mms/other"",""browser"")",True,True,BlockL1-1F4,BlockL2-1G0,,,,,http://id.who.int/icd/entity/793136270,
1050,2026-01,,http://id.who.int/icd/release/11/mms/793136270/unspecified,1G0Z,,- - - Infestation by unknown or unspecified ectoparasite,- - - Infestation par des ectoparasites inconnus ou non précisés,category,1,True,01,"=hyperlink(""https://icd.who.int/browse/latestrelease/mms/en#793136270/mms/unspecified"",""browser"")",True,True,BlockL1-1F4,BlockL2-1G0,,,,,http://id.who.int/icd/entity/793136270,
1051,2026-01,,http://id.who.int/icd/release/11/mms/255141529/other,1G2Y,,- - Other specified parasitic diseases,- - Autres maladies parasitaires,category,1,True,01,"=hyperlink(""https://icd.who.int/browse/latestrelease/mms/en#255141529/mms/other"",""browser"")",True,True,BlockL1-1F4,,,,,,http://id.who.int/icd/entity/255141529,
1052,2026-01,,http://id.who.int/icd/release/11/mms/255141529/unspecified,1G2Z,,- - Unspecified parasitic diseases,"- - Maladies parasitaires, sans précision",category,1,True,01,"=hyperlink(""https://icd.who.int/browse/latestrelease/mms/en#255141529/mms/unspecified"",""browser"")",True,True,BlockL1-1F4,,,,,,http://id.who.int/icd/entity/255141529,
1053,2026-01,http://id.who.int/icd/entity/293771399,http://id.who.int/icd/release/11/mms/293771399,,BlockL1-1G4,- Sepsis,- Sepsis,block,1,False,01,"=hyperlink(""https://icd.who.int/browse/latestrelease/mms/en#293771399"",""browser"")",False,,,,,,,"Tout type d'infection -bactérienne, virale, fongique ou protozoaire-, peut provoquer un sepsis et doit également être codé. Lorsque le site de l'infection est inconnu, sélectionner un code pour Infection de site non précisé par organisme suivi du code adéquat pour le sepsis.",http://id.who.int/icd/entity/1435254666,
1054,2026-01,http://id.who.int/icd/entity/622600769,http://id.who.int/icd/release/11/mms/622600769,1G40,,- - Sepsis without septic shock,- - Sepsis sans choc septique,category,1,False,01,"=hyperlink(""https://icd.who.int/browse/latestrelease/mms/en#622600769"",""browser"")",True,False,BlockL1-1G4,,,,,"Tout type d'infection -bactérienne, virale, fongique ou protozoaire-, peut provoquer un sepsis et doit également être codé. Lorsque le site de l'infection est inconnu, sélectionner un code pour Infection de site non précisé par organisme suivi du code adéquat pour le sepsis.",http://id.who.int/icd/entity/293771399,
1055,2026-01,http://id.who.int/icd/entity/1683090852,http://id.who.int/icd/release/11/mms/1683090852,1G41,,- - Sepsis with septic shock,- - Sepsis avec choc septique,category,1,False,01,"=hyperlink(""https://icd.who.int/browse/latestrelease/mms/en#1683090852"",""browser"")",True,False,BlockL1-1G4,,,,,"Tout type d'infection -bactérienne, virale, fongique ou protozoaire-, peut provoquer un sepsis et doit également être codé. Lorsque le site de l'infection est inconnu, sélectionner un code pour Infection de site non précisé par organisme suivi du code adéquat pour le sepsis.",http://id.who.int/icd/entity/293771399,
1056,2026-01,http://id.who.int/icd/entity/1760597414,http://id.who.int/icd/release/11/mms/1760597414,1G60,,- Certain other disorders of infectious origin,- Certains autres troubles d'origine infectieuse,category,1,False,01,"=hyperlink(""https://icd.who.int/browse/latestrelease/mms/en#1760597414"",""browser"")",False,True,,,,,,,http://id.who.int/icd/entity/1435254666,
1057,2026-01,http://id.who.int/icd/entity/111175353,http://id.who.int/icd/release/11/mms/111175353,1G60.0,,- - Mycetoma of unknown or unspecified type,- - Mycétome de type inconnu ou non précisé,category,2,False,01,"=hyperlink(""https://icd.who.int/browse/latestrelease/mms/en#111175353"",""browser"")",True,True,,,,,,,http://id.who.int/icd/entity/1760597414,
1058,2026-01,http://id.who.int/icd/entity/1571230529,http://id.who.int/icd/release/11/mms/1571230529,1G60.1,,- - Pythiosis,- - Pythiose,category,2,False,01,"=hyperlink(""https://icd.who.int/browse/latestrelease/mms/en#1571230529"",""browser"")",True,True,,,,,,,http://id.who.int/icd/entity/1760597414,
1059,2026-01,http://id.who.int/icd/entity/2034403589,http://id.who.int/icd/release/11/mms/2034403589,1G60.2,,- - Protothecosis,- - Protothécose,category,2,False,01,"=hyperlink(""https://icd.who.int/browse/latestrelease/mms/en#2034403589"",""browser"")",True,True,,,,,,,http://id.who.int/icd/entity/1760597414,
1060,2026-01,http://id.who.int/icd/entity/304536394,http://id.who.int/icd/release/11/mms/304536394,1G60.3,,- - Infection of peripheral nervous system,- - Infection du système nerveux périphérique,category,2,False,01,"=hyperlink(""https://icd.who.int/browse/latestrelease/mms/en#304536394"",""browser"")",True,True,,,,,,,http://id.who.int/icd/entity/1760597414,
1061,2026-01,,http://id.who.int/icd/release/11/mms/1760597414/other,1G60.Y,,- - Other specified disorders of infectious origin not elsewhere classified,"- - Autres troubles précisés d'origine infectieuse, non classée ailleurs",category,2,True,01,"=hyperlink(""https://icd.who.int/browse/latestrelease/mms/en#1760597414/mms/other"",""browser"")",True,True,,,,,,,http://id.who.int/icd/entity/1760597414,
1062,2026-01,http://id.who.int/icd/entity/458687859,http://id.who.int/icd/release/11/mms/458687859,,BlockL1-1G8,- Sequelae of infectious diseases,- Séquelles de maladies infectieuses,block,1,False,01,"=hyperlink(""https://icd.who.int/browse/latestrelease/mms/en#458687859"",""browser"")",False,,,,,,,,http://id.who.int/icd/entity/1435254666,
1063,2026-01,http://id.who.int/icd/entity/1968623900,http://id.who.int/icd/release/11/mms/1968623900,1G80,,- - Sequelae of tuberculosis,- - Séquelles de tuberculose,category,1,False,01,"=hyperlink(""https://icd.who.int/browse/latestrelease/mms/en#1968623900"",""browser"")",True,True,BlockL1-1G8,,,,,,http://id.who.int/icd/entity/458687859,
1064,2026-01,http://id.who.int/icd/entity/1100625760,http://id.who.int/icd/release/11/mms/1100625760,1G81,,- - Sequelae of trachoma,- - Séquelles de trachome,category,1,False,01,"=hyperlink(""https://icd.who.int/browse/latestrelease/mms/en#1100625760"",""browser"")",True,True,BlockL1-1G8,,,,,,http://id.who.int/icd/entity/458687859,
1065,2026-01,http://id.who.int/icd/entity/1689275505,http://id.who.int/icd/release/11/mms/1689275505,1G82,,- - Sequelae of leprosy,- - Séquelles de lèpre,category,1,False,01,"=hyperlink(""https://icd.who.int/browse/latestrelease/mms/en#1689275505"",""browser"")",True,True,BlockL1-1G8,,,,,,http://id.who.int/icd/entity/458687859,
1066,2026-01,http://id.who.int/icd/entity/270343310,http://id.who.int/icd/release/11/mms/270343310,1G83,,- - Sequelae of poliomyelitis,- - Séquelles de poliomyélite,category,1,False,01,"=hyperlink(""https://icd.who.int/browse/latestrelease/mms/en#270343310"",""browser"")",True,True,BlockL1-1G8,,,,,,http://id.who.int/icd/entity/458687859,
1067,2026-01,http://id.who.int/icd/entity/617741002,http://id.who.int/icd/release/11/mms/617741002,1G84,,- - Sequelae of viral encephalitis,- - Séquelles d'encéphalite virale,category,1,False,01,"=hyperlink(""https://icd.who.int/browse/latestrelease/mms/en#617741002"",""browser"")",True,True,BlockL1-1G8,,,,,,http://id.who.int/icd/entity/458687859,
1068,2026-01,http://id.who.int/icd/entity/456774323,http://id.who.int/icd/release/11/mms/456774323,1G85,,- - Sequelae of diphtheria,- - Séquelles de diphtérie,category,1,False,01,"=hyperlink(""https://icd.who.int/browse/latestrelease/mms/en#456774323"",""browser"")",True,True,BlockL1-1G8,,,,,,http://id.who.int/icd/entity/458687859,
1069,2026-01,,http://id.who.int/icd/release/11/mms/458687859/other,1G8Y,,- - Sequelae of other specified infectious diseases,- - Séquelles d'autres maladies infectieuses précisées,category,1,True,01,"=hyperlink(""https://icd.who.int/browse/latestrelease/mms/en#458687859/mms/other"",""browser"")",True,True,BlockL1-1G8,,,,,,http://id.who.int/icd/entity/458687859,
1070,2026-01,,http://id.who.int/icd/release/11/mms/458687859/unspecified,1G8Z,,- - Sequelae of unspecified infectious diseases,"- - Séquelles de maladies infectieuses, sans précision",category,1,True,01,"=hyperlink(""https://icd.who.int/browse/latestrelease/mms/en#458687859/mms/unspecified"",""browser"")",True,True,BlockL1-1G8,,,,,,http://id.who.int/icd/entity/458687859,
1071,2026-01,,http://id.who.int/icd/release/11/mms/1435254666/unspecified,1H0Z,,"- Infection, unspecified","- Infection, sans précision",category,1,True,01,"=hyperlink(""https://icd.who.int/browse/latestrelease/mms/en#1435254666/mms/unspecified"",""browser"")",True,True,,,,,,,http://id.who.int/icd/entity/1435254666,
